Product_Line,PIM_Attribute_ID,PIM_Attribute_Name,PrimaryHierarchy_Code,PrimaryHierarchy_Name,ClassificationCategory_Code,ClassificationCategory_Name,Comments
Apparel ,storyname,Story Name,MPH1110,Women's Apparel,apparelCC,apparelClassifyingCategory,
Apparel ,womencasualbottomwearjeanslowersize,Size,MPH1110101102,Jeans,womencasualbottomwearjeanslowersizeCC,womencasualbottomwearjeanslowersizeClassifyingCategory,
Apparel ,womencasualtopwearsleeve,Sleeve,MPH1110101105,Sweatshirts and hoodies,womencasualtopwearsleeveCC,womencasualtopwearsleeveClassifyingCategory,
Apparel ,womencasualtopwearsleeve,Sleeve,MPH1110101107,Casual jackets and blazers,womencasualtopwearsleeveCC,womencasualtopwearsleeveClassifyingCategory,
Apparel ,womenpattern,Pattern,MPH1110101109,Casual dresses,womenpatternCC,womenpatternClassifyingCategory,
Apparel ,womenpattern,Pattern,MPH1110101110,Shrugs and cardigans,womenpatternCC,womenpatternClassifyingCategory,
Apparel ,womencasualbottomwearjeanslowersize,Size,MPH1110101111,Skirts,womencasualbottomwearjeanslowersizeCC,womencasualbottomwearjeanslowersizeClassifyingCategory,
Apparel ,dresslength,Dress Length,MPH1110101114,Jump suits,dresslengthCC,dresslengthClassifyingCategory,
Apparel ,womenpattern,Pattern,MPH1110102100,Formal shirt,womenpatternCC,womenpatternClassifyingCategory,
Apparel ,womenpattern,Pattern,MPH1110102103,Formal coats jackets,womenpatternCC,womenpatternClassifyingCategory,
Apparel ,womentopwearfit,Fit,MPH1110102104,Formal dress,womentopwearfitCC,womentopwearfitClassifyingCategory,
Apparel ,womencasualtopwearsize,Size,MPH1110103100,Maternity Day Wear,womencasualtopwearsizeCC,womencasualtopwearsizeClassifyingCategory,
Apparel ,womentopwearfit,Fit,MPH1110103100,Maternity Day Wear,womentopwearfitCC,womentopwearfitClassifyingCategory,
Apparel ,womencasualtopwearsleeve,Sleeve,MPH1110103100,Maternity Day Wear,womencasualtopwearsleeveCC,womencasualtopwearsleeveClassifyingCategory,
Apparel ,tshirttype,Tshirt Type,MPH1110104100,Sports tshirt,tshirttypeCC,tshirttypeClassifyingCategory,
Apparel ,wiring,Wiring,MPH1110105100,Bras & Bra Sets,wiringCC,wiringClassifyingCategory,
Apparel ,wiring,Wiring,MPH1110105101,Camisoles & Camisole Sets,wiringCC,wiringClassifyingCategory,
Apparel ,wiring,Wiring,MPH1110105103,Corsets & Bustier,wiringCC,wiringClassifyingCategory,
Apparel ,womeninnerwearbrasize,Size,MPH1110105105,Gowns,womeninnerwearbrasizeCC,womeninnerwearbrasizeClassifyingCategory,
Apparel ,womeninnerwearbriefsize,Size,MPH1110105106,Panties,womeninnerwearbriefsizeCC,womeninnerwearbriefsizeClassifyingCategory,
Apparel ,bratype,Bra Type,MPH1110105107,Intimate wear,bratypeCC,bratypeClassifyingCategory,
Apparel ,sleepwearcoverage,Length,MPH1110105107,Intimate wear,sleepwearcoverageCC,sleepwearcoverageClassifyingCategory,
Apparel ,bratype,Bra Type,MPH1110105109,Shapewear,bratypeCC,bratypeClassifyingCategory,
Apparel ,womeninnerwearbrasize,Size,MPH1110105109,Shapewear,womeninnerwearbrasizeCC,womeninnerwearbrasizeClassifyingCategory,
Apparel ,stylecode,Style Code,MPH1111,Men's Apparel,apparelCC,apparelClassifyingCategory,
Apparel ,fabricapparel,Fabric,MPH1111,Men's Apparel,apparelCC,apparelClassifyingCategory,
Apparel ,menformalsetsuitcollarneck,Neck/Collar,MPH1111100102,Formal suits,menformalsetsuitcollarneckCC,menformalsetsuitcollarneckClassifyingCategory,
Apparel ,mensetcontents,Set Contents,MPH1111100102,Formal suits,mensetcontentsCC,mensetcontentsClassifyingCategory,
Apparel ,brandfitname,Brand Fit Name,MPH1111101100,T-Shirts,brandfitnameCC,brandfitnameClassifyingCategory,
Apparel ,brandfitname,Brand Fit Name,MPH1111101101,casual shirts,brandfitnameCC,brandfitnameClassifyingCategory,
Apparel ,brandfitname,Brand Fit Name,MPH1111101102,Jeans,brandfitnameCC,brandfitnameClassifyingCategory,
Apparel ,mencasualbottomwearsize,Size,MPH1111101104,Shorts,mencasualbottomwearsizeCC,mencasualbottomwearsizeClassifyingCategory,
Apparel ,mencasualtopwearsize,Size,MPH1111101106,Sweaters,mencasualtopwearsizeCC,mencasualtopwearsizeClassifyingCategory,
Apparel ,mencasualtopwearsize,Size,MPH1111101107,Casual Jackets,mencasualtopwearsizeCC,mencasualtopwearsizeClassifyingCategory,
Apparel ,brandfitname,Brand Fit Name,MPH1111101108,Track pants,brandfitnameCC,brandfitnameClassifyingCategory,
Apparel ,fitbottomwearmen,Fit,MPH1111102101,Sports shorts,fitbottomwearmenCC,fitbottomwearmenClassifyingCategory,
Apparel ,fittopwearmen,Fit,MPH1111103100,Kurta,fittopwearmenCC,fittopwearmenClassifyingCategory,
Apparel ,menethinicweartopwearsize,Size,MPH1111103104,Ethnic headgear,menethinicweartopwearsizeCC,menethinicweartopwearsizeClassifyingCategory,
Apparel ,mensleeve,Sleeve,MPH1111103104,Ethnic headgear,mensleeveCC,mensleeveClassifyingCategory,
Apparel ,waistrise,Waist Rise,MPH1111104101,Trunks,waistriseCC,waistriseClassifyingCategory,
Apparel ,meninnerwearsize,Size,MPH1111104102,Boxers,meninnerwearsizeCC,meninnerwearsizeClassifyingCategory,
Apparel ,meninnerwearcollarneck,Neck/Collar,MPH1111104103,Vests,meninnerwearcollarneckCC,meninnerwearcollarneckClassifyingCategory,
Apparel ,unisexapparel,Unisex,MPH1110,Women's Apparel,apparelCC,apparelClassifyingCategory,
Apparel ,occasion,Occasion,MPH1110,Women's Apparel,apparelCC,apparelClassifyingCategory,
Apparel ,womenethinicweartopwearsize,Size,MPH1110100101,Kurta & kurtis,womenethinicweartopwearsizeCC,womenethinicweartopwearsizeClassifyingCategory,
Apparel ,collectionapparel,Collection,MPH1110100101,Kurta & kurtis,collectionapparelCC,collectionapparelClassifyingCategory,
Apparel ,womenethinictopwearpattern,Pattern,MPH1110100103,Dress material,womenethinictopwearpatternCC,womenethinictopwearpatternClassifyingCategory,
Apparel ,womenethinicwearbottomwearsize,Size,MPH1110100104,Ethnic bottom ,womenethinicwearbottomwearsizeCC,womenethinicwearbottomwearsizeClassifyingCategory,
Apparel ,womenfabric,Fabric Family,MPH1110101,Women's Western Wear,womenfabricCC,womenfabricClassifyingCategory,
Apparel ,womencasualtopwearneckcollar,Neck/Collar,MPH1110101100,Tops and tees,womencasualtopwearneckcollarCC,womencasualtopwearneckcollarClassifyingCategory,
Apparel ,trousertype,Trouser Type,MPH1110101103,Casual trousers,trousertypeCC,trousertypeClassifyingCategory,
Apparel ,waistrise,Waist Rise,MPH1110101104,Shorts,waistriseCC,waistriseClassifyingCategory,
Apparel ,tshirttype,Tshirt Type,MPH1110101105,Sweatshirts and hoodies,tshirttypeCC,tshirttypeClassifyingCategory,
Apparel ,womenpattern,Pattern,MPH1110101106,Sweaters,womenpatternCC,womenpatternClassifyingCategory,
Apparel ,womenpattern,Pattern,MPH1110101107,Casual jackets and blazers,womenpatternCC,womenpatternClassifyingCategory,
Apparel ,womentopwearfit,Fit,MPH1110101107,Casual jackets and blazers,womentopwearfitCC,womentopwearfitClassifyingCategory,
Apparel ,womenbottomwearfit,Fit,MPH1110101113,Leggings & Jeggings,womenbottomwearfitCC,womenbottomwearfitClassifyingCategory,
Apparel ,womencasualdressjumpersleeve,Sleeve,MPH1110101114,Jump suits,womencasualdressjumpersleeveCC,womencasualdressjumpersleeveClassifyingCategory,
Apparel ,brandfitname,Brand Fit Name,MPH1110102,Women Formal,brandfitnameCC,brandfitnameClassifyingCategory,
Apparel ,womenbottomwearfit,Fit,MPH1110102101,Formal trousers,womenbottomwearfitCC,womenbottomwearfitClassifyingCategory,
Apparel ,womentopwearfit,Fit,MPH1110102103,Formal coats jackets,womentopwearfitCC,womentopwearfitClassifyingCategory,
Apparel ,womenfabric,Fabric Family,MPH1110103,Women Maternity,womenfabricCC,womenfabricClassifyingCategory,
Apparel ,bracoverage,Coverage,MPH1110103101,Maternity Lingerie,bracoverageCC,bracoverageClassifyingCategory,
Apparel ,womenethinictopwearneckcollar,Neck/Collar,MPH1110104100,Sports tshirt,womenethinictopwearneckcollarCC,womenethinictopwearneckcollarClassifyingCategory,
Apparel ,womencasualtopwearsize,Size,MPH1110104103,Sports jackets,womencasualtopwearsizeCC,womencasualtopwearsizeClassifyingCategory,
Apparel ,womenformalbottomwearsize,Size,MPH1110104104,Track pants,womenformalbottomwearsizeCC,womenformalbottomwearsizeClassifyingCategory,
Apparel ,womenbriefpattern,Pattern,MPH1110104105,Swimwear,womenbriefpatternCC,womenbriefpatternClassifyingCategory,
Apparel ,womeninnerwearbrasize,Size,MPH1110105100,Bras & Bra Sets,womeninnerwearbrasizeCC,womeninnerwearbrasizeClassifyingCategory,
Apparel ,womenbrapattern,Pattern,MPH1110105100,Bras & Bra Sets,womenbrapatternCC,womenbrapatternClassifyingCategory,
Apparel ,womenbriefpattern,Pattern,MPH1110105100,Bras & Bra Sets,womenbriefpatternCC,womenbriefpatternClassifyingCategory,
Apparel ,bracoverage,Coverage,MPH1110105103,Corsets & Bustier,bracoverageCC,bracoverageClassifyingCategory,
Apparel ,womenbriefpattern,Pattern,MPH1110105106,Panties,womenbriefpatternCC,womenbriefpatternClassifyingCategory,
Apparel ,womeninnerwearbrasize,Size,MPH1110105108,Stockings &Tights,womeninnerwearbrasizeCC,womeninnerwearbrasizeClassifyingCategory,
Apparel ,menfabric,Fabric Family,MPH1111,Men's Apparel,menfabricCC,menfabricClassifyingCategory,
Apparel ,storyname,Story Name,MPH1111,Men's Apparel,apparelCC,apparelClassifyingCategory,
Apparel ,stylenote,Style Note,MPH1111,Men's Apparel,apparelCC,apparelClassifyingCategory,
Apparel ,mensleeve,Sleeve,MPH1111100100,Formal shirt,mensleeveCC,mensleeveClassifyingCategory,
Apparel ,waistrise,Waist Rise,MPH1111100101,Formal trousers,waistriseCC,waistriseClassifyingCategory,
Apparel ,fitbottomwearmen,Fit,MPH1111100101,Formal trousers,fitbottomwearmenCC,fitbottomwearmenClassifyingCategory,
Apparel ,tshirttype,Tshirt Type,MPH1111101101,casual shirts,tshirttypeCC,tshirttypeClassifyingCategory,
Apparel ,mencasualtopwearsize,Size,MPH1111101101,casual shirts,mencasualtopwearsizeCC,mencasualtopwearsizeClassifyingCategory,
Apparel ,fitbottomwearmen,Fit,MPH1111101102,Jeans,fitbottomwearmenCC,fitbottomwearmenClassifyingCategory,
Apparel ,trousertype,Trouser Type,MPH1111101103,Casual trousers,trousertypeCC,trousertypeClassifyingCategory,
Apparel ,mensleeve,Sleeve,MPH1111101107,Casual Jackets,mensleeveCC,mensleeveClassifyingCategory,
Apparel ,mencasualtopwearsize,Size,MPH1111102100,Sports tshirt,mencasualtopwearsizeCC,mencasualtopwearsizeClassifyingCategory,
Apparel ,waistrise,Waist Rise,MPH1111102101,Sports shorts,waistriseCC,waistriseClassifyingCategory,
Apparel ,mencasualwearsetsize,Size,MPH1111102102,Sports sets,mencasualwearsetsizeCC,mencasualwearsetsizeClassifyingCategory,
Apparel ,mencasualtopwearcollarneck,Neck/Collar,MPH1111102103,Sports jackets,mencasualtopwearcollarneckCC,mencasualtopwearcollarneckClassifyingCategory,
Apparel ,mensleeve,Sleeve,MPH1111102103,Sports jackets,mensleeveCC,mensleeveClassifyingCategory,
Apparel ,fitbottomwearmen,Fit,MPH1111103102,Bottomwear,fitbottomwearmenCC,fitbottomwearmenClassifyingCategory,
Apparel ,fittopwearmen,Fit,MPH1111103104,Ethnic headgear,fittopwearmenCC,fittopwearmenClassifyingCategory,
Apparel ,washcare,Wash Care,MPH1111104,Mens Innerwear and sleepwear,washcareCC,washcareClassifyingCategory,
Apparel ,meninnerwearsize,Size,MPH1111104103,Vests,meninnerwearsizeCC,meninnerwearsizeClassifyingCategory,
Apparel ,waistrise,Waist Rise,MPH1111104105,Swimwear,waistriseCC,waistriseClassifyingCategory,
Apparel ,meninnerwearcollarneck,Neck/Collar,MPH1111104105,Swimwear,meninnerwearcollarneckCC,meninnerwearcollarneckClassifyingCategory,
Apparel ,sockusage,Usage,MPH1111105,Socks,sockusageCC,sockusageClassifyingCategory,
Apparel ,sizechart,Size chart,MPH1110,Women's Apparel,sizechartCC,sizechartClassifyingCategory,
Apparel ,womenethinicweartopwearsize,Size,MPH1110100100,Sarees,womenethinicweartopwearsizeCC,womenethinicweartopwearsizeClassifyingCategory,
Apparel ,others2apparel,Others 2,MPH1110100101,Kurta & kurtis,others2apparelCC,others2apparelClassifyingCategory,
Apparel ,pocketapparel,Pocket,MPH1110100101,Kurta & kurtis,pocketapparelCC,pocketapparelClassifyingCategory,
Apparel ,womenethinicweartopwearsize,Size,MPH1110100102,Suit Sets,womenethinicweartopwearsizeCC,womenethinicweartopwearsizeClassifyingCategory,
Apparel ,womenethinictopwearneckcollar,Neck/Collar,MPH1110100102,Suit Sets,womenethinictopwearneckcollarCC,womenethinictopwearneckcollarClassifyingCategory,
Apparel ,womensetcontents,Set Contents,MPH1110100102,Suit Sets,womensetcontentsCC,womensetcontentsClassifyingCategory,
Apparel ,womentopwearfit,Fit,MPH1110101100,Tops and tees,womentopwearfitCC,womentopwearfitClassifyingCategory,
Apparel ,waistrise,Waist Rise,MPH1110101102,Jeans,waistriseCC,waistriseClassifyingCategory,
Apparel ,womenpattern,Pattern,MPH1110101102,Jeans,womenpatternCC,womenpatternClassifyingCategory,
Apparel ,waistrise,Waist Rise,MPH1110101103,Casual trousers,waistriseCC,waistriseClassifyingCategory,
Apparel ,womencasualbottomwearjeanslowersize,Size,MPH1110101103,Casual trousers,womencasualbottomwearjeanslowersizeCC,womencasualbottomwearjeanslowersizeClassifyingCategory,
Apparel ,womencasualbottomwearjeanslowersize,Size,MPH1110101104,Shorts,womencasualbottomwearjeanslowersizeCC,womencasualbottomwearjeanslowersizeClassifyingCategory,
Apparel ,womencasualtopwearsize,Size,MPH1110101106,Sweaters,womencasualtopwearsizeCC,womencasualtopwearsizeClassifyingCategory,
Apparel ,womencasualdressjumpersleeve,Sleeve,MPH1110101109,Casual dresses,womencasualdressjumpersleeveCC,womencasualdressjumpersleeveClassifyingCategory,
Apparel ,womencasualtopwearsleeve,Sleeve,MPH1110101110,Shrugs and cardigans,womencasualtopwearsleeveCC,womencasualtopwearsleeveClassifyingCategory,
Apparel ,womensetcontents,Set Contents,MPH1110102102,Formal suits,womensetcontentsCC,womensetcontentsClassifyingCategory,
Apparel ,womenformaltopwearsize,Size,MPH1110102104,Formal dress,womenformaltopwearsizeCC,womenformaltopwearsizeClassifyingCategory,
Apparel ,womenformalsetdressneckcollar,Neck/Collar,MPH1110102104,Formal dress,womenformalsetdressneckcollarCC,womenformalsetdressneckcollarClassifyingCategory,
Apparel ,womenbrieftype,Brief Type,MPH1110103101,Maternity Lingerie,womenbrieftypeCC,womenbrieftypeClassifyingCategory,
Apparel ,womenbrapattern,Pattern,MPH1110103101,Maternity Lingerie,womenbrapatternCC,womenbrapatternClassifyingCategory,
Apparel ,apparelsports,Sports,MPH1110104,Women's Sports,apparelsportsCC,apparelsportsClassifyingCategory,
Apparel ,womencasualtopwearsize,Size,MPH1110104102,Sports sets,womencasualtopwearsizeCC,womencasualtopwearsizeClassifyingCategory,
Apparel ,womenfabric,Fabric Family,MPH1110105,Women's Lingerie,womenfabricCC,womenfabricClassifyingCategory,
Apparel ,padding,Padding,MPH1110105100,Bras & Bra Sets,paddingCC,paddingClassifyingCategory,
Apparel ,bracoverage,Coverage,MPH1110105100,Bras & Bra Sets,bracoverageCC,bracoverageClassifyingCategory,
Apparel ,padding,Padding,MPH1110105101,Camisoles & Camisole Sets,paddingCC,paddingClassifyingCategory,
Apparel ,womenethinictopwearneckcollar,Neck/Collar,MPH1110105101,Camisoles & Camisole Sets,womenethinictopwearneckcollarCC,womenethinictopwearneckcollarClassifyingCategory,
Apparel ,womensetcontents,Set Contents,MPH1110105102,Lingerie Sets,womensetcontentsCC,womensetcontentsClassifyingCategory,
Apparel ,bracoverage,Coverage,MPH1110105102,Lingerie Sets,bracoverageCC,bracoverageClassifyingCategory,
Apparel ,brafabricfamily,Fabric Family,MPH1110105102,Lingerie Sets,brafabricfamilyCC,brafabricfamilyClassifyingCategory,
Apparel ,womeninnerwearbrasize,Size,MPH1110105103,Corsets & Bustier,womeninnerwearbrasizeCC,womeninnerwearbrasizeClassifyingCategory,
Apparel ,padding,Padding,MPH1110105107,Intimate wear,paddingCC,paddingClassifyingCategory,
Apparel ,womenethinictopwearneckcollar,Neck/Collar,MPH1110105107,Intimate wear,womenethinictopwearneckcollarCC,womenethinictopwearneckcollarClassifyingCategory,
Apparel ,bracoverage,Coverage,MPH1110105109,Shapewear,bracoverageCC,bracoverageClassifyingCategory,
Apparel ,multipack,Multi Pack,MPH1111,Men's Apparel,apparelCC,apparelClassifyingCategory,
Apparel ,occasion,Occasion,MPH1111,Men's Apparel,apparelCC,apparelClassifyingCategory,
Apparel ,colorapparel,Color,MPH1111,Men's Apparel,apparelCC,apparelClassifyingCategory,
Apparel ,menformalbottomwearsize,Size,MPH1111100101,Formal trousers,menformalbottomwearsizeCC,menformalbottomwearsizeClassifyingCategory,
Apparel ,trousertype,Trouser Type,MPH1111100102,Formal suits,trousertypeCC,trousertypeClassifyingCategory,
Apparel ,fittopwearmen,Fit,MPH1111100102,Formal suits,fittopwearmenCC,fittopwearmenClassifyingCategory,
Apparel ,menformaltopwearsize,Size,MPH1111100103,Formal coats & jackets,menformaltopwearsizeCC,menformaltopwearsizeClassifyingCategory,
Apparel ,menformaltopwearcollarneck,Neck/Collar,MPH1111100103,Formal coats & jackets,menformaltopwearcollarneckCC,menformaltopwearcollarneckClassifyingCategory,
Apparel ,mencasualtopwearcollarneck,Neck/Collar,MPH1111101100,T-Shirts,mencasualtopwearcollarneckCC,mencasualtopwearcollarneckClassifyingCategory,
Apparel ,fittopwearmen,Fit,MPH1111101101,casual shirts,fittopwearmenCC,fittopwearmenClassifyingCategory,
Apparel ,mensleeve,Sleeve,MPH1111101101,casual shirts,mensleeveCC,mensleeveClassifyingCategory,
Apparel ,waistrise,Waist Rise,MPH1111101102,Jeans,waistriseCC,waistriseClassifyingCategory,
Apparel ,denimtreatments,Denim Treatments,MPH1111101102,Jeans,denimtreatmentsCC,denimtreatmentsClassifyingCategory,
Apparel ,mencasualtopwearcollarneck,Neck/Collar,MPH1111101107,Casual Jackets,mencasualtopwearcollarneckCC,mencasualtopwearcollarneckClassifyingCategory,
Apparel ,waistrise,Waist Rise,MPH1111101108,Track pants,waistriseCC,waistriseClassifyingCategory,
Apparel ,apparelsports,Sports,MPH1111102,Mens Sports,apparelsportsCC,apparelsportsClassifyingCategory,
Apparel ,fittopwearmen,Fit,MPH1111102100,Sports tshirt,fittopwearmenCC,fittopwearmenClassifyingCategory,
Apparel ,mensleeve,Sleeve,MPH1111102100,Sports tshirt,mensleeveCC,mensleeveClassifyingCategory,
Apparel ,brandfitname,Brand Fit Name,MPH1111102101,Sports shorts,brandfitnameCC,brandfitnameClassifyingCategory,
Apparel ,fittopwearmen,Fit,MPH1111103101,Kurta set with bottom,fittopwearmenCC,fittopwearmenClassifyingCategory,
Apparel ,mensetcontents,Set Contents,MPH1111103103,Ethnic suits,mensetcontentsCC,mensetcontentsClassifyingCategory,
Apparel ,brieftype,Brief Type,MPH1111104100,Briefs,brieftypeCC,brieftypeClassifyingCategory,
Apparel ,fitbottomwearmen,Fit,MPH1111104101,Trunks,fitbottomwearmenCC,fitbottomwearmenClassifyingCategory,
Apparel ,mensleeve,Sleeve,MPH1111104103,Vests,mensleeveCC,mensleeveClassifyingCategory,
Apparel ,multipack,Multi Pack,MPH1110,Women's Apparel,apparelCC,apparelClassifyingCategory,
Apparel ,displayproduct,Display Product Name,MPH1110,Women's Apparel,apparelCC,apparelClassifyingCategory,
Apparel ,colorapparel,Color,MPH1110,Women's Apparel,apparelCC,apparelClassifyingCategory,
Apparel ,packquantity,Pack Quantity,MPH1110,Women's Apparel,apparelCC,apparelClassifyingCategory,
Apparel ,womenethinicweartopwearsize,Size,MPH1110100105,Duppatta,womenethinicweartopwearsizeCC,womenethinicweartopwearsizeClassifyingCategory,
Apparel ,womencasualtopwearsize,Size,MPH1110101100,Tops and tees,womencasualtopwearsizeCC,womencasualtopwearsizeClassifyingCategory,
Apparel ,womencasualtopwearsleeve,Sleeve,MPH1110101100,Tops and tees,womencasualtopwearsleeveCC,womencasualtopwearsleeveClassifyingCategory,
Apparel ,womencasualtopwearsize,Size,MPH1110101101,casual shirts,womencasualtopwearsizeCC,womencasualtopwearsizeClassifyingCategory,
Apparel ,denimtreatments,Denim Treatments,MPH1110101102,Jeans,denimtreatmentsCC,denimtreatmentsClassifyingCategory,
Apparel ,womenbottomwearfit,Fit,MPH1110101102,Jeans,womenbottomwearfitCC,womenbottomwearfitClassifyingCategory,
Apparel ,womenpattern,Pattern,MPH1110101103,Casual trousers,womenpatternCC,womenpatternClassifyingCategory,
Apparel ,womenpattern,Pattern,MPH1110101104,Shorts,womenpatternCC,womenpatternClassifyingCategory,
Apparel ,womencasualtopwearneckcollar,Neck/Collar,MPH1110101105,Sweatshirts and hoodies,womencasualtopwearneckcollarCC,womencasualtopwearneckcollarClassifyingCategory,
Apparel ,womentopwearfit,Fit,MPH1110101105,Sweatshirts and hoodies,womentopwearfitCC,womentopwearfitClassifyingCategory,
Apparel ,womencasualtopwearsize,Size,MPH1110101107,Casual jackets and blazers,womencasualtopwearsizeCC,womencasualtopwearsizeClassifyingCategory,
Apparel ,womencasualtopwearneckcollar,Neck/Collar,MPH1110101107,Casual jackets and blazers,womencasualtopwearneckcollarCC,womencasualtopwearneckcollarClassifyingCategory,
Apparel ,waistrise,Waist Rise,MPH1110101108,Track pants,waistriseCC,waistriseClassifyingCategory,
Apparel ,womencasualtopwearsize,Size,MPH1110101110,Shrugs and cardigans,womencasualtopwearsizeCC,womencasualtopwearsizeClassifyingCategory,
Apparel ,womencasualtopwearneckcollar,Neck/Collar,MPH1110101110,Shrugs and cardigans,womencasualtopwearneckcollarCC,womencasualtopwearneckcollarClassifyingCategory,
Apparel ,waistrise,Waist Rise,MPH1110101112,Capris,waistriseCC,waistriseClassifyingCategory,
Apparel ,trousertype,Trouser Type,MPH1110102101,Formal trousers,trousertypeCC,trousertypeClassifyingCategory,
Apparel ,cut,Cut,MPH1110102102,Formal suits,cutCC,CutClassifyingCategory,
Apparel ,womenformalsetsuitneckcollar,Neck/Collar,MPH1110102102,Formal suits,womenformalsetsuitneckcollarCC,womenformalsetsuitneckcollarClassifyingCategory,
Apparel ,womenpattern,Pattern,MPH1110103,Women Maternity,womenpatternCC,womenpatternClassifyingCategory,
Apparel ,womenethinictopwearneckcollar,Neck/Collar,MPH1110103102,Maternity Sleepwear,womenethinictopwearneckcollarCC,womenethinictopwearneckcollarClassifyingCategory,
Apparel ,womenfabric,Fabric Family,MPH1110104,Women's Sports,womenfabricCC,womenfabricClassifyingCategory,
Apparel ,womenformalbottomwearsize,Size,MPH1110104102,Sports sets,womenformalbottomwearsizeCC,womenformalbottomwearsizeClassifyingCategory,
Apparel ,womenethinictopwearneckcollar,Neck/Collar,MPH1110104106,Sports innerwear,womenethinictopwearneckcollarCC,womenethinictopwearneckcollarClassifyingCategory,
Apparel ,womeninnerwearbriefsize,Size,MPH1110105102,Lingerie Sets,womeninnerwearbriefsizeCC,womeninnerwearbriefsizeClassifyingCategory,
Apparel ,womenbrapattern,Pattern,MPH1110105102,Lingerie Sets,womenbrapatternCC,womenbrapatternClassifyingCategory,
Apparel ,bratype,Bra Type,MPH1110105103,Corsets & Bustier,bratypeCC,bratypeClassifyingCategory,
Apparel ,sleepwearcoverage,Length,MPH1110105104,Sleepwear & Robes,sleepwearcoverageCC,sleepwearcoverageClassifyingCategory,
Apparel ,wiring,Wiring,MPH1110105109,Shapewear,wiringCC,wiringClassifyingCategory,
Apparel ,sizechart,Size chart,MPH1111,Men's Apparel,sizechartCC,sizechartClassifyingCategory,
Apparel ,modelfit,Model fit,MPH1111,Men's Apparel,modelfitCC,modelfitClassifyingCategory,
Apparel ,menpattern,Pattern,MPH1111,Men's Apparel,menpatternCC,menpatternClassifyingCategory,
Apparel ,menformalsetsuitsize,Size,MPH1111100102,Formal suits,menformalsetsuitsizeCC,menformalsetsuitsizeClassifyingCategory,
Apparel ,fittopwearmen,Fit,MPH1111101100,T-Shirts,fittopwearmenCC,fittopwearmenClassifyingCategory,
Apparel ,mencasualtopwearsize,Size,MPH1111101105,Sweatshirts and hoodies,mencasualtopwearsizeCC,mencasualtopwearsizeClassifyingCategory,
Apparel ,mencasualtopwearcollarneck,Neck/Collar,MPH1111101105,Sweatshirts and hoodies,mencasualtopwearcollarneckCC,mencasualtopwearcollarneckClassifyingCategory,
Apparel ,mensleeve,Sleeve,MPH1111101105,Sweatshirts and hoodies,mensleeveCC,mensleeveClassifyingCategory,
Apparel ,mencasualtopwearcollarneck,Neck/Collar,MPH1111101106,Sweaters,mencasualtopwearcollarneckCC,mencasualtopwearcollarneckClassifyingCategory,
Apparel ,fitbottomwearmen,Fit,MPH1111101108,Track pants,fitbottomwearmenCC,fitbottomwearmenClassifyingCategory,
Apparel ,washcare,Wash Care,MPH1111102,Mens Sports,washcareCC,washcareClassifyingCategory,
Apparel ,meninnerwearsize,Size,MPH1111102101,Sports shorts,meninnerwearsizeCC,meninnerwearsizeClassifyingCategory,
Apparel ,mensleeve,Sleeve,MPH1111102102,Sports sets,mensleeveCC,mensleeveClassifyingCategory,
Apparel ,washcare,Wash Care,MPH1111103,Mens Ethnic,washcareCC,washcareClassifyingCategory,
Apparel ,menethinicweartopwearsize,Size,MPH1111103100,Kurta,menethinicweartopwearsizeCC,menethinicweartopwearsizeClassifyingCategory,
Apparel ,setitems,Set Items,MPH1111103101,Kurta set with bottom,setitemsCC,setitemsClassifyingCategory,
Apparel ,menethinicwearsetsize,Size,MPH1111103103,Ethnic suits,menethinicwearsetsizeCC,menethinicwearsetsizeClassifyingCategory,
Apparel ,menethinicwearcollarneck,Neck/Collar,MPH1111103103,Ethnic suits,menethinicwearcollarneckCC,menethinicwearcollarneckClassifyingCategory,
Apparel ,mensleeve,Sleeve,MPH1111103103,Ethnic suits,mensleeveCC,mensleeveClassifyingCategory,
Apparel ,brieftype,Brief Type,MPH1111104102,Boxers,brieftypeCC,brieftypeClassifyingCategory,
Apparel ,brandfitname,Brand Fit Name,MPH1111104102,Boxers,brandfitnameCC,brandfitnameClassifyingCategory,
Apparel ,waistrise,Waist Rise,MPH1111104104,Sleepwear,waistriseCC,waistriseClassifyingCategory,
Apparel ,meninnerwearcollarneck,Neck/Collar,MPH1111104104,Sleepwear,meninnerwearcollarneckCC,meninnerwearcollarneckClassifyingCategory,
Apparel ,fittopwearmen,Fit,MPH1111104104,Sleepwear,fittopwearmenCC,fittopwearmenClassifyingCategory,
Apparel ,ageband,Age Band,MPH1110,Women's Apparel,apparelCC,apparelClassifyingCategory,
Apparel ,womenfabric,Fabric Family,MPH1110100,Women's Ethnic ,womenfabricCC,womenfabricClassifyingCategory,
Apparel ,womenethinictopwearneckcollar,Neck/Collar,MPH1110100101,Kurta & kurtis,womenethinictopwearneckcollarCC,womenethinictopwearneckcollarClassifyingCategory,
Apparel ,womentopwearfit,Fit,MPH1110100101,Kurta & kurtis,womentopwearfitCC,womentopwearfitClassifyingCategory,
Apparel ,womensleeve,Sleeve,MPH1110100101,Kurta & kurtis,womensleeveCC,womensleeveClassifyingCategory,
Apparel ,shapeapparel,Shape,MPH1110100101,Kurta & kurtis,shapeapparelCC,shapeapparelClassifyingCategory,
Apparel ,collectiondateapparel,Collection Date,MPH1110100101,Kurta & kurtis,collectiondateapparelCC,collectiondateapparelClassifyingCategory,
Apparel ,others3apparel,Others 3,MPH1110100101,Kurta & kurtis,others3apparelCC,others3apparelClassifyingCategory,
Apparel ,collectioninfoapparel,Collection Info ,MPH1110100101,Kurta & kurtis,collectioninfoapparelCC,collectioninfoapparelClassifyingCategory,
Apparel ,setitems,Set Items,MPH1110100102,Suit Sets,setitemsCC,setitemsClassifyingCategory,
Apparel ,womensleeve,Sleeve,MPH1110100102,Suit Sets,womensleeveCC,womensleeveClassifyingCategory,
Apparel ,womenbottomwearfit,Fit,MPH1110100104,Ethnic bottom ,womenbottomwearfitCC,womenbottomwearfitClassifyingCategory,
Apparel ,womentopwearfit,Fit,MPH1110101101,casual shirts,womentopwearfitCC,womentopwearfitClassifyingCategory,
Apparel ,womenpattern,Pattern,MPH1110101105,Sweatshirts and hoodies,womenpatternCC,womenpatternClassifyingCategory,
Apparel ,womentopwearfit,Fit,MPH1110101106,Sweaters,womentopwearfitCC,womentopwearfitClassifyingCategory,
Apparel ,womencasualtopwearsleeve,Sleeve,MPH1110101106,Sweaters,womencasualtopwearsleeveCC,womencasualtopwearsleeveClassifyingCategory,
Apparel ,womenpattern,Pattern,MPH1110101108,Track pants,womenpatternCC,womenpatternClassifyingCategory,
Apparel ,dressshape,Dress Shape,MPH1110101109,Casual dresses,dressshapeCC,dressshapeClassifyingCategory,
Apparel ,womencasualweardressesjumperssize,Size,MPH1110101109,Casual dresses,womencasualweardressesjumperssizeCC,womencasualweardressesjumperssizeClassifyingCategory,
Apparel ,womenbottomwearfit,Fit,MPH1110101112,Capris,womenbottomwearfitCC,womenbottomwearfitClassifyingCategory,
Apparel ,womenpattern,Pattern,MPH1110101112,Capris,womenpatternCC,womenpatternClassifyingCategory,
Apparel ,womencasualdressjumperneckcollar,Neck/Collar,MPH1110101114,Jump suits,womencasualdressjumperneckcollarCC,womencasualdressjumperneckcollarClassifyingCategory,
Apparel ,womenpattern,Pattern,MPH1110101114,Jump suits,womenpatternCC,womenpatternClassifyingCategory,
Apparel ,washcare,Wash Care,MPH1110102,Women Formal,washcareCC,washcareClassifyingCategory,
Apparel ,womenfabric,Fabric Family,MPH1110102,Women Formal,womenfabricCC,womenfabricClassifyingCategory,
Apparel ,womenformalbottomwearsize,Size,MPH1110102101,Formal trousers,womenformalbottomwearsizeCC,womenformalbottomwearsizeClassifyingCategory,
Apparel ,womenformaltopwearsize,Size,MPH1110102102,Formal suits,womenformaltopwearsizeCC,womenformaltopwearsizeClassifyingCategory,
Apparel ,womensleeve,Sleeve,MPH1110102102,Formal suits,womensleeveCC,womensleeveClassifyingCategory,
Apparel ,womenformaltopwearsize,Size,MPH1110102103,Formal coats jackets,womenformaltopwearsizeCC,womenformaltopwearsizeClassifyingCategory,
Apparel ,womenpattern,Pattern,MPH1110102104,Formal dress,womenpatternCC,womenpatternClassifyingCategory,
Apparel ,womeninnerwearbrasize,Size,MPH1110103101,Maternity Lingerie,womeninnerwearbrasizeCC,womeninnerwearbrasizeClassifyingCategory,
Apparel ,womenbriefpattern,Pattern,MPH1110103101,Maternity Lingerie,womenbriefpatternCC,womenbriefpatternClassifyingCategory,
Apparel ,womentopwearfit,Fit,MPH1110104100,Sports tshirt,womentopwearfitCC,womentopwearfitClassifyingCategory,
Apparel ,womensleeve,Sleeve,MPH1110104100,Sports tshirt,womensleeveCC,womensleeveClassifyingCategory,
Apparel ,womenethinictopwearneckcollar,Neck/Collar,MPH1110104102,Sports sets,womenethinictopwearneckcollarCC,womenethinictopwearneckcollarClassifyingCategory,
Apparel ,womentopwearfit,Fit,MPH1110104102,Sports sets,womentopwearfitCC,womentopwearfitClassifyingCategory,
Apparel ,womenbottomwearfit,Fit,MPH1110104102,Sports sets,womenbottomwearfitCC,womenbottomwearfitClassifyingCategory,
Apparel ,womensleeve,Sleeve,MPH1110104102,Sports sets,womensleeveCC,womensleeveClassifyingCategory,
Apparel ,womenpattern,Pattern,MPH1110105,Women's Lingerie,womenpatternCC,womenpatternClassifyingCategory,
Apparel ,womenbrieftype,Brief Type,MPH1110105100,Bras & Bra Sets,womenbrieftypeCC,womenbrieftypeClassifyingCategory,
Apparel ,brafabricfamily,Fabric Family,MPH1110105100,Bras & Bra Sets,brafabricfamilyCC,brafabricfamilyClassifyingCategory,
Apparel ,womensetcontents,Set Contents,MPH1110105101,Camisoles & Camisole Sets,womensetcontentsCC,womensetcontentsClassifyingCategory,
Apparel ,bracoverage,Coverage,MPH1110105101,Camisoles & Camisole Sets,bracoverageCC,bracoverageClassifyingCategory,
Apparel ,padding,Padding,MPH1110105102,Lingerie Sets,paddingCC,paddingClassifyingCategory,
Apparel ,wiring,Wiring,MPH1110105107,Intimate wear,wiringCC,wiringClassifyingCategory,
Apparel ,padding,Padding,MPH1110105109,Shapewear,paddingCC,paddingClassifyingCategory,
Apparel ,sockusage,Usage,MPH1110106,Socks,sockusageCC,sockusageClassifyingCategory,
Apparel ,weightapparel,Weight,MPH1111,Men's Apparel,apparelCC,apparelClassifyingCategory,
Apparel ,featureapparel,Feature,MPH1111,Men's Apparel,apparelCC,apparelClassifyingCategory,
Apparel ,fittopwearmen,Fit,MPH1111100100,Formal shirt,fittopwearmenCC,fittopwearmenClassifyingCategory,
Apparel ,trousertype,Trouser Type,MPH1111100101,Formal trousers,trousertypeCC,trousertypeClassifyingCategory,
Apparel ,mensleeve,Sleeve,MPH1111100102,Formal suits,mensleeveCC,mensleeveClassifyingCategory,
Apparel ,washcare,Wash Care,MPH1111101,Mens casual,washcareCC,washcareClassifyingCategory,
Apparel ,mencasualtopwearcollarneck,Neck/Collar,MPH1111101101,casual shirts,mencasualtopwearcollarneckCC,mencasualtopwearcollarneckClassifyingCategory,
Apparel ,waistrise,Waist Rise,MPH1111101103,Casual trousers,waistriseCC,waistriseClassifyingCategory,
Apparel ,brandfitname,Brand Fit Name,MPH1111101103,Casual trousers,brandfitnameCC,brandfitnameClassifyingCategory,
Apparel ,fitbottomwearmen,Fit,MPH1111101104,Shorts,fitbottomwearmenCC,fitbottomwearmenClassifyingCategory,
Apparel ,brandfitname,Brand Fit Name,MPH1111101104,Shorts,brandfitnameCC,brandfitnameClassifyingCategory,
Apparel ,mensleeve,Sleeve,MPH1111101106,Sweaters,mensleeveCC,mensleeveClassifyingCategory,
Apparel ,waistrise,Waist Rise,MPH1111102104,Track pants,waistriseCC,waistriseClassifyingCategory,
Apparel ,fittopwearmen,Fit,MPH1111102105,Swimwear,fittopwearmenCC,fittopwearmenClassifyingCategory,
Apparel ,setitems,Set Items,MPH1111103103,Ethnic suits,setitemsCC,setitemsClassifyingCategory,
Apparel ,meninnerwearsize,Size,MPH1111104100,Briefs,meninnerwearsizeCC,meninnerwearsizeClassifyingCategory,
Apparel ,brieftype,Brief Type,MPH1111104101,Trunks,brieftypeCC,brieftypeClassifyingCategory,
Apparel ,meninnerwearsize,Size,MPH1111104101,Trunks,meninnerwearsizeCC,meninnerwearsizeClassifyingCategory,
Apparel ,brieftype,Brief Type,MPH1111104103,Vests,brieftypeCC,brieftypeClassifyingCategory,
Apparel ,fittopwearmen,Fit,MPH1111104103,Vests,fittopwearmenCC,fittopwearmenClassifyingCategory,
Apparel ,meninnerwearsize,Size,MPH1111104105,Swimwear,meninnerwearsizeCC,meninnerwearsizeClassifyingCategory,
Apparel ,withblouse,With Blouse,MPH1110100100,Sarees,withblouseCC,withblouseClassifyingCategory,
Apparel ,womenethinictopwearpattern,Pattern,MPH1110100101,Kurta & kurtis,womenethinictopwearpatternCC,womenethinictopwearpatternClassifyingCategory,
Apparel ,others1apparel,Others 1,MPH1110100101,Kurta & kurtis,others1apparelCC,others1apparelClassifyingCategory,
Apparel ,womentopwearfit,Fit,MPH1110100102,Suit Sets,womentopwearfitCC,womentopwearfitClassifyingCategory,
Apparel ,washcare,Wash Care,MPH1110101,Women's Western Wear,washcareCC,washcareClassifyingCategory,
Apparel ,womencasualtopwearsleeve,Sleeve,MPH1110101101,casual shirts,womencasualtopwearsleeveCC,womencasualtopwearsleeveClassifyingCategory,
Apparel ,womencasualtopwearsize,Size,MPH1110101105,Sweatshirts and hoodies,womencasualtopwearsizeCC,womencasualtopwearsizeClassifyingCategory,
Apparel ,womencasualtopwearneckcollar,Neck/Collar,MPH1110101106,Sweaters,womencasualtopwearneckcollarCC,womencasualtopwearneckcollarClassifyingCategory,
Apparel ,womencasualdressjumperneckcollar,Neck/Collar,MPH1110101109,Casual dresses,womencasualdressjumperneckcollarCC,womencasualdressjumperneckcollarClassifyingCategory,
Apparel ,womentopwearfit,Fit,MPH1110101109,Casual dresses,womentopwearfitCC,womentopwearfitClassifyingCategory,
Apparel ,skirtshape,Skirt Shape,MPH1110101111,Skirts,skirtshapeCC,skirtshapeClassifyingCategory,
Apparel ,womencasualbottomwearjeanslowersize,Size,MPH1110101113,Leggings & Jeggings,womencasualbottomwearjeanslowersizeCC,womencasualbottomwearjeanslowersizeClassifyingCategory,
Apparel ,dressshape,Dress Shape,MPH1110101114,Jump suits,dressshapeCC,dressshapeClassifyingCategory,
Apparel ,womenformaltopwearsize,Size,MPH1110102100,Formal shirt,womenformaltopwearsizeCC,womenformaltopwearsizeClassifyingCategory,
Apparel ,womenformaltopwearneckcollar,Neck/Collar,MPH1110102100,Formal shirt,womenformaltopwearneckcollarCC,womenformaltopwearneckcollarClassifyingCategory,
Apparel ,waistrise,Waist Rise,MPH1110102101,Formal trousers,waistriseCC,waistriseClassifyingCategory,
Apparel ,womentopwearfit,Fit,MPH1110102102,Formal suits,womentopwearfitCC,womentopwearfitClassifyingCategory,
Apparel ,womenethinictopwearneckcollar,Neck/Collar,MPH1110103100,Maternity Day Wear,womenethinictopwearneckcollarCC,womenethinictopwearneckcollarClassifyingCategory,
Apparel ,womeninnerwearbriefsize,Size,MPH1110103102,Maternity Sleepwear,womeninnerwearbriefsizeCC,womeninnerwearbriefsizeClassifyingCategory,
Apparel ,womeninnerwearbriefsize,Size,MPH1110104105,Swimwear,womeninnerwearbriefsizeCC,womeninnerwearbriefsizeClassifyingCategory,
Apparel ,bratype,Bra Type,MPH1110105101,Camisoles & Camisole Sets,bratypeCC,bratypeClassifyingCategory,
Apparel ,bratype,Bra Type,MPH1110105102,Lingerie Sets,bratypeCC,bratypeClassifyingCategory,
Apparel ,womenbrieftype,Brief Type,MPH1110105102,Lingerie Sets,womenbrieftypeCC,womenbrieftypeClassifyingCategory,
Apparel ,unisexapparel,Unisex,MPH1111,Men's Apparel,apparelCC,apparelClassifyingCategory,
Apparel ,ageband,Age Band,MPH1111,Men's Apparel,apparelCC,apparelClassifyingCategory,
Apparel ,menformaltopwearsize,Size,MPH1111100100,Formal shirt,menformaltopwearsizeCC,menformaltopwearsizeClassifyingCategory,
Apparel ,mensleeve,Sleeve,MPH1111100103,Formal coats & jackets,mensleeveCC,mensleeveClassifyingCategory,
Apparel ,fitbottomwearmen,Fit,MPH1111101103,Casual trousers,fitbottomwearmenCC,fitbottomwearmenClassifyingCategory,
Apparel ,tshirttype,Tshirt Type,MPH1111101105,Sweatshirts and hoodies,tshirttypeCC,tshirttypeClassifyingCategory,
Apparel ,fittopwearmen,Fit,MPH1111101105,Sweatshirts and hoodies,fittopwearmenCC,fittopwearmenClassifyingCategory,
Apparel ,mencasualbottomwearsize,Size,MPH1111101108,Track pants,mencasualbottomwearsizeCC,mencasualbottomwearsizeClassifyingCategory,
Apparel ,brandfitname,Brand Fit Name,MPH1111102100,Sports tshirt,brandfitnameCC,brandfitnameClassifyingCategory,
Apparel ,mencasualtopwearsize,Size,MPH1111102103,Sports jackets,mencasualtopwearsizeCC,mencasualtopwearsizeClassifyingCategory,
Apparel ,fittopwearmen,Fit,MPH1111102103,Sports jackets,fittopwearmenCC,fittopwearmenClassifyingCategory,
Apparel ,menethinicwearcollarneck,Neck/Collar,MPH1111103101,Kurta set with bottom,menethinicwearcollarneckCC,menethinicwearcollarneckClassifyingCategory,
Apparel ,fitbottomwearmen,Fit,MPH1111104102,Boxers,fitbottomwearmenCC,fitbottomwearmenClassifyingCategory,
Apparel ,stylenote,Style Note,MPH1110,Women's Apparel,apparelCC,apparelClassifyingCategory,
Apparel ,weightapparel,Weight,MPH1110,Women's Apparel,apparelCC,apparelClassifyingCategory,
Apparel ,womenethinictopwearpattern,Pattern,MPH1110100100,Sarees,womenethinictopwearpatternCC,womenethinictopwearpatternClassifyingCategory,
Apparel ,seasonapparel,Season,MPH1110100101,Kurta & kurtis,seasonapparelCC,seasonapparelClassifyingCategory,
Apparel ,lengthapparel,Length,MPH1110100101,Kurta & kurtis,lengthapparelCC,lengthapparelClassifyingCategory,
Apparel ,womenethinicweartopwearsize,Size,MPH1110100103,Dress material,womenethinicweartopwearsizeCC,womenethinicweartopwearsizeClassifyingCategory,
Apparel ,womenethinicbottomwearpattern,Pattern,MPH1110100104,Ethnic bottom ,womenethinicbottomwearpatternCC,womenethinicbottomwearpatternClassifyingCategory,
Apparel ,tshirttype,Tshirt Type,MPH1110101100,Tops and tees,tshirttypeCC,tshirttypeClassifyingCategory,
Apparel ,womenpattern,Pattern,MPH1110101100,Tops and tees,womenpatternCC,womenpatternClassifyingCategory,
Apparel ,womenbottomwearfit,Fit,MPH1110101104,Shorts,womenbottomwearfitCC,womenbottomwearfitClassifyingCategory,
Apparel ,dresslength,Dress Length,MPH1110101109,Casual dresses,dresslengthCC,dresslengthClassifyingCategory,
Apparel ,skirtlength,Skirt Length,MPH1110101111,Skirts,skirtlengthCC,skirtlengthClassifyingCategory,
Apparel ,womencasualbottomwearjeanslowersize,Size,MPH1110101112,Capris,womencasualbottomwearjeanslowersizeCC,womencasualbottomwearjeanslowersizeClassifyingCategory,
Apparel ,womenpattern,Pattern,MPH1110101113,Leggings & Jeggings,womenpatternCC,womenpatternClassifyingCategory,
Apparel ,womencasualweardressesjumperssize,Size,MPH1110101114,Jump suits,womencasualweardressesjumperssizeCC,womencasualweardressesjumperssizeClassifyingCategory,
Apparel ,womenformalbottomwearpattern,Pattern,MPH1110102101,Formal trousers,womenformalbottomwearpatternCC,womenformalbottomwearpatternClassifyingCategory,
Apparel ,womenbottomwearfit,Fit,MPH1110102102,Formal suits,womenbottomwearfitCC,womenbottomwearfitClassifyingCategory,
Apparel ,womensleeve,Sleeve,MPH1110102103,Formal coats jackets,womensleeveCC,womensleeveClassifyingCategory,
Apparel ,washcare,Wash Care,MPH1110103,Women Maternity,washcareCC,washcareClassifyingCategory,
Apparel ,womensleeve,Sleeve,MPH1110103100,Maternity Day Wear,womensleeveCC,womensleeveClassifyingCategory,
Apparel ,washcare,Wash Care,MPH1110104,Women's Sports,washcareCC,washcareClassifyingCategory,
Apparel ,womenpattern,Pattern,MPH1110104,Women's Sports,womenpatternCC,womenpatternClassifyingCategory,
Apparel ,womenformalbottomwearsize,Size,MPH1110104101,Sports shorts,womenformalbottomwearsizeCC,womenformalbottomwearsizeClassifyingCategory,
Apparel ,waistrise,Waist Rise,MPH1110104104,Track pants,waistriseCC,waistriseClassifyingCategory,
Apparel ,womeninnerwearbriefsize,Size,MPH1110104106,Sports innerwear,womeninnerwearbriefsizeCC,womeninnerwearbriefsizeClassifyingCategory,
Apparel ,bratype,Bra Type,MPH1110105100,Bras & Bra Sets,bratypeCC,bratypeClassifyingCategory,
Apparel ,womeninnerwearbriefsize,Size,MPH1110105104,Sleepwear & Robes,womeninnerwearbriefsizeCC,womeninnerwearbriefsizeClassifyingCategory,
Apparel ,womenethinictopwearneckcollar,Neck/Collar,MPH1110105104,Sleepwear & Robes,womenethinictopwearneckcollarCC,womenethinictopwearneckcollarClassifyingCategory,
Apparel ,nightweartype,Nightwear Type,MPH1110105104,Sleepwear & Robes,nightweartypeCC,nightweartypeClassifyingCategory,
Apparel ,nightweartype,Nightwear Type,MPH1110105105,Gowns,nightweartypeCC,nightweartypeClassifyingCategory,
Apparel ,womenbrieftype,Brief Type,MPH1110105105,Gowns,womenbrieftypeCC,womenbrieftypeClassifyingCategory,
Apparel ,womeninnerwearbrasize,Size,MPH1110105107,Intimate wear,womeninnerwearbrasizeCC,womeninnerwearbrasizeClassifyingCategory,
Apparel ,nightweartype,Nightwear Type,MPH1110105107,Intimate wear,nightweartypeCC,nightweartypeClassifyingCategory,
Apparel ,womensleepwearsize,Size,MPH1110106100,Socks,womensleepwearsizeCC,womensleepwearsizeClassifyingCategory,
Apparel ,displayproduct,Display Product Name,MPH1111,Men's Apparel,apparelCC,apparelClassifyingCategory,
Apparel ,brandfitname,Brand Fit Name,MPH1111100,Mens formal,brandfitnameCC,brandfitnameClassifyingCategory,
Apparel ,menformaltopwearcollarneck,Neck/Collar,MPH1111100100,Formal shirt,menformaltopwearcollarneckCC,menformaltopwearcollarneckClassifyingCategory,
Apparel ,waistrise,Waist Rise,MPH1111100102,Formal suits,waistriseCC,waistriseClassifyingCategory,
Apparel ,fittopwearmen,Fit,MPH1111100103,Formal coats & jackets,fittopwearmenCC,fittopwearmenClassifyingCategory,
Apparel ,mensleeve,Sleeve,MPH1111101100,T-Shirts,mensleeveCC,mensleeveClassifyingCategory,
Apparel ,mencasualbottomwearsize,Size,MPH1111101102,Jeans,mencasualbottomwearsizeCC,mencasualbottomwearsizeClassifyingCategory,
Apparel ,fittopwearmen,Fit,MPH1111101106,Sweaters,fittopwearmenCC,fittopwearmenClassifyingCategory,
Apparel ,fittopwearmen,Fit,MPH1111101107,Casual Jackets,fittopwearmenCC,fittopwearmenClassifyingCategory,
Apparel ,mencasualtopwearcollarneck,Neck/Collar,MPH1111102100,Sports tshirt,mencasualtopwearcollarneckCC,mencasualtopwearcollarneckClassifyingCategory,
Apparel ,fitbottomwearmen,Fit,MPH1111102104,Track pants,fitbottomwearmenCC,fitbottomwearmenClassifyingCategory,
Apparel ,meninnerwearsize,Size,MPH1111102105,Swimwear,meninnerwearsizeCC,meninnerwearsizeClassifyingCategory,
Apparel ,mensleeve,Sleeve,MPH1111103101,Kurta set with bottom,mensleeveCC,mensleeveClassifyingCategory,
Apparel ,menethinicwearbottomwearsize,Size,MPH1111103102,Bottomwear,menethinicwearbottomwearsizeCC,menethinicwearbottomwearsizeClassifyingCategory,
Apparel ,mensleepwearsize,Size,MPH1111105100,Socks,mensleepwearsizeCC,mensleepwearsizeClassifyingCategory,
Apparel ,modelfit,Model fit,MPH1110,Women's Apparel,modelfitCC,modelfitClassifyingCategory,
Apparel ,packcolor,Pack Color,MPH1110,Women's Apparel,apparelCC,apparelClassifyingCategory,
Apparel ,colorfamilyapparel,Color Family,MPH1110,Women's Apparel,apparelCC,apparelClassifyingCategory,
Apparel ,featureapparel,Feature,MPH1110,Women's Apparel,apparelCC,apparelClassifyingCategory,
Apparel ,stylecode,Style Code,MPH1110,Women's Apparel,apparelCC,apparelClassifyingCategory,
Apparel ,fabricapparel,Fabric,MPH1110,Women's Apparel,apparelCC,apparelClassifyingCategory,
Apparel ,washcare,Wash Care,MPH1110100,Women's Ethnic ,washcareCC,washcareClassifyingCategory,
Apparel ,womenethinictopwearpattern,Pattern,MPH1110100102,Suit Sets,womenethinictopwearpatternCC,womenethinictopwearpatternClassifyingCategory,
Apparel ,womenethinicbottomwearpattern,Pattern,MPH1110100102,Suit Sets,womenethinicbottomwearpatternCC,womenethinicbottomwearpatternClassifyingCategory,
Apparel ,womencasualtopwearneckcollar,Neck/Collar,MPH1110101101,casual shirts,womencasualtopwearneckcollarCC,womencasualtopwearneckcollarClassifyingCategory,
Apparel ,womenpattern,Pattern,MPH1110101101,casual shirts,womenpatternCC,womenpatternClassifyingCategory,
Apparel ,jeanslength,Length,MPH1110101102,Jeans,jeanslengthCC,jeanslengthClassifyingCategory,
Apparel ,womenbottomwearfit,Fit,MPH1110101103,Casual trousers,womenbottomwearfitCC,womenbottomwearfitClassifyingCategory,
Apparel ,womencasualbottomwearjeanslowersize,Size,MPH1110101108,Track pants,womencasualbottomwearjeanslowersizeCC,womencasualbottomwearjeanslowersizeClassifyingCategory,
Apparel ,womenbottomwearfit,Fit,MPH1110101108,Track pants,womenbottomwearfitCC,womenbottomwearfitClassifyingCategory,
Apparel ,womencasualskirtpattern,Pattern,MPH1110101111,Skirts,womencasualskirtpatternCC,womencasualskirtpatternClassifyingCategory,
Apparel ,waistrise,Waist Rise,MPH1110101113,Leggings & Jeggings,waistriseCC,waistriseClassifyingCategory,
Apparel ,womentopwearfit,Fit,MPH1110102100,Formal shirt,womentopwearfitCC,womentopwearfitClassifyingCategory,
Apparel ,womensleeve,Sleeve,MPH1110102100,Formal shirt,womensleeveCC,womensleeveClassifyingCategory,
Apparel ,womenformalsetsuitpattern,Pattern,MPH1110102102,Formal suits,womenformalsetsuitpatternCC,womenformalsetsuitpatternClassifyingCategory,
Apparel ,womenformaltopwearneckcollar,Neck/Collar,MPH1110102103,Formal coats jackets,womenformaltopwearneckcollarCC,womenformaltopwearneckcollarClassifyingCategory,
Apparel ,dressshape,Dress Shape,MPH1110102104,Formal dress,dressshapeCC,dressshapeClassifyingCategory,
Apparel ,dresslength,Dress Length,MPH1110102104,Formal dress,dresslengthCC,dresslengthClassifyingCategory,
Apparel ,womensleeve,Sleeve,MPH1110102104,Formal dress,womensleeveCC,womensleeveClassifyingCategory,
Apparel ,brafabricfamily,Fabric Family,MPH1110103101,Maternity Lingerie,brafabricfamilyCC,brafabricfamilyClassifyingCategory,
Apparel ,womencasualtopwearsize,Size,MPH1110104100,Sports tshirt,womencasualtopwearsizeCC,womencasualtopwearsizeClassifyingCategory,
Apparel ,waistrise,Waist Rise,MPH1110104101,Sports shorts,waistriseCC,waistriseClassifyingCategory,
Apparel ,womenbottomwearfit,Fit,MPH1110104101,Sports shorts,womenbottomwearfitCC,womenbottomwearfitClassifyingCategory,
Apparel ,womenbottomwearfit,Fit,MPH1110104103,Sports jackets,womenbottomwearfitCC,womenbottomwearfitClassifyingCategory,
Apparel ,womensleeve,Sleeve,MPH1110104103,Sports jackets,womensleeveCC,womensleeveClassifyingCategory,
Apparel ,womenbottomwearfit,Fit,MPH1110104104,Track pants,womenbottomwearfitCC,womenbottomwearfitClassifyingCategory,
Apparel ,brafabricfamily,Fabric Family,MPH1110104106,Sports innerwear,brafabricfamilyCC,brafabricfamilyClassifyingCategory,
Apparel ,womenbrapattern,Pattern,MPH1110104106,Sports innerwear,womenbrapatternCC,womenbrapatternClassifyingCategory,
Apparel ,washcare,Wash Care,MPH1110105,Women's Lingerie,washcareCC,washcareClassifyingCategory,
Apparel ,womeninnerwearbrasize,Size,MPH1110105101,Camisoles & Camisole Sets,womeninnerwearbrasizeCC,womeninnerwearbrasizeClassifyingCategory,
Apparel ,wiring,Wiring,MPH1110105102,Lingerie Sets,wiringCC,wiringClassifyingCategory,
Apparel ,womeninnerwearbrasize,Size,MPH1110105102,Lingerie Sets,womeninnerwearbrasizeCC,womeninnerwearbrasizeClassifyingCategory,
Apparel ,womenbriefpattern,Pattern,MPH1110105102,Lingerie Sets,womenbriefpatternCC,womenbriefpatternClassifyingCategory,
Apparel ,padding,Padding,MPH1110105103,Corsets & Bustier,paddingCC,paddingClassifyingCategory,
Apparel ,brafabricfamily,Fabric Family,MPH1110105103,Corsets & Bustier,brafabricfamilyCC,brafabricfamilyClassifyingCategory,
Apparel ,sleepwearcoverage,Length,MPH1110105105,Gowns,sleepwearcoverageCC,sleepwearcoverageClassifyingCategory,
Apparel ,brafabricfamily,Fabric Family,MPH1110105109,Shapewear,brafabricfamilyCC,brafabricfamilyClassifyingCategory,
Apparel ,packcolor,Pack Color,MPH1111,Men's Apparel,apparelCC,apparelClassifyingCategory,
Apparel ,colorfamilyapparel,Color Family,MPH1111,Men's Apparel,apparelCC,apparelClassifyingCategory,
Apparel ,packquantity,Pack Quantity,MPH1111,Men's Apparel,apparelCC,apparelClassifyingCategory,
Apparel ,washcare,Wash Care,MPH1111100,Mens formal,washcareCC,washcareClassifyingCategory,
Apparel ,tshirttype,Tshirt Type,MPH1111101100,T-Shirts,tshirttypeCC,tshirttypeClassifyingCategory,
Apparel ,mencasualtopwearsize,Size,MPH1111101100,T-Shirts,mencasualtopwearsizeCC,mencasualtopwearsizeClassifyingCategory,
Apparel ,mencasualbottomwearsize,Size,MPH1111101103,Casual trousers,mencasualbottomwearsizeCC,mencasualbottomwearsizeClassifyingCategory,
Apparel ,waistrise,Waist Rise,MPH1111101104,Shorts,waistriseCC,waistriseClassifyingCategory,
Apparel ,fittopwearmen,Fit,MPH1111102102,Sports sets,fittopwearmenCC,fittopwearmenClassifyingCategory,
Apparel ,mencasualbottomwearsize,Size,MPH1111102104,Track pants,mencasualbottomwearsizeCC,mencasualbottomwearsizeClassifyingCategory,
Apparel ,menethinicwearcollarneck,Neck/Collar,MPH1111103100,Kurta,menethinicwearcollarneckCC,menethinicwearcollarneckClassifyingCategory,
Apparel ,mensleeve,Sleeve,MPH1111103100,Kurta,mensleeveCC,mensleeveClassifyingCategory,
Apparel ,menethinicwearsetsize,Size,MPH1111103101,Kurta set with bottom,menethinicwearsetsizeCC,menethinicwearsetsizeClassifyingCategory,
Apparel ,fittopwearmen,Fit,MPH1111103103,Ethnic suits,fittopwearmenCC,fittopwearmenClassifyingCategory,
Apparel ,fitbottomwearmen,Fit,MPH1111104100,Briefs,fitbottomwearmenCC,fitbottomwearmenClassifyingCategory,
Apparel ,brandfitname,Brand Fit Name,MPH1111104103,Vests,brandfitnameCC,brandfitnameClassifyingCategory,
Apparel ,mensleepwearsize,Size,MPH1111104104,Sleepwear,mensleepwearsizeCC,mensleepwearsizeClassifyingCategory,
Apparel ,mensleeve,Sleeve,MPH1111104104,Sleepwear,mensleeveCC,mensleeveClassifyingCategory,
Apparel ,fitbottomwearmen,Fit,MPH1111104105,Swimwear,fitbottomwearmenCC,fitbottomwearmenClassifyingCategory,
Apparel ,mencasualtopwearsize,Size,MPH1111101109,Blazers,mencasualtopwearsizeCC,mencasualtopwearsizeClassifyingCategory,
Apparel ,mencasualtopwearsize,Size,MPH1111101110,Others,mencasualtopwearsizeCC,mencasualtopwearsizeClassifyingCategory,
Apparel ,mencasualtopwearsize,Size,MPH1111102106 ,Others,mencasualtopwearsizeCC,mencasualtopwearsizeClassifyingCategory,
Apparel ,mencasualtopwearsize,Size,MPH1111102107,Others1,mencasualtopwearsizeCC,mencasualtopwearsizeClassifyingCategory,
Apparel ,menformalbottomwearsize,Size,MPH1111100106,Others2,menformalbottomwearsizeCC,menformalbottomwearsizeClassifyingCategory,
Apparel ,menformaltopwearsize,Size,MPH1111100104,Others,menformaltopwearsizeCC,menformaltopwearsizeClassifyingCategory,
Apparel ,menformaltopwearsize,Size,MPH1111100105,Others1,menformaltopwearsizeCC,menformaltopwearsizeClassifyingCategory,
Apparel ,ageband,Age Band,MPH1110100100,Sarees,apparelCC,apparelClassifyingCategory,ClassifyingCategory
Apparel ,ageband,Age Band,MPH1110100101,Kurta & kurtis,apparelCC,apparelClassifyingCategory,
Apparel ,ageband,Age Band,MPH1110100102,Suit Sets,apparelCC,apparelClassifyingCategory,
Apparel ,ageband,Age Band,MPH1110100103,Dress material,apparelCC,apparelClassifyingCategory,
Apparel ,ageband,Age Band,MPH1110100104,Ethnic bottom ,apparelCC,apparelClassifyingCategory,
Apparel ,ageband,Age Band,MPH1110100105,Duppatta,apparelCC,apparelClassifyingCategory,
Apparel ,ageband,Age Band,MPH1110100106,Ethnic Dresses,apparelCC,apparelClassifyingCategory,
Apparel ,ageband,Age Band,MPH1110100107,Lehenga sets,apparelCC,apparelClassifyingCategory,
Apparel ,ageband,Age Band,MPH1110100108,Blouses,apparelCC,apparelClassifyingCategory,
Apparel ,ageband,Age Band,MPH1110101100,Tops and tees,apparelCC,apparelClassifyingCategory,
Apparel ,ageband,Age Band,MPH1110101101,casual shirts,apparelCC,apparelClassifyingCategory,
Apparel ,ageband,Age Band,MPH1110101102,Jeans,apparelCC,apparelClassifyingCategory,
Apparel ,ageband,Age Band,MPH1110101103,Casual trousers,apparelCC,apparelClassifyingCategory,
Apparel ,ageband,Age Band,MPH1110101104,Shorts,apparelCC,apparelClassifyingCategory,
Apparel ,ageband,Age Band,MPH1110101105,Sweatshirts and hoodies,apparelCC,apparelClassifyingCategory,
Apparel ,ageband,Age Band,MPH1110101106,Sweaters,apparelCC,apparelClassifyingCategory,
Apparel ,ageband,Age Band,MPH1110101107,Casual jackets and blazers,apparelCC,apparelClassifyingCategory,
Apparel ,ageband,Age Band,MPH1110101108,Track pants,apparelCC,apparelClassifyingCategory,
Apparel ,ageband,Age Band,MPH1110101109,Casual dresses,apparelCC,apparelClassifyingCategory,
Apparel ,ageband,Age Band,MPH1110101110,Shrugs and cardigans,apparelCC,apparelClassifyingCategory,
Apparel ,ageband,Age Band,MPH1110101111,Skirts,apparelCC,apparelClassifyingCategory,
Apparel ,ageband,Age Band,MPH1110101112,Capris,apparelCC,apparelClassifyingCategory,
Apparel ,ageband,Age Band,MPH1110101113,Leggings & Jeggings,apparelCC,apparelClassifyingCategory,
Apparel ,ageband,Age Band,MPH1110101114,Jump suits,apparelCC,apparelClassifyingCategory,
Apparel ,ageband,Age Band,MPH1110102100,Formal shirt,apparelCC,apparelClassifyingCategory,
Apparel ,ageband,Age Band,MPH1110102101,Formal trousers,apparelCC,apparelClassifyingCategory,
Apparel ,ageband,Age Band,MPH1110102102,Formal suits,apparelCC,apparelClassifyingCategory,
Apparel ,ageband,Age Band,MPH1110102103,Formal coats jackets,apparelCC,apparelClassifyingCategory,
Apparel ,ageband,Age Band,MPH1110102104,Formal dress,apparelCC,apparelClassifyingCategory,
Apparel ,ageband,Age Band,MPH1110103100,Maternity Day Wear,apparelCC,apparelClassifyingCategory,
Apparel ,ageband,Age Band,MPH1110103101,Maternity Lingerie,apparelCC,apparelClassifyingCategory,
Apparel ,ageband,Age Band,MPH1110103102,Maternity Sleepwear,apparelCC,apparelClassifyingCategory,
Apparel ,ageband,Age Band,MPH1110103103,Maternity Accessories,apparelCC,apparelClassifyingCategory,
Apparel ,ageband,Age Band,MPH1110104100,Sports tshirt,apparelCC,apparelClassifyingCategory,
Apparel ,ageband,Age Band,MPH1110104101,Sports shorts,apparelCC,apparelClassifyingCategory,
Apparel ,ageband,Age Band,MPH1110104102,Sports sets,apparelCC,apparelClassifyingCategory,
Apparel ,ageband,Age Band,MPH1110104103,Sports jackets,apparelCC,apparelClassifyingCategory,
Apparel ,ageband,Age Band,MPH1110104104,Track pants,apparelCC,apparelClassifyingCategory,
Apparel ,ageband,Age Band,MPH1110104105,Swimwear,apparelCC,apparelClassifyingCategory,
Apparel ,ageband,Age Band,MPH1110104106,Sports innerwear,apparelCC,apparelClassifyingCategory,
Apparel ,ageband,Age Band,MPH1110105100,Bras & Bra Sets,apparelCC,apparelClassifyingCategory,
Apparel ,ageband,Age Band,MPH1110105101,Camisoles & Camisole Sets,apparelCC,apparelClassifyingCategory,
Apparel ,ageband,Age Band,MPH1110105102,Lingerie Sets,apparelCC,apparelClassifyingCategory,
Apparel ,ageband,Age Band,MPH1110105103,Corsets & Bustier,apparelCC,apparelClassifyingCategory,
Apparel ,ageband,Age Band,MPH1110105104,Sleepwear & Robes,apparelCC,apparelClassifyingCategory,
Apparel ,ageband,Age Band,MPH1110105105,Gowns,apparelCC,apparelClassifyingCategory,
Apparel ,ageband,Age Band,MPH1110105106,Panties,apparelCC,apparelClassifyingCategory,
Apparel ,ageband,Age Band,MPH1110105107,Intimate wear,apparelCC,apparelClassifyingCategory,
Apparel ,ageband,Age Band,MPH1110105108,Stockings &Tights,apparelCC,apparelClassifyingCategory,
Apparel ,ageband,Age Band,MPH1110105109,Shapewear,apparelCC,apparelClassifyingCategory,
Apparel ,ageband,Age Band,MPH1110106100,Socks,apparelCC,apparelClassifyingCategory,
Apparel ,ageband,Age Band,MPH1111100100,Formal shirt,apparelCC,apparelClassifyingCategory,
Apparel ,ageband,Age Band,MPH1111100101,Formal trousers,apparelCC,apparelClassifyingCategory,
Apparel ,ageband,Age Band,MPH1111100102,Formal suits,apparelCC,apparelClassifyingCategory,
Apparel ,ageband,Age Band,MPH1111100103,Formal coats & jackets,apparelCC,apparelClassifyingCategory,
Apparel ,ageband,Age Band,MPH1111101100,T-Shirts,apparelCC,apparelClassifyingCategory,
Apparel ,ageband,Age Band,MPH1111101101,casual shirts,apparelCC,apparelClassifyingCategory,
Apparel ,ageband,Age Band,MPH1111101102,Jeans,apparelCC,apparelClassifyingCategory,
Apparel ,ageband,Age Band,MPH1111101103,Casual trousers,apparelCC,apparelClassifyingCategory,
Apparel ,ageband,Age Band,MPH1111101104,Shorts,apparelCC,apparelClassifyingCategory,
Apparel ,ageband,Age Band,MPH1111101105,Sweatshirts and hoodies,apparelCC,apparelClassifyingCategory,
Apparel ,ageband,Age Band,MPH1111101106,Sweaters,apparelCC,apparelClassifyingCategory,
Apparel ,ageband,Age Band,MPH1111101107,Casual Jackets,apparelCC,apparelClassifyingCategory,
Apparel ,ageband,Age Band,MPH1111101108,Track pants,apparelCC,apparelClassifyingCategory,
Apparel ,ageband,Age Band,MPH1111101109,Blazers,apparelCC,apparelClassifyingCategory,
Apparel ,ageband,Age Band,MPH1111102100,Sports tshirt,apparelCC,apparelClassifyingCategory,
Apparel ,ageband,Age Band,MPH1111102101,Sports shorts,apparelCC,apparelClassifyingCategory,
Apparel ,ageband,Age Band,MPH1111102102,Sports sets,apparelCC,apparelClassifyingCategory,
Apparel ,ageband,Age Band,MPH1111102103,Sports jackets,apparelCC,apparelClassifyingCategory,
Apparel ,ageband,Age Band,MPH1111102104 ,Bottomwear,apparelCC,apparelClassifyingCategory,
Apparel ,ageband,Age Band,MPH1111102105,Swimwear,apparelCC,apparelClassifyingCategory,
Apparel ,ageband,Age Band,MPH1111103100,Kurta,apparelCC,apparelClassifyingCategory,
Apparel ,ageband,Age Band,MPH1111103101,Kurta set with bottom,apparelCC,apparelClassifyingCategory,
Apparel ,ageband,Age Band,MPH1111103102,Bottomwear,apparelCC,apparelClassifyingCategory,
Apparel ,ageband,Age Band,MPH1111103103,Ethnic suits,apparelCC,apparelClassifyingCategory,
Apparel ,ageband,Age Band,MPH1111103104,Ethnic headgear,apparelCC,apparelClassifyingCategory,
Apparel ,ageband,Age Band,MPH1111103105,Nehru Jackets,apparelCC,apparelClassifyingCategory,
Apparel ,ageband,Age Band,MPH1111103106,Sherwani,apparelCC,apparelClassifyingCategory,
Apparel ,ageband,Age Band,MPH1111103107,Blazers,apparelCC,apparelClassifyingCategory,
Apparel ,ageband,Age Band,MPH1111103108,Shirts,apparelCC,apparelClassifyingCategory,
Apparel ,ageband,Age Band,MPH1111103109,Accessories,apparelCC,apparelClassifyingCategory,
Apparel ,ageband,Age Band,MPH1111104100,Briefs,apparelCC,apparelClassifyingCategory,
Apparel ,ageband,Age Band,MPH1111104101,Trunks,apparelCC,apparelClassifyingCategory,
Apparel ,ageband,Age Band,MPH1111104102,Boxers,apparelCC,apparelClassifyingCategory,
Apparel ,ageband,Age Band,MPH1111104103,Vests,apparelCC,apparelClassifyingCategory,
Apparel ,ageband,Age Band,MPH1111104104,Sleepwear,apparelCC,apparelClassifyingCategory,
Apparel ,ageband,Age Band,MPH1111104105,Swimwear,apparelCC,apparelClassifyingCategory,
Apparel ,ageband,Age Band,MPH1111104106,Thermals,apparelCC,apparelClassifyingCategory,
Apparel ,ageband,Age Band,MPH1111105100,Socks,apparelCC,apparelClassifyingCategory,
Apparel ,apparelsports,Sports,MPH1110104100,Sports tshirt,apparelsportsCC,apparelsportsClassifyingCategory,
Apparel ,apparelsports,Sports,MPH1110104101,Sports shorts,apparelsportsCC,apparelsportsClassifyingCategory,
Apparel ,apparelsports,Sports,MPH1110104102,Sports sets,apparelsportsCC,apparelsportsClassifyingCategory,
Apparel ,apparelsports,Sports,MPH1110104103,Sports jackets,apparelsportsCC,apparelsportsClassifyingCategory,
Apparel ,apparelsports,Sports,MPH1110104104,Track pants,apparelsportsCC,apparelsportsClassifyingCategory,
Apparel ,apparelsports,Sports,MPH1110104105,Swimwear,apparelsportsCC,apparelsportsClassifyingCategory,
Apparel ,apparelsports,Sports,MPH1110104106,Sports innerwear,apparelsportsCC,apparelsportsClassifyingCategory,
Apparel ,apparelsports,Sports,MPH1111102100,Sports tshirt,apparelsportsCC,apparelsportsClassifyingCategory,
Apparel ,apparelsports,Sports,MPH1111102101,Sports shorts,apparelsportsCC,apparelsportsClassifyingCategory,
Apparel ,apparelsports,Sports,MPH1111102102,Sports sets,apparelsportsCC,apparelsportsClassifyingCategory,
Apparel ,apparelsports,Sports,MPH1111102103,Sports jackets,apparelsportsCC,apparelsportsClassifyingCategory,
Apparel ,apparelsports,Sports,MPH1111102105,Swimwear,apparelsportsCC,apparelsportsClassifyingCategory,
Apparel ,apparelsports,Sports,MPH1111102104 ,Bottomwear,apparelsportsCC,apparelsportsClassifyingCategory,
Apparel ,menfabric,Fabric Family,MPH1111100100,Formal shirt,menfabricCC,menfabricClassifyingCategory,
Apparel ,menfabric,Fabric Family,MPH1111100101,Formal trousers,menfabricCC,menfabricClassifyingCategory,
Apparel ,menfabric,Fabric Family,MPH1111100102,Formal suits,menfabricCC,menfabricClassifyingCategory,
Apparel ,menfabric,Fabric Family,MPH1111100103,Formal coats & jackets,menfabricCC,menfabricClassifyingCategory,
Apparel ,menfabric,Fabric Family,MPH1111101100,T-Shirts,menfabricCC,menfabricClassifyingCategory,
Apparel ,menfabric,Fabric Family,MPH1111101101,casual shirts,menfabricCC,menfabricClassifyingCategory,
Apparel ,menfabric,Fabric Family,MPH1111101102,Jeans,menfabricCC,menfabricClassifyingCategory,
Apparel ,menfabric,Fabric Family,MPH1111101103,Casual trousers,menfabricCC,menfabricClassifyingCategory,
Apparel ,menfabric,Fabric Family,MPH1111101104,Shorts,menfabricCC,menfabricClassifyingCategory,
Apparel ,menfabric,Fabric Family,MPH1111101105,Sweatshirts and hoodies,menfabricCC,menfabricClassifyingCategory,
Apparel ,menfabric,Fabric Family,MPH1111101106,Sweaters,menfabricCC,menfabricClassifyingCategory,
Apparel ,menfabric,Fabric Family,MPH1111101107,Casual Jackets,menfabricCC,menfabricClassifyingCategory,
Apparel ,menfabric,Fabric Family,MPH1111101108,Track pants,menfabricCC,menfabricClassifyingCategory,
Apparel ,menfabric,Fabric Family,MPH1111101109,Blazers,menfabricCC,menfabricClassifyingCategory,
Apparel ,menfabric,Fabric Family,MPH1111102100,Sports tshirt,menfabricCC,menfabricClassifyingCategory,
Apparel ,menfabric,Fabric Family,MPH1111102101,Sports shorts,menfabricCC,menfabricClassifyingCategory,
Apparel ,menfabric,Fabric Family,MPH1111102102,Sports sets,menfabricCC,menfabricClassifyingCategory,
Apparel ,menfabric,Fabric Family,MPH1111102103,Sports jackets,menfabricCC,menfabricClassifyingCategory,
Apparel ,menfabric,Fabric Family,MPH1111102105,Swimwear,menfabricCC,menfabricClassifyingCategory,
Apparel ,menfabric,Fabric Family,MPH1111102104 ,Bottomwear,menfabricCC,menfabricClassifyingCategory,
Apparel ,menfabric,Fabric Family,MPH1111103100,Kurta,menfabricCC,menfabricClassifyingCategory,
Apparel ,menfabric,Fabric Family,MPH1111103101,Kurta set with bottom,menfabricCC,menfabricClassifyingCategory,
Apparel ,menfabric,Fabric Family,MPH1111103102,Bottomwear,menfabricCC,menfabricClassifyingCategory,
Apparel ,menfabric,Fabric Family,MPH1111103103,Ethnic suits,menfabricCC,menfabricClassifyingCategory,
Apparel ,menfabric,Fabric Family,MPH1111103104,Ethnic headgear,menfabricCC,menfabricClassifyingCategory,
Apparel ,menfabric,Fabric Family,MPH1111103105,Nehru Jackets,menfabricCC,menfabricClassifyingCategory,
Apparel ,menfabric,Fabric Family,MPH1111103106,Sherwani,menfabricCC,menfabricClassifyingCategory,
Apparel ,menfabric,Fabric Family,MPH1111103107,Blazers,menfabricCC,menfabricClassifyingCategory,
Apparel ,menfabric,Fabric Family,MPH1111103108,Shirts,menfabricCC,menfabricClassifyingCategory,
Apparel ,menfabric,Fabric Family,MPH1111103109,Accessories,menfabricCC,menfabricClassifyingCategory,
Apparel ,menfabric,Fabric Family,MPH1111104100,Briefs,menfabricCC,menfabricClassifyingCategory,
Apparel ,menfabric,Fabric Family,MPH1111104101,Trunks,menfabricCC,menfabricClassifyingCategory,
Apparel ,menfabric,Fabric Family,MPH1111104102,Boxers,menfabricCC,menfabricClassifyingCategory,
Apparel ,menfabric,Fabric Family,MPH1111104103,Vests,menfabricCC,menfabricClassifyingCategory,
Apparel ,menfabric,Fabric Family,MPH1111104104,Sleepwear,menfabricCC,menfabricClassifyingCategory,
Apparel ,menfabric,Fabric Family,MPH1111104105,Swimwear,menfabricCC,menfabricClassifyingCategory,
Apparel ,menfabric,Fabric Family,MPH1111104106,Thermals,menfabricCC,menfabricClassifyingCategory,
Apparel ,menfabric,Fabric Family,MPH1111105100,Socks,menfabricCC,menfabricClassifyingCategory,
Apparel ,meninnerwearsize,Size,MPH1111104106,Thermals,meninnerwearsizeCC,meninnerwearsizeClassifyingCategory,
Apparel ,meninnerwearsize,Size,MPH1111104107,Others,meninnerwearsizeCC,meninnerwearsizeClassifyingCategory,
Apparel ,meninnerwearsize,Size,MPH1111104108,Others1,meninnerwearsizeCC,meninnerwearsizeClassifyingCategory,
Apparel ,mensleepwearsize,Size,MPH1111104109,Others2,mensleepwearsizeCC,mensleepwearsizeClassifyingCategory,
Apparel ,menethinicwearbottomwearsize,Size,MPH1111103112,Others2,menethinicwearbottomwearsizeCC,menethinicwearbottomwearsizeClassifyingCategory,
Apparel ,menethinicweartopwearsize,Size,MPH1111103105,Nehru Jackets,menethinicweartopwearsizeCC,menethinicweartopwearsizeClassifyingCategory,
Apparel ,menethinicweartopwearsize,Size,MPH1111103106,Sherwani,menethinicweartopwearsizeCC,menethinicweartopwearsizeClassifyingCategory,
Apparel ,menethinicweartopwearsize,Size,MPH1111103107,Blazers,menethinicweartopwearsizeCC,menethinicweartopwearsizeClassifyingCategory,
Apparel ,menethinicweartopwearsize,Size,MPH1111103108,Shirts,menethinicweartopwearsizeCC,menethinicweartopwearsizeClassifyingCategory,
Apparel ,menethinicweartopwearsize,Size,MPH1111103109,Accessories,menethinicweartopwearsizeCC,menethinicweartopwearsizeClassifyingCategory,
Apparel ,menethinicweartopwearsize,Size,MPH1111103110,Others,menethinicweartopwearsizeCC,menethinicweartopwearsizeClassifyingCategory,
Apparel ,menethinicweartopwearsize,Size,MPH1111103111,Others1,menethinicweartopwearsizeCC,menethinicweartopwearsizeClassifyingCategory,
Apparel ,mencasualbottomwearsize,Size,MPH1111101111,Others1,mencasualbottomwearsizeCC,mencasualbottomwearsizeClassifyingCategory,
Apparel ,mencasualbottomwearsize,Size,MPH1111101112,Others2,mencasualbottomwearsizeCC,mencasualbottomwearsizeClassifyingCategory,
Apparel ,mencasualbottomwearsize,Size,MPH1111102104 ,Bottomwear,mencasualbottomwearsizeCC,mencasualbottomwearsizeClassifyingCategory,
Apparel ,mencasualbottomwearsize,Size,MPH1111102108 ,Others2,mencasualbottomwearsizeCC,mencasualbottomwearsizeClassifyingCategory,
Apparel ,keytrendsapparel,Key Trends,MPH1110100100,Sarees,keytrendsapparelCC,keytrendsapparelClassifyingCategory,
Apparel ,keytrendsapparel,Key Trends,MPH1110100101,Kurta & kurtis,keytrendsapparelCC,keytrendsapparelClassifyingCategory,
Apparel ,keytrendsapparel,Key Trends,MPH1110100102,Suit Sets,keytrendsapparelCC,keytrendsapparelClassifyingCategory,
Apparel ,keytrendsapparel,Key Trends,MPH1110100103,Dress material,keytrendsapparelCC,keytrendsapparelClassifyingCategory,
Apparel ,keytrendsapparel,Key Trends,MPH1110100104,Ethnic bottom ,keytrendsapparelCC,keytrendsapparelClassifyingCategory,
Apparel ,keytrendsapparel,Key Trends,MPH1110100105,Duppatta,keytrendsapparelCC,keytrendsapparelClassifyingCategory,
Apparel ,keytrendsapparel,Key Trends,MPH1110100106,Ethnic Dresses,keytrendsapparelCC,keytrendsapparelClassifyingCategory,
Apparel ,keytrendsapparel,Key Trends,MPH1110100107,Lehenga sets,keytrendsapparelCC,keytrendsapparelClassifyingCategory,
Apparel ,keytrendsapparel,Key Trends,MPH1110100108,Blouses,keytrendsapparelCC,keytrendsapparelClassifyingCategory,
Apparel ,keytrendsapparel,Key Trends,MPH1110101100,Tops and tees,keytrendsapparelCC,keytrendsapparelClassifyingCategory,
Apparel ,keytrendsapparel,Key Trends,MPH1110101101,casual shirts,keytrendsapparelCC,keytrendsapparelClassifyingCategory,
Apparel ,keytrendsapparel,Key Trends,MPH1110101102,Jeans,keytrendsapparelCC,keytrendsapparelClassifyingCategory,
Apparel ,keytrendsapparel,Key Trends,MPH1110101103,Casual trousers,keytrendsapparelCC,keytrendsapparelClassifyingCategory,
Apparel ,keytrendsapparel,Key Trends,MPH1110101104,Shorts,keytrendsapparelCC,keytrendsapparelClassifyingCategory,
Apparel ,keytrendsapparel,Key Trends,MPH1110101105,Sweatshirts and hoodies,keytrendsapparelCC,keytrendsapparelClassifyingCategory,
Apparel ,keytrendsapparel,Key Trends,MPH1110101106,Sweaters,keytrendsapparelCC,keytrendsapparelClassifyingCategory,
Apparel ,keytrendsapparel,Key Trends,MPH1110101107,Casual jackets and blazers,keytrendsapparelCC,keytrendsapparelClassifyingCategory,
Apparel ,keytrendsapparel,Key Trends,MPH1110101108,Track pants,keytrendsapparelCC,keytrendsapparelClassifyingCategory,
Apparel ,keytrendsapparel,Key Trends,MPH1110101109,Casual dresses,keytrendsapparelCC,keytrendsapparelClassifyingCategory,
Apparel ,keytrendsapparel,Key Trends,MPH1110101110,Shrugs and cardigans,keytrendsapparelCC,keytrendsapparelClassifyingCategory,
Apparel ,keytrendsapparel,Key Trends,MPH1110101111,Skirts,keytrendsapparelCC,keytrendsapparelClassifyingCategory,
Apparel ,keytrendsapparel,Key Trends,MPH1110101112,Capris,keytrendsapparelCC,keytrendsapparelClassifyingCategory,
Apparel ,keytrendsapparel,Key Trends,MPH1110101113,Leggings & Jeggings,keytrendsapparelCC,keytrendsapparelClassifyingCategory,
Apparel ,keytrendsapparel,Key Trends,MPH1110101114,Jump suits,keytrendsapparelCC,keytrendsapparelClassifyingCategory,
Apparel ,keytrendsapparel,Key Trends,MPH1110102100,Formal shirt,keytrendsapparelCC,keytrendsapparelClassifyingCategory,
Apparel ,keytrendsapparel,Key Trends,MPH1110102101,Formal trousers,keytrendsapparelCC,keytrendsapparelClassifyingCategory,
Apparel ,keytrendsapparel,Key Trends,MPH1110102102,Formal suits,keytrendsapparelCC,keytrendsapparelClassifyingCategory,
Apparel ,keytrendsapparel,Key Trends,MPH1110102103,Formal coats jackets,keytrendsapparelCC,keytrendsapparelClassifyingCategory,
Apparel ,keytrendsapparel,Key Trends,MPH1110102104,Formal dress,keytrendsapparelCC,keytrendsapparelClassifyingCategory,
Apparel ,keytrendsapparel,Key Trends,MPH1110103100,Maternity Day Wear,keytrendsapparelCC,keytrendsapparelClassifyingCategory,
Apparel ,keytrendsapparel,Key Trends,MPH1110103101,Maternity Lingerie,keytrendsapparelCC,keytrendsapparelClassifyingCategory,
Apparel ,keytrendsapparel,Key Trends,MPH1110103102,Maternity Sleepwear,keytrendsapparelCC,keytrendsapparelClassifyingCategory,
Apparel ,keytrendsapparel,Key Trends,MPH1110103103,Maternity Accessories,keytrendsapparelCC,keytrendsapparelClassifyingCategory,
Apparel ,keytrendsapparel,Key Trends,MPH1110104100,Sports tshirt,keytrendsapparelCC,keytrendsapparelClassifyingCategory,
Apparel ,keytrendsapparel,Key Trends,MPH1110104101,Sports shorts,keytrendsapparelCC,keytrendsapparelClassifyingCategory,
Apparel ,keytrendsapparel,Key Trends,MPH1110104102,Sports sets,keytrendsapparelCC,keytrendsapparelClassifyingCategory,
Apparel ,keytrendsapparel,Key Trends,MPH1110104103,Sports jackets,keytrendsapparelCC,keytrendsapparelClassifyingCategory,
Apparel ,keytrendsapparel,Key Trends,MPH1110104104,Track pants,keytrendsapparelCC,keytrendsapparelClassifyingCategory,
Apparel ,keytrendsapparel,Key Trends,MPH1110104105,Swimwear,keytrendsapparelCC,keytrendsapparelClassifyingCategory,
Apparel ,keytrendsapparel,Key Trends,MPH1110104106,Sports innerwear,keytrendsapparelCC,keytrendsapparelClassifyingCategory,
Apparel ,keytrendsapparel,Key Trends,MPH1110105100,Bras & Bra Sets,keytrendsapparelCC,keytrendsapparelClassifyingCategory,
Apparel ,keytrendsapparel,Key Trends,MPH1110105101,Camisoles & Camisole Sets,keytrendsapparelCC,keytrendsapparelClassifyingCategory,
Apparel ,keytrendsapparel,Key Trends,MPH1110105102,Lingerie Sets,keytrendsapparelCC,keytrendsapparelClassifyingCategory,
Apparel ,keytrendsapparel,Key Trends,MPH1110105103,Corsets & Bustier,keytrendsapparelCC,keytrendsapparelClassifyingCategory,
Apparel ,keytrendsapparel,Key Trends,MPH1110105104,Sleepwear & Robes,keytrendsapparelCC,keytrendsapparelClassifyingCategory,
Apparel ,keytrendsapparel,Key Trends,MPH1110105105,Gowns,keytrendsapparelCC,keytrendsapparelClassifyingCategory,
Apparel ,keytrendsapparel,Key Trends,MPH1110105106,Panties,keytrendsapparelCC,keytrendsapparelClassifyingCategory,
Apparel ,keytrendsapparel,Key Trends,MPH1110105107,Intimate wear,keytrendsapparelCC,keytrendsapparelClassifyingCategory,
Apparel ,keytrendsapparel,Key Trends,MPH1110105108,Stockings &Tights,keytrendsapparelCC,keytrendsapparelClassifyingCategory,
Apparel ,keytrendsapparel,Key Trends,MPH1110105109,Shapewear,keytrendsapparelCC,keytrendsapparelClassifyingCategory,
Apparel ,keytrendsapparel,Key Trends,MPH1110106100,Socks,keytrendsapparelCC,keytrendsapparelClassifyingCategory,
Apparel ,keytrendsapparel,Key Trends,MPH1111100100,Formal shirt,keytrendsapparelCC,keytrendsapparelClassifyingCategory,
Apparel ,keytrendsapparel,Key Trends,MPH1111100101,Formal trousers,keytrendsapparelCC,keytrendsapparelClassifyingCategory,
Apparel ,keytrendsapparel,Key Trends,MPH1111100102,Formal suits,keytrendsapparelCC,keytrendsapparelClassifyingCategory,
Apparel ,keytrendsapparel,Key Trends,MPH1111100103,Formal coats & jackets,keytrendsapparelCC,keytrendsapparelClassifyingCategory,
Apparel ,keytrendsapparel,Key Trends,MPH1111101100,T-Shirts,keytrendsapparelCC,keytrendsapparelClassifyingCategory,
Apparel ,keytrendsapparel,Key Trends,MPH1111101101,casual shirts,keytrendsapparelCC,keytrendsapparelClassifyingCategory,
Apparel ,keytrendsapparel,Key Trends,MPH1111101102,Jeans,keytrendsapparelCC,keytrendsapparelClassifyingCategory,
Apparel ,keytrendsapparel,Key Trends,MPH1111101103,Casual trousers,keytrendsapparelCC,keytrendsapparelClassifyingCategory,
Apparel ,keytrendsapparel,Key Trends,MPH1111101104,Shorts,keytrendsapparelCC,keytrendsapparelClassifyingCategory,
Apparel ,keytrendsapparel,Key Trends,MPH1111101105,Sweatshirts and hoodies,keytrendsapparelCC,keytrendsapparelClassifyingCategory,
Apparel ,keytrendsapparel,Key Trends,MPH1111101106,Sweaters,keytrendsapparelCC,keytrendsapparelClassifyingCategory,
Apparel ,keytrendsapparel,Key Trends,MPH1111101107,Casual Jackets,keytrendsapparelCC,keytrendsapparelClassifyingCategory,
Apparel ,keytrendsapparel,Key Trends,MPH1111101108,Track pants,keytrendsapparelCC,keytrendsapparelClassifyingCategory,
Apparel ,keytrendsapparel,Key Trends,MPH1111101109,Blazers,keytrendsapparelCC,keytrendsapparelClassifyingCategory,
Apparel ,keytrendsapparel,Key Trends,MPH1111102100,Sports tshirt,keytrendsapparelCC,keytrendsapparelClassifyingCategory,
Apparel ,keytrendsapparel,Key Trends,MPH1111102101,Sports shorts,keytrendsapparelCC,keytrendsapparelClassifyingCategory,
Apparel ,keytrendsapparel,Key Trends,MPH1111102102,Sports sets,keytrendsapparelCC,keytrendsapparelClassifyingCategory,
Apparel ,keytrendsapparel,Key Trends,MPH1111102103,Sports jackets,keytrendsapparelCC,keytrendsapparelClassifyingCategory,
Apparel ,keytrendsapparel,Key Trends,MPH1111102105,Swimwear,keytrendsapparelCC,keytrendsapparelClassifyingCategory,
Apparel ,keytrendsapparel,Key Trends,MPH1111102104 ,Bottomwear,keytrendsapparelCC,keytrendsapparelClassifyingCategory,
Apparel ,keytrendsapparel,Key Trends,MPH1111103100,Kurta,keytrendsapparelCC,keytrendsapparelClassifyingCategory,
Apparel ,keytrendsapparel,Key Trends,MPH1111103101,Kurta set with bottom,keytrendsapparelCC,keytrendsapparelClassifyingCategory,
Apparel ,keytrendsapparel,Key Trends,MPH1111103102,Bottomwear,keytrendsapparelCC,keytrendsapparelClassifyingCategory,
Apparel ,keytrendsapparel,Key Trends,MPH1111103103,Ethnic suits,keytrendsapparelCC,keytrendsapparelClassifyingCategory,
Apparel ,keytrendsapparel,Key Trends,MPH1111103104,Ethnic headgear,keytrendsapparelCC,keytrendsapparelClassifyingCategory,
Apparel ,keytrendsapparel,Key Trends,MPH1111103105,Nehru Jackets,keytrendsapparelCC,keytrendsapparelClassifyingCategory,
Apparel ,keytrendsapparel,Key Trends,MPH1111103106,Sherwani,keytrendsapparelCC,keytrendsapparelClassifyingCategory,
Apparel ,keytrendsapparel,Key Trends,MPH1111103107,Blazers,keytrendsapparelCC,keytrendsapparelClassifyingCategory,
Apparel ,keytrendsapparel,Key Trends,MPH1111103108,Shirts,keytrendsapparelCC,keytrendsapparelClassifyingCategory,
Apparel ,keytrendsapparel,Key Trends,MPH1111103109,Accessories,keytrendsapparelCC,keytrendsapparelClassifyingCategory,
Apparel ,keytrendsapparel,Key Trends,MPH1111104100,Briefs,keytrendsapparelCC,keytrendsapparelClassifyingCategory,
Apparel ,keytrendsapparel,Key Trends,MPH1111104101,Trunks,keytrendsapparelCC,keytrendsapparelClassifyingCategory,
Apparel ,keytrendsapparel,Key Trends,MPH1111104102,Boxers,keytrendsapparelCC,keytrendsapparelClassifyingCategory,
Apparel ,keytrendsapparel,Key Trends,MPH1111104103,Vests,keytrendsapparelCC,keytrendsapparelClassifyingCategory,
Apparel ,keytrendsapparel,Key Trends,MPH1111104104,Sleepwear,keytrendsapparelCC,keytrendsapparelClassifyingCategory,
Apparel ,keytrendsapparel,Key Trends,MPH1111104105,Swimwear,keytrendsapparelCC,keytrendsapparelClassifyingCategory,
Apparel ,keytrendsapparel,Key Trends,MPH1111104106,Thermals,keytrendsapparelCC,keytrendsapparelClassifyingCategory,
Apparel ,keytrendsapparel,Key Trends,MPH1111105100,Socks,keytrendsapparelCC,keytrendsapparelClassifyingCategory,
Apparel ,seasonapparel,Season,MPH1110,Women's Apparel,seasonapparelCC,seasonapparelClassifyingCategory,
Apparel ,seasonapparel,Season,MPH1111,Men's Apparel,seasonapparelCC,seasonapparelClassifyingCategory,
Apparel ,sportstypeapparel,Sports Type,MPH1111102100,Sports tshirt,sportstypeapparelCC,sportstypeapparelClassifyingCategory,
Apparel ,sportstypeapparel,Sports Type,MPH1111102101,Sports shorts,sportstypeapparelCC,sportstypeapparelClassifyingCategory,
Apparel ,sportstypeapparel,Sports Type,MPH1111102102,Sports sets,sportstypeapparelCC,sportstypeapparelClassifyingCategory,
Apparel ,sportstypeapparel,Sports Type,MPH1111102103,Sports jackets,sportstypeapparelCC,sportstypeapparelClassifyingCategory,
Apparel ,sportstypeapparel,Sports Type,MPH1111102105,Swimwear,sportstypeapparelCC,sportstypeapparelClassifyingCategory,
Apparel ,sportstypeapparel,Sports Type,MPH1111102104 ,Bottomwear,sportstypeapparelCC,sportstypeapparelClassifyingCategory,
Apparel ,colorgroupapparel,Color Group,MPH1110100100,Sarees,colorgroupapparelCC,colorgroupapparelClassifyingCategory,
Apparel ,colorgroupapparel,Color Group,MPH1110100101,Kurta & kurtis,colorgroupapparelCC,colorgroupapparelClassifyingCategory,
Apparel ,colorgroupapparel,Color Group,MPH1110100102,Suit Sets,colorgroupapparelCC,colorgroupapparelClassifyingCategory,
Apparel ,colorgroupapparel,Color Group,MPH1110100103,Dress material,colorgroupapparelCC,colorgroupapparelClassifyingCategory,
Apparel ,colorgroupapparel,Color Group,MPH1110100104,Ethnic bottom ,colorgroupapparelCC,colorgroupapparelClassifyingCategory,
Apparel ,colorgroupapparel,Color Group,MPH1110100105,Duppatta,colorgroupapparelCC,colorgroupapparelClassifyingCategory,
Apparel ,colorgroupapparel,Color Group,MPH1110100106,Ethnic Dresses,colorgroupapparelCC,colorgroupapparelClassifyingCategory,
Apparel ,colorgroupapparel,Color Group,MPH1110100107,Lehenga sets,colorgroupapparelCC,colorgroupapparelClassifyingCategory,
Apparel ,colorgroupapparel,Color Group,MPH1110100108,Blouses,colorgroupapparelCC,colorgroupapparelClassifyingCategory,
Apparel ,colorgroupapparel,Color Group,MPH1110101100,Tops and tees,colorgroupapparelCC,colorgroupapparelClassifyingCategory,
Apparel ,colorgroupapparel,Color Group,MPH1110101101,casual shirts,colorgroupapparelCC,colorgroupapparelClassifyingCategory,
Apparel ,colorgroupapparel,Color Group,MPH1110101102,Jeans,colorgroupapparelCC,colorgroupapparelClassifyingCategory,
Apparel ,colorgroupapparel,Color Group,MPH1110101103,Casual trousers,colorgroupapparelCC,colorgroupapparelClassifyingCategory,
Apparel ,colorgroupapparel,Color Group,MPH1110101104,Shorts,colorgroupapparelCC,colorgroupapparelClassifyingCategory,
Apparel ,colorgroupapparel,Color Group,MPH1110101105,Sweatshirts and hoodies,colorgroupapparelCC,colorgroupapparelClassifyingCategory,
Apparel ,colorgroupapparel,Color Group,MPH1110101106,Sweaters,colorgroupapparelCC,colorgroupapparelClassifyingCategory,
Apparel ,colorgroupapparel,Color Group,MPH1110101107,Casual jackets and blazers,colorgroupapparelCC,colorgroupapparelClassifyingCategory,
Apparel ,colorgroupapparel,Color Group,MPH1110101108,Track pants,colorgroupapparelCC,colorgroupapparelClassifyingCategory,
Apparel ,colorgroupapparel,Color Group,MPH1110101109,Casual dresses,colorgroupapparelCC,colorgroupapparelClassifyingCategory,
Apparel ,colorgroupapparel,Color Group,MPH1110101110,Shrugs and cardigans,colorgroupapparelCC,colorgroupapparelClassifyingCategory,
Apparel ,colorgroupapparel,Color Group,MPH1110101111,Skirts,colorgroupapparelCC,colorgroupapparelClassifyingCategory,
Apparel ,colorgroupapparel,Color Group,MPH1110101112,Capris,colorgroupapparelCC,colorgroupapparelClassifyingCategory,
Apparel ,colorgroupapparel,Color Group,MPH1110101113,Leggings & Jeggings,colorgroupapparelCC,colorgroupapparelClassifyingCategory,
Apparel ,colorgroupapparel,Color Group,MPH1110101114,Jump suits,colorgroupapparelCC,colorgroupapparelClassifyingCategory,
Apparel ,colorgroupapparel,Color Group,MPH1110102100,Formal shirt,colorgroupapparelCC,colorgroupapparelClassifyingCategory,
Apparel ,colorgroupapparel,Color Group,MPH1110102101,Formal trousers,colorgroupapparelCC,colorgroupapparelClassifyingCategory,
Apparel ,colorgroupapparel,Color Group,MPH1110102102,Formal suits,colorgroupapparelCC,colorgroupapparelClassifyingCategory,
Apparel ,colorgroupapparel,Color Group,MPH1110102103,Formal coats jackets,colorgroupapparelCC,colorgroupapparelClassifyingCategory,
Apparel ,colorgroupapparel,Color Group,MPH1110102104,Formal dress,colorgroupapparelCC,colorgroupapparelClassifyingCategory,
Apparel ,colorgroupapparel,Color Group,MPH1110103100,Maternity Day Wear,colorgroupapparelCC,colorgroupapparelClassifyingCategory,
Apparel ,colorgroupapparel,Color Group,MPH1110103101,Maternity Lingerie,colorgroupapparelCC,colorgroupapparelClassifyingCategory,
Apparel ,colorgroupapparel,Color Group,MPH1110103102,Maternity Sleepwear,colorgroupapparelCC,colorgroupapparelClassifyingCategory,
Apparel ,colorgroupapparel,Color Group,MPH1110103103,Maternity Accessories,colorgroupapparelCC,colorgroupapparelClassifyingCategory,
Apparel ,colorgroupapparel,Color Group,MPH1110104100,Sports tshirt,colorgroupapparelCC,colorgroupapparelClassifyingCategory,
Apparel ,colorgroupapparel,Color Group,MPH1110104101,Sports shorts,colorgroupapparelCC,colorgroupapparelClassifyingCategory,
Apparel ,colorgroupapparel,Color Group,MPH1110104102,Sports sets,colorgroupapparelCC,colorgroupapparelClassifyingCategory,
Apparel ,colorgroupapparel,Color Group,MPH1110104103,Sports jackets,colorgroupapparelCC,colorgroupapparelClassifyingCategory,
Apparel ,colorgroupapparel,Color Group,MPH1110104104,Track pants,colorgroupapparelCC,colorgroupapparelClassifyingCategory,
Apparel ,colorgroupapparel,Color Group,MPH1110104105,Swimwear,colorgroupapparelCC,colorgroupapparelClassifyingCategory,
Apparel ,colorgroupapparel,Color Group,MPH1110104106,Sports innerwear,colorgroupapparelCC,colorgroupapparelClassifyingCategory,
Apparel ,colorgroupapparel,Color Group,MPH1110105100,Bras & Bra Sets,colorgroupapparelCC,colorgroupapparelClassifyingCategory,
Apparel ,colorgroupapparel,Color Group,MPH1110105101,Camisoles & Camisole Sets,colorgroupapparelCC,colorgroupapparelClassifyingCategory,
Apparel ,colorgroupapparel,Color Group,MPH1110105102,Lingerie Sets,colorgroupapparelCC,colorgroupapparelClassifyingCategory,
Apparel ,colorgroupapparel,Color Group,MPH1110105103,Corsets & Bustier,colorgroupapparelCC,colorgroupapparelClassifyingCategory,
Apparel ,colorgroupapparel,Color Group,MPH1110105104,Sleepwear & Robes,colorgroupapparelCC,colorgroupapparelClassifyingCategory,
Apparel ,colorgroupapparel,Color Group,MPH1110105105,Gowns,colorgroupapparelCC,colorgroupapparelClassifyingCategory,
Apparel ,colorgroupapparel,Color Group,MPH1110105106,Panties,colorgroupapparelCC,colorgroupapparelClassifyingCategory,
Apparel ,colorgroupapparel,Color Group,MPH1110105107,Intimate wear,colorgroupapparelCC,colorgroupapparelClassifyingCategory,
Apparel ,colorgroupapparel,Color Group,MPH1110105108,Stockings &Tights,colorgroupapparelCC,colorgroupapparelClassifyingCategory,
Apparel ,colorgroupapparel,Color Group,MPH1110105109,Shapewear,colorgroupapparelCC,colorgroupapparelClassifyingCategory,
Apparel ,colorgroupapparel,Color Group,MPH1110106100,Socks,colorgroupapparelCC,colorgroupapparelClassifyingCategory,
Apparel ,colorgroupapparel,Color Group,MPH1111100100,Formal shirt,colorgroupapparelCC,colorgroupapparelClassifyingCategory,
Apparel ,colorgroupapparel,Color Group,MPH1111100101,Formal trousers,colorgroupapparelCC,colorgroupapparelClassifyingCategory,
Apparel ,colorgroupapparel,Color Group,MPH1111100102,Formal suits,colorgroupapparelCC,colorgroupapparelClassifyingCategory,
Apparel ,colorgroupapparel,Color Group,MPH1111100103,Formal coats & jackets,colorgroupapparelCC,colorgroupapparelClassifyingCategory,
Apparel ,colorgroupapparel,Color Group,MPH1111101100,T-Shirts,colorgroupapparelCC,colorgroupapparelClassifyingCategory,
Apparel ,colorgroupapparel,Color Group,MPH1111101101,casual shirts,colorgroupapparelCC,colorgroupapparelClassifyingCategory,
Apparel ,colorgroupapparel,Color Group,MPH1111101102,Jeans,colorgroupapparelCC,colorgroupapparelClassifyingCategory,
Apparel ,colorgroupapparel,Color Group,MPH1111101103,Casual trousers,colorgroupapparelCC,colorgroupapparelClassifyingCategory,
Apparel ,colorgroupapparel,Color Group,MPH1111101104,Shorts,colorgroupapparelCC,colorgroupapparelClassifyingCategory,
Apparel ,colorgroupapparel,Color Group,MPH1111101105,Sweatshirts and hoodies,colorgroupapparelCC,colorgroupapparelClassifyingCategory,
Apparel ,colorgroupapparel,Color Group,MPH1111101106,Sweaters,colorgroupapparelCC,colorgroupapparelClassifyingCategory,
Apparel ,colorgroupapparel,Color Group,MPH1111101107,Casual Jackets,colorgroupapparelCC,colorgroupapparelClassifyingCategory,
Apparel ,colorgroupapparel,Color Group,MPH1111101108,Track pants,colorgroupapparelCC,colorgroupapparelClassifyingCategory,
Apparel ,colorgroupapparel,Color Group,MPH1111101109,Blazers,colorgroupapparelCC,colorgroupapparelClassifyingCategory,
Apparel ,colorgroupapparel,Color Group,MPH1111102100,Sports tshirt,colorgroupapparelCC,colorgroupapparelClassifyingCategory,
Apparel ,colorgroupapparel,Color Group,MPH1111102101,Sports shorts,colorgroupapparelCC,colorgroupapparelClassifyingCategory,
Apparel ,colorgroupapparel,Color Group,MPH1111102102,Sports sets,colorgroupapparelCC,colorgroupapparelClassifyingCategory,
Apparel ,colorgroupapparel,Color Group,MPH1111102103,Sports jackets,colorgroupapparelCC,colorgroupapparelClassifyingCategory,
Apparel ,colorgroupapparel,Color Group,MPH1111102105,Swimwear,colorgroupapparelCC,colorgroupapparelClassifyingCategory,
Apparel ,colorgroupapparel,Color Group,MPH1111102104 ,Bottomwear,colorgroupapparelCC,colorgroupapparelClassifyingCategory,
Apparel ,colorgroupapparel,Color Group,MPH1111103100,Kurta,colorgroupapparelCC,colorgroupapparelClassifyingCategory,
Apparel ,colorgroupapparel,Color Group,MPH1111103101,Kurta set with bottom,colorgroupapparelCC,colorgroupapparelClassifyingCategory,
Apparel ,colorgroupapparel,Color Group,MPH1111103102,Bottomwear,colorgroupapparelCC,colorgroupapparelClassifyingCategory,
Apparel ,colorgroupapparel,Color Group,MPH1111103103,Ethnic suits,colorgroupapparelCC,colorgroupapparelClassifyingCategory,
Apparel ,colorgroupapparel,Color Group,MPH1111103104,Ethnic headgear,colorgroupapparelCC,colorgroupapparelClassifyingCategory,
Apparel ,colorgroupapparel,Color Group,MPH1111103105,Nehru Jackets,colorgroupapparelCC,colorgroupapparelClassifyingCategory,
Apparel ,colorgroupapparel,Color Group,MPH1111103106,Sherwani,colorgroupapparelCC,colorgroupapparelClassifyingCategory,
Apparel ,colorgroupapparel,Color Group,MPH1111103107,Blazers,colorgroupapparelCC,colorgroupapparelClassifyingCategory,
Apparel ,colorgroupapparel,Color Group,MPH1111103108,Shirts,colorgroupapparelCC,colorgroupapparelClassifyingCategory,
Apparel ,colorgroupapparel,Color Group,MPH1111103109,Accessories,colorgroupapparelCC,colorgroupapparelClassifyingCategory,
Apparel ,colorgroupapparel,Color Group,MPH1111104100,Briefs,colorgroupapparelCC,colorgroupapparelClassifyingCategory,
Apparel ,colorgroupapparel,Color Group,MPH1111104101,Trunks,colorgroupapparelCC,colorgroupapparelClassifyingCategory,
Apparel ,colorgroupapparel,Color Group,MPH1111104102,Boxers,colorgroupapparelCC,colorgroupapparelClassifyingCategory,
Apparel ,colorgroupapparel,Color Group,MPH1111104103,Vests,colorgroupapparelCC,colorgroupapparelClassifyingCategory,
Apparel ,colorgroupapparel,Color Group,MPH1111104104,Sleepwear,colorgroupapparelCC,colorgroupapparelClassifyingCategory,
Apparel ,colorgroupapparel,Color Group,MPH1111104105,Swimwear,colorgroupapparelCC,colorgroupapparelClassifyingCategory,
Apparel ,colorgroupapparel,Color Group,MPH1111104106,Thermals,colorgroupapparelCC,colorgroupapparelClassifyingCategory,
Apparel ,colorgroupapparel,Color Group,MPH1111105100,Socks,colorgroupapparelCC,colorgroupapparelClassifyingCategory,
Apparel ,others2apparel,Others 2,MPH1110100108,Blouses,others2apparelCC,others2apparelClassifyingCategory,
Apparel ,others2apparel,Others 2,MPH1111101110,Others,others2apparelCC,others2apparelClassifyingCategory,
Apparel ,others2apparel,Others 2,MPH1111101111,Others1,others2apparelCC,others2apparelClassifyingCategory,
Apparel ,others2apparel,Others 2,MPH1111101112,Others2,others2apparelCC,others2apparelClassifyingCategory,
Apparel ,others2apparel,Others 2,MPH1111104107,Others,others2apparelCC,others2apparelClassifyingCategory,
Apparel ,others2apparel,Others 2,MPH1111104108,Others1,others2apparelCC,others2apparelClassifyingCategory,
Apparel ,others2apparel,Others 2,MPH1111104109,Others2,others2apparelCC,others2apparelClassifyingCategory,
Apparel ,others1apparel,Others 1,MPH1110100108,Blouses,others1apparelCC,others1apparelClassifyingCategory,
Apparel ,others1apparel,Others 1,MPH1111101110,Others,others1apparelCC,others1apparelClassifyingCategory,
Apparel ,others1apparel,Others 1,MPH1111101111,Others1,others1apparelCC,others1apparelClassifyingCategory,
Apparel ,others1apparel,Others 1,MPH1111101112,Others2,others1apparelCC,others1apparelClassifyingCategory,
Apparel ,others1apparel,Others 1,MPH1111104107,Others,others1apparelCC,others1apparelClassifyingCategory,
Apparel ,others1apparel,Others 1,MPH1111104108,Others1,others1apparelCC,others1apparelClassifyingCategory,
Apparel ,others1apparel,Others 1,MPH1111104109,Others2,others1apparelCC,others1apparelClassifyingCategory,
Apparel ,collectiondateapparel,Collection Date,MPH1110100108,Blouses,collectiondateapparelCC,collectiondateapparelClassifyingCategory,
Apparel ,others3apparel,Others 3,MPH1110100108,Blouses,others3apparelCC,others3apparelClassifyingCategory,
Apparel ,others3apparel,Others 3,MPH1111101110,Others,others3apparelCC,others3apparelClassifyingCategory,
Apparel ,others3apparel,Others 3,MPH1111101111,Others1,others3apparelCC,others3apparelClassifyingCategory,
Apparel ,others3apparel,Others 3,MPH1111101112,Others2,others3apparelCC,others3apparelClassifyingCategory,
Apparel ,others3apparel,Others 3,MPH1111104107,Others,others3apparelCC,others3apparelClassifyingCategory,
Apparel ,others3apparel,Others 3,MPH1111104108,Others1,others3apparelCC,others3apparelClassifyingCategory,
Apparel ,others3apparel,Others 3,MPH1111104109,Others2,others3apparelCC,others3apparelClassifyingCategory,
Apparel ,womenformaltopwearsize,Size,MPH1110102105,Others,womenformaltopwearsizeCC,womenformaltopwearsizeClassifyingCategory,
Apparel ,womenformaltopwearsize,Size,MPH1110102106,Others1,womenformaltopwearsizeCC,womenformaltopwearsizeClassifyingCategory,
Apparel ,washcare,Wash Care,MPH1110100100,Sarees,washcareCC,washcareClassifyingCategory,
Apparel ,washcare,Wash Care,MPH1110100101,Kurta & kurtis,washcareCC,washcareClassifyingCategory,
Apparel ,washcare,Wash Care,MPH1110100102,Suit Sets,washcareCC,washcareClassifyingCategory,
Apparel ,washcare,Wash Care,MPH1110100103,Dress material,washcareCC,washcareClassifyingCategory,
Apparel ,washcare,Wash Care,MPH1110100104,Ethnic bottom ,washcareCC,washcareClassifyingCategory,
Apparel ,washcare,Wash Care,MPH1110100105,Duppatta,washcareCC,washcareClassifyingCategory,
Apparel ,washcare,Wash Care,MPH1110100106,Ethnic Dresses,washcareCC,washcareClassifyingCategory,
Apparel ,washcare,Wash Care,MPH1110100107,Lehenga sets,washcareCC,washcareClassifyingCategory,
Apparel ,washcare,Wash Care,MPH1110100108,Blouses,washcareCC,washcareClassifyingCategory,
Apparel ,washcare,Wash Care,MPH1110101100,Tops and tees,washcareCC,washcareClassifyingCategory,
Apparel ,washcare,Wash Care,MPH1110101101,casual shirts,washcareCC,washcareClassifyingCategory,
Apparel ,washcare,Wash Care,MPH1110101102,Jeans,washcareCC,washcareClassifyingCategory,
Apparel ,washcare,Wash Care,MPH1110101103,Casual trousers,washcareCC,washcareClassifyingCategory,
Apparel ,washcare,Wash Care,MPH1110101104,Shorts,washcareCC,washcareClassifyingCategory,
Apparel ,washcare,Wash Care,MPH1110101105,Sweatshirts and hoodies,washcareCC,washcareClassifyingCategory,
Apparel ,washcare,Wash Care,MPH1110101106,Sweaters,washcareCC,washcareClassifyingCategory,
Apparel ,washcare,Wash Care,MPH1110101107,Casual jackets and blazers,washcareCC,washcareClassifyingCategory,
Apparel ,washcare,Wash Care,MPH1110101108,Track pants,washcareCC,washcareClassifyingCategory,
Apparel ,washcare,Wash Care,MPH1110101109,Casual dresses,washcareCC,washcareClassifyingCategory,
Apparel ,washcare,Wash Care,MPH1110101110,Shrugs and cardigans,washcareCC,washcareClassifyingCategory,
Apparel ,washcare,Wash Care,MPH1110101111,Skirts,washcareCC,washcareClassifyingCategory,
Apparel ,washcare,Wash Care,MPH1110101112,Capris,washcareCC,washcareClassifyingCategory,
Apparel ,washcare,Wash Care,MPH1110101113,Leggings & Jeggings,washcareCC,washcareClassifyingCategory,
Apparel ,washcare,Wash Care,MPH1110101114,Jump suits,washcareCC,washcareClassifyingCategory,
Apparel ,washcare,Wash Care,MPH1110102100,Formal shirt,washcareCC,washcareClassifyingCategory,
Apparel ,washcare,Wash Care,MPH1110102101,Formal trousers,washcareCC,washcareClassifyingCategory,
Apparel ,washcare,Wash Care,MPH1110102102,Formal suits,washcareCC,washcareClassifyingCategory,
Apparel ,washcare,Wash Care,MPH1110102103,Formal coats jackets,washcareCC,washcareClassifyingCategory,
Apparel ,washcare,Wash Care,MPH1110102104,Formal dress,washcareCC,washcareClassifyingCategory,
Apparel ,washcare,Wash Care,MPH1110103100,Maternity Day Wear,washcareCC,washcareClassifyingCategory,
Apparel ,washcare,Wash Care,MPH1110103101,Maternity Lingerie,washcareCC,washcareClassifyingCategory,
Apparel ,washcare,Wash Care,MPH1110103102,Maternity Sleepwear,washcareCC,washcareClassifyingCategory,
Apparel ,washcare,Wash Care,MPH1110103103,Maternity Accessories,washcareCC,washcareClassifyingCategory,
Apparel ,washcare,Wash Care,MPH1110104100,Sports tshirt,washcareCC,washcareClassifyingCategory,
Apparel ,washcare,Wash Care,MPH1110104101,Sports shorts,washcareCC,washcareClassifyingCategory,
Apparel ,washcare,Wash Care,MPH1110104102,Sports sets,washcareCC,washcareClassifyingCategory,
Apparel ,washcare,Wash Care,MPH1110104103,Sports jackets,washcareCC,washcareClassifyingCategory,
Apparel ,washcare,Wash Care,MPH1110104104,Track pants,washcareCC,washcareClassifyingCategory,
Apparel ,washcare,Wash Care,MPH1110104105,Swimwear,washcareCC,washcareClassifyingCategory,
Apparel ,washcare,Wash Care,MPH1110104106,Sports innerwear,washcareCC,washcareClassifyingCategory,
Apparel ,washcare,Wash Care,MPH1110105100,Bras & Bra Sets,washcareCC,washcareClassifyingCategory,
Apparel ,washcare,Wash Care,MPH1110105101,Camisoles & Camisole Sets,washcareCC,washcareClassifyingCategory,
Apparel ,washcare,Wash Care,MPH1110105102,Lingerie Sets,washcareCC,washcareClassifyingCategory,
Apparel ,washcare,Wash Care,MPH1110105103,Corsets & Bustier,washcareCC,washcareClassifyingCategory,
Apparel ,washcare,Wash Care,MPH1110105104,Sleepwear & Robes,washcareCC,washcareClassifyingCategory,
Apparel ,washcare,Wash Care,MPH1110105105,Gowns,washcareCC,washcareClassifyingCategory,
Apparel ,washcare,Wash Care,MPH1110105106,Panties,washcareCC,washcareClassifyingCategory,
Apparel ,washcare,Wash Care,MPH1110105107,Intimate wear,washcareCC,washcareClassifyingCategory,
Apparel ,washcare,Wash Care,MPH1110105108,Stockings &Tights,washcareCC,washcareClassifyingCategory,
Apparel ,washcare,Wash Care,MPH1110105109,Shapewear,washcareCC,washcareClassifyingCategory,
Apparel ,washcare,Wash Care,MPH1111100100,Formal shirt,washcareCC,washcareClassifyingCategory,
Apparel ,washcare,Wash Care,MPH1111100101,Formal trousers,washcareCC,washcareClassifyingCategory,
Apparel ,washcare,Wash Care,MPH1111100102,Formal suits,washcareCC,washcareClassifyingCategory,
Apparel ,washcare,Wash Care,MPH1111100103,Formal coats & jackets,washcareCC,washcareClassifyingCategory,
Apparel ,washcare,Wash Care,MPH1111101100,T-Shirts,washcareCC,washcareClassifyingCategory,
Apparel ,washcare,Wash Care,MPH1111101101,casual shirts,washcareCC,washcareClassifyingCategory,
Apparel ,washcare,Wash Care,MPH1111101102,Jeans,washcareCC,washcareClassifyingCategory,
Apparel ,washcare,Wash Care,MPH1111101103,Casual trousers,washcareCC,washcareClassifyingCategory,
Apparel ,washcare,Wash Care,MPH1111101104,Shorts,washcareCC,washcareClassifyingCategory,
Apparel ,washcare,Wash Care,MPH1111101105,Sweatshirts and hoodies,washcareCC,washcareClassifyingCategory,
Apparel ,washcare,Wash Care,MPH1111101106,Sweaters,washcareCC,washcareClassifyingCategory,
Apparel ,washcare,Wash Care,MPH1111101107,Casual Jackets,washcareCC,washcareClassifyingCategory,
Apparel ,washcare,Wash Care,MPH1111101108,Track pants,washcareCC,washcareClassifyingCategory,
Apparel ,washcare,Wash Care,MPH1111101109,Blazers,washcareCC,washcareClassifyingCategory,
Apparel ,washcare,Wash Care,MPH1111102100,Sports tshirt,washcareCC,washcareClassifyingCategory,
Apparel ,washcare,Wash Care,MPH1111102101,Sports shorts,washcareCC,washcareClassifyingCategory,
Apparel ,washcare,Wash Care,MPH1111102102,Sports sets,washcareCC,washcareClassifyingCategory,
Apparel ,washcare,Wash Care,MPH1111102103,Sports jackets,washcareCC,washcareClassifyingCategory,
Apparel ,washcare,Wash Care,MPH1111102105,Swimwear,washcareCC,washcareClassifyingCategory,
Apparel ,washcare,Wash Care,MPH1111102104 ,Bottomwear,washcareCC,washcareClassifyingCategory,
Apparel ,washcare,Wash Care,MPH1111103100,Kurta,washcareCC,washcareClassifyingCategory,
Apparel ,washcare,Wash Care,MPH1111103101,Kurta set with bottom,washcareCC,washcareClassifyingCategory,
Apparel ,washcare,Wash Care,MPH1111103102,Bottomwear,washcareCC,washcareClassifyingCategory,
Apparel ,washcare,Wash Care,MPH1111103103,Ethnic suits,washcareCC,washcareClassifyingCategory,
Apparel ,washcare,Wash Care,MPH1111103104,Ethnic headgear,washcareCC,washcareClassifyingCategory,
Apparel ,washcare,Wash Care,MPH1111103105,Nehru Jackets,washcareCC,washcareClassifyingCategory,
Apparel ,washcare,Wash Care,MPH1111103106,Sherwani,washcareCC,washcareClassifyingCategory,
Apparel ,washcare,Wash Care,MPH1111103107,Blazers,washcareCC,washcareClassifyingCategory,
Apparel ,washcare,Wash Care,MPH1111103108,Shirts,washcareCC,washcareClassifyingCategory,
Apparel ,washcare,Wash Care,MPH1111103109,Accessories,washcareCC,washcareClassifyingCategory,
Apparel ,washcare,Wash Care,MPH1111104100,Briefs,washcareCC,washcareClassifyingCategory,
Apparel ,washcare,Wash Care,MPH1111104101,Trunks,washcareCC,washcareClassifyingCategory,
Apparel ,washcare,Wash Care,MPH1111104102,Boxers,washcareCC,washcareClassifyingCategory,
Apparel ,washcare,Wash Care,MPH1111104103,Vests,washcareCC,washcareClassifyingCategory,
Apparel ,washcare,Wash Care,MPH1111104104,Sleepwear,washcareCC,washcareClassifyingCategory,
Apparel ,washcare,Wash Care,MPH1111104105,Swimwear,washcareCC,washcareClassifyingCategory,
Apparel ,washcare,Wash Care,MPH1111104106,Thermals,washcareCC,washcareClassifyingCategory,
Apparel ,mensetcontents,Set Contents,MPH1111103106,Sherwani,mensetcontentsCC,mensetcontentsClassifyingCategory,
Apparel ,mensleeve,Sleeve,MPH1111101109,Blazers,mensleeveCC,mensleeveClassifyingCategory,
Apparel ,mensleeve,Sleeve,MPH1111103105,Nehru Jackets,mensleeveCC,mensleeveClassifyingCategory,
Apparel ,mensleeve,Sleeve,MPH1111103106,Sherwani,mensleeveCC,mensleeveClassifyingCategory,
Apparel ,mensleeve,Sleeve,MPH1111103107,Blazers,mensleeveCC,mensleeveClassifyingCategory,
Apparel ,mensleeve,Sleeve,MPH1111103108,Shirts,mensleeveCC,mensleeveClassifyingCategory,
Apparel ,mensleeve,Sleeve,MPH1111104106,Thermals,mensleeveCC,mensleeveClassifyingCategory,
Apparel ,sleevestylingapparel,Sleeve Styling,MPH1110100101,Kurta & kurtis,sleevestylingapparelCC,sleevestylingapparelClassifyingCategory,
Apparel ,sleevestylingapparel,Sleeve Styling,MPH1110100102,Suit Sets,sleevestylingapparelCC,sleevestylingapparelClassifyingCategory,
Apparel ,sleevestylingapparel,Sleeve Styling,MPH1110100106,Ethnic Dresses,sleevestylingapparelCC,sleevestylingapparelClassifyingCategory,
Apparel ,sleevestylingapparel,Sleeve Styling,MPH1110100107,Lehenga sets,sleevestylingapparelCC,sleevestylingapparelClassifyingCategory,
Apparel ,sleevestylingapparel,Sleeve Styling,MPH1110100108,Blouses,sleevestylingapparelCC,sleevestylingapparelClassifyingCategory,
Apparel ,sleevestylingapparel,Sleeve Styling,MPH1110101100,Tops and tees,sleevestylingapparelCC,sleevestylingapparelClassifyingCategory,
Apparel ,sleevestylingapparel,Sleeve Styling,MPH1110101101,casual shirts,sleevestylingapparelCC,sleevestylingapparelClassifyingCategory,
Apparel ,sleevestylingapparel,Sleeve Styling,MPH1110101109,Casual dresses,sleevestylingapparelCC,sleevestylingapparelClassifyingCategory,
Apparel ,menpattern,Pattern,MPH1111100100,Formal shirt,menpatternCC,menpatternClassifyingCategory,
Apparel ,menpattern,Pattern,MPH1111100101,Formal trousers,menpatternCC,menpatternClassifyingCategory,
Apparel ,menpattern,Pattern,MPH1111100102,Formal suits,menpatternCC,menpatternClassifyingCategory,
Apparel ,menpattern,Pattern,MPH1111100103,Formal coats & jackets,menpatternCC,menpatternClassifyingCategory,
Apparel ,menpattern,Pattern,MPH1111101100,T-Shirts,menpatternCC,menpatternClassifyingCategory,
Apparel ,menpattern,Pattern,MPH1111101101,casual shirts,menpatternCC,menpatternClassifyingCategory,
Apparel ,menpattern,Pattern,MPH1111101102,Jeans,menpatternCC,menpatternClassifyingCategory,
Apparel ,menpattern,Pattern,MPH1111101103,Casual trousers,menpatternCC,menpatternClassifyingCategory,
Apparel ,menpattern,Pattern,MPH1111101104,Shorts,menpatternCC,menpatternClassifyingCategory,
Apparel ,menpattern,Pattern,MPH1111101105,Sweatshirts and hoodies,menpatternCC,menpatternClassifyingCategory,
Apparel ,menpattern,Pattern,MPH1111101106,Sweaters,menpatternCC,menpatternClassifyingCategory,
Apparel ,menpattern,Pattern,MPH1111101107,Casual Jackets,menpatternCC,menpatternClassifyingCategory,
Apparel ,menpattern,Pattern,MPH1111101108,Track pants,menpatternCC,menpatternClassifyingCategory,
Apparel ,menpattern,Pattern,MPH1111101109,Blazers,menpatternCC,menpatternClassifyingCategory,
Apparel ,menpattern,Pattern,MPH1111102100,Sports tshirt,menpatternCC,menpatternClassifyingCategory,
Apparel ,menpattern,Pattern,MPH1111102101,Sports shorts,menpatternCC,menpatternClassifyingCategory,
Apparel ,menpattern,Pattern,MPH1111102102,Sports sets,menpatternCC,menpatternClassifyingCategory,
Apparel ,menpattern,Pattern,MPH1111102103,Sports jackets,menpatternCC,menpatternClassifyingCategory,
Apparel ,menpattern,Pattern,MPH1111102105,Swimwear,menpatternCC,menpatternClassifyingCategory,
Apparel ,menpattern,Pattern,MPH1111102104 ,Bottomwear,menpatternCC,menpatternClassifyingCategory,
Apparel ,menpattern,Pattern,MPH1111103100,Kurta,menpatternCC,menpatternClassifyingCategory,
Apparel ,menpattern,Pattern,MPH1111103101,Kurta set with bottom,menpatternCC,menpatternClassifyingCategory,
Apparel ,menpattern,Pattern,MPH1111103102,Bottomwear,menpatternCC,menpatternClassifyingCategory,
Apparel ,menpattern,Pattern,MPH1111103103,Ethnic suits,menpatternCC,menpatternClassifyingCategory,
Apparel ,menpattern,Pattern,MPH1111103104,Ethnic headgear,menpatternCC,menpatternClassifyingCategory,
Apparel ,menpattern,Pattern,MPH1111103105,Nehru Jackets,menpatternCC,menpatternClassifyingCategory,
Apparel ,menpattern,Pattern,MPH1111103106,Sherwani,menpatternCC,menpatternClassifyingCategory,
Apparel ,menpattern,Pattern,MPH1111103107,Blazers,menpatternCC,menpatternClassifyingCategory,
Apparel ,menpattern,Pattern,MPH1111103108,Shirts,menpatternCC,menpatternClassifyingCategory,
Apparel ,menpattern,Pattern,MPH1111103109,Accessories,menpatternCC,menpatternClassifyingCategory,
Apparel ,menpattern,Pattern,MPH1111104100,Briefs,menpatternCC,menpatternClassifyingCategory,
Apparel ,menpattern,Pattern,MPH1111104101,Trunks,menpatternCC,menpatternClassifyingCategory,
Apparel ,menpattern,Pattern,MPH1111104102,Boxers,menpatternCC,menpatternClassifyingCategory,
Apparel ,menpattern,Pattern,MPH1111104103,Vests,menpatternCC,menpatternClassifyingCategory,
Apparel ,menpattern,Pattern,MPH1111104104,Sleepwear,menpatternCC,menpatternClassifyingCategory,
Apparel ,menpattern,Pattern,MPH1111104105,Swimwear,menpatternCC,menpatternClassifyingCategory,
Apparel ,menpattern,Pattern,MPH1111104106,Thermals,menpatternCC,menpatternClassifyingCategory,
Apparel ,menpattern,Pattern,MPH1111105,Socks,menpatternCC,menpatternClassifyingCategory,
Apparel ,fitbottomwearmen,Fit,MPH1111102104 ,Bottomwear,fitbottomwearmenCC,fitbottomwearmenClassifyingCategory,
Apparel ,fittopwearmen,Fit,MPH1111101109,Blazers,fittopwearmenCC,fittopwearmenClassifyingCategory,
Apparel ,fittopwearmen,Fit,MPH1111103105,Nehru Jackets,fittopwearmenCC,fittopwearmenClassifyingCategory,
Apparel ,fittopwearmen,Fit,MPH1111103106,Sherwani,fittopwearmenCC,fittopwearmenClassifyingCategory,
Apparel ,fittopwearmen,Fit,MPH1111103107,Blazers,fittopwearmenCC,fittopwearmenClassifyingCategory,
Apparel ,fittopwearmen,Fit,MPH1111103108,Shirts,fittopwearmenCC,fittopwearmenClassifyingCategory,
Apparel ,menethinicwearcollarneck,Neck/Collar,MPH1111103105,Nehru Jackets,menethinicwearcollarneckCC,menethinicwearcollarneckClassifyingCategory,
Apparel ,menethinicwearcollarneck,Neck/Collar,MPH1111103106,Sherwani,menethinicwearcollarneckCC,menethinicwearcollarneckClassifyingCategory,
Apparel ,menethinicwearcollarneck,Neck/Collar,MPH1111103107,Blazers,menethinicwearcollarneckCC,menethinicwearcollarneckClassifyingCategory,
Apparel ,menethinicwearcollarneck,Neck/Collar,MPH1111103108,Shirts,menethinicwearcollarneckCC,menethinicwearcollarneckClassifyingCategory,
Apparel ,mencasualtopwearcollarneck,Neck/Collar,MPH1111101109,Blazers,mencasualtopwearcollarneckCC,mencasualtopwearcollarneckClassifyingCategory,
Apparel ,blouseclosureapparel,Blouse Closure,MPH1110100100,Sarees,blouseclosureapparelCC,blouseclosureapparelClassifyingCategory,
Apparel ,blouseclosureapparel,Blouse Closure,MPH1110100107,Lehenga sets,blouseclosureapparelCC,blouseclosureapparelClassifyingCategory,
Apparel ,blouseclosureapparel,Blouse Closure,MPH1110100108,Blouses,blouseclosureapparelCC,blouseclosureapparelClassifyingCategory,
Apparel ,bottomlengthapparel,Bottom Length,MPH1110100104,Ethnic bottom ,bottomlengthapparelCC,bottomlengthapparelClassifyingCategory,
Apparel ,bottomlengthapparel,Bottom Length,MPH1110101102,Jeans,bottomlengthapparelCC,bottomlengthapparelClassifyingCategory,
Apparel ,bottomlengthapparel,Bottom Length,MPH1110101103,Casual trousers,bottomlengthapparelCC,bottomlengthapparelClassifyingCategory,
Apparel ,bottomlengthapparel,Bottom Length,MPH1110101108,Track pants,bottomlengthapparelCC,bottomlengthapparelClassifyingCategory,
Apparel ,bottomlengthapparel,Bottom Length,MPH1110101111,Skirts,bottomlengthapparelCC,bottomlengthapparelClassifyingCategory,
Apparel ,bottomlengthapparel,Bottom Length,MPH1110101112,Capris,bottomlengthapparelCC,bottomlengthapparelClassifyingCategory,
Apparel ,bottomlengthapparel,Bottom Length,MPH1110101113,Leggings & Jeggings,bottomlengthapparelCC,bottomlengthapparelClassifyingCategory,
Apparel ,bottomlengthapparel,Bottom Length,MPH1110102101,Formal trousers,bottomlengthapparelCC,bottomlengthapparelClassifyingCategory,
Apparel ,additionaldetails2apparel,Additional Details 2,MPH1110,Women's Apparel,additionaldetails2apparelCC,additionaldetails2apparelClassifyingCategory,
Apparel ,additionaldetails2apparel,Additional Details 2,MPH1111,Men's Apparel,additionaldetails2apparelCC,additionaldetails2apparelClassifyingCategory,
Apparel ,additionaldetails1apparel,Additional Details 1,MPH1110,Women's Apparel,additionaldetails1apparelCC,additionaldetails1apparelClassifyingCategory,
Apparel ,additionaldetails1apparel,Additional Details 1,MPH1111,Men's Apparel,additionaldetails1apparelCC,additionaldetails1apparelClassifyingCategory,
Apparel ,additionaldetails3apparel,Additional Details 3,MPH1110,Women's Apparel,additionaldetails3apparelCC,additionaldetails3apparelClassifyingCategory,
Apparel ,additionaldetails3apparel,Additional Details 3,MPH1111,Men's Apparel,additionaldetails3apparelCC,additionaldetails3apparelClassifyingCategory,
Apparel ,bottomclosureapparel,Bottom Closure,MPH1110100102,Suit Sets,bottomclosureapparelCC,bottomclosureapparelClassifyingCategory,
Apparel ,bottomclosureapparel,Bottom Closure,MPH1110100104,Ethnic bottom ,bottomclosureapparelCC,bottomclosureapparelClassifyingCategory,
Apparel ,bottomclosureapparel,Bottom Closure,MPH1110100107,Lehenga sets,bottomclosureapparelCC,bottomclosureapparelClassifyingCategory,
Apparel ,stitchapparel,Stitch,MPH1110100103,Dress material,stitchapparelCC,stitchapparelClassifyingCategory,
Apparel ,stitchapparel,Stitch,MPH1110100107,Lehenga sets,stitchapparelCC,stitchapparelClassifyingCategory,
Apparel ,stitchapparel,Stitch,MPH1110100108,Blouses,stitchapparelCC,stitchapparelClassifyingCategory,
Apparel ,bottomtypeapparel,Bottom Type,MPH1110100102,Suit Sets,bottomtypeapparelCC,bottomtypeapparelClassifyingCategory,
Apparel ,bottomtypeapparel,Bottom Type,MPH1110100104,Ethnic bottom ,bottomtypeapparelCC,bottomtypeapparelClassifyingCategory,
Apparel ,dupattapatternapparel,Dupatta Pattern,MPH1110100105,Duppatta,dupattapatternapparelCC,dupattapatternapparelClassifyingCategory,
Apparel ,dupattapatternapparel,Dupatta Pattern,MPH1110100107,Lehenga sets,dupattapatternapparelCC,dupattapatternapparelClassifyingCategory,
Apparel ,womeninnerwearbriefsize,Size,MPH1110103106,Others2,womeninnerwearbriefsizeCC,womeninnerwearbriefsizeClassifyingCategory,
Apparel ,womeninnerwearbriefsize,Size,MPH1110105112,Others2,womeninnerwearbriefsizeCC,womeninnerwearbriefsizeClassifyingCategory,
Apparel ,womeninnerwearbrasize,Size,MPH1110103104,Others,womeninnerwearbrasizeCC,womeninnerwearbrasizeClassifyingCategory,
Apparel ,womeninnerwearbrasize,Size,MPH1110103105,Others1,womeninnerwearbrasizeCC,womeninnerwearbrasizeClassifyingCategory,
Apparel ,womeninnerwearbrasize,Size,MPH1110105110,Others,womeninnerwearbrasizeCC,womeninnerwearbrasizeClassifyingCategory,
Apparel ,womeninnerwearbrasize,Size,MPH1110105111,Others1,womeninnerwearbrasizeCC,womeninnerwearbrasizeClassifyingCategory,
Apparel ,womenethinicwearbottomwearsize,Size,MPH1110100111,Others2,womenethinicwearbottomwearsizeCC,womenethinicwearbottomwearsizeClassifyingCategory,
Apparel ,womenethinicweartopwearsize,Size,MPH1110100106,Ethnic Dresses,womenethinicweartopwearsizeCC,womenethinicweartopwearsizeClassifyingCategory,
Apparel ,womenethinicweartopwearsize,Size,MPH1110100107,Lehenga sets,womenethinicweartopwearsizeCC,womenethinicweartopwearsizeClassifyingCategory,
Apparel ,womenethinicweartopwearsize,Size,MPH1110100108,Blouses,womenethinicweartopwearsizeCC,womenethinicweartopwearsizeClassifyingCategory,
Apparel ,womenethinicweartopwearsize,Size,MPH1110100109,Others,womenethinicweartopwearsizeCC,womenethinicweartopwearsizeClassifyingCategory,
Apparel ,womenethinicweartopwearsize,Size,MPH1110100110,Others1,womenethinicweartopwearsizeCC,womenethinicweartopwearsizeClassifyingCategory,
Apparel ,womencasualbottomwearjeanslowersize,Size,MPH1110101117,Others2,womencasualbottomwearjeanslowersizeCC,womencasualbottomwearjeanslowersizeClassifyingCategory,
Apparel ,womencasualtopwearsize,Size,MPH1110101115,Others,womencasualtopwearsizeCC,womencasualtopwearsizeClassifyingCategory,
Apparel ,womencasualtopwearsize,Size,MPH1110101116,Others1,womencasualtopwearsizeCC,womencasualtopwearsizeClassifyingCategory,
Apparel ,womenformalbottomwearsize,Size,MPH1110102107,Others2,womenformalbottomwearsizeCC,womenformalbottomwearsizeClassifyingCategory,
Apparel ,womensleeve,Sleeve,MPH1110100106,Ethnic Dresses,womensleeveCC,womensleeveClassifyingCategory,
Apparel ,womensleeve,Sleeve,MPH1110100107,Lehenga sets,womensleeveCC,womensleeveClassifyingCategory,
Apparel ,womensleeve,Sleeve,MPH1110100108,Blouses,womensleeveCC,womensleeveClassifyingCategory,
Apparel ,womentopwearfit,Fit,MPH1110100106,Ethnic Dresses,womentopwearfitCC,womentopwearfitClassifyingCategory,
Apparel ,womentopwearfit,Fit,MPH1110100107,Lehenga sets,womentopwearfitCC,womentopwearfitClassifyingCategory,
Apparel ,womenethinictopwearneckcollar,Neck/Collar,MPH1110100106,Ethnic Dresses,womenethinictopwearneckcollarCC,womenethinictopwearneckcollarClassifyingCategory,
Apparel ,womenethinictopwearneckcollar,Neck/Collar,MPH1110100107,Lehenga sets,womenethinictopwearneckcollarCC,womenethinictopwearneckcollarClassifyingCategory,
Apparel ,womenethinictopwearneckcollar,Neck/Collar,MPH1110100108,Blouses,womenethinictopwearneckcollarCC,womenethinictopwearneckcollarClassifyingCategory,
Apparel ,displayproduct,Display Product Name,MPH1110100100,Sarees,apparelCC,apparelClassifyingCategory,
Apparel ,displayproduct,Display Product Name,MPH1110100101,Kurta & kurtis,apparelCC,apparelClassifyingCategory,
Apparel ,displayproduct,Display Product Name,MPH1110100102,Suit Sets,apparelCC,apparelClassifyingCategory,
Apparel ,displayproduct,Display Product Name,MPH1110100103,Dress material,apparelCC,apparelClassifyingCategory,
Apparel ,displayproduct,Display Product Name,MPH1110100104,Ethnic bottom ,apparelCC,apparelClassifyingCategory,
Apparel ,displayproduct,Display Product Name,MPH1110100105,Duppatta,apparelCC,apparelClassifyingCategory,
Apparel ,displayproduct,Display Product Name,MPH1110100106,Ethnic Dresses,apparelCC,apparelClassifyingCategory,
Apparel ,displayproduct,Display Product Name,MPH1110100107,Lehenga sets,apparelCC,apparelClassifyingCategory,
Apparel ,displayproduct,Display Product Name,MPH1110100108,Blouses,apparelCC,apparelClassifyingCategory,
Apparel ,displayproduct,Display Product Name,MPH1110101100,Tops and tees,apparelCC,apparelClassifyingCategory,
Apparel ,displayproduct,Display Product Name,MPH1110101101,casual shirts,apparelCC,apparelClassifyingCategory,
Apparel ,displayproduct,Display Product Name,MPH1110101102,Jeans,apparelCC,apparelClassifyingCategory,
Apparel ,displayproduct,Display Product Name,MPH1110101103,Casual trousers,apparelCC,apparelClassifyingCategory,
Apparel ,displayproduct,Display Product Name,MPH1110101104,Shorts,apparelCC,apparelClassifyingCategory,
Apparel ,displayproduct,Display Product Name,MPH1110101105,Sweatshirts and hoodies,apparelCC,apparelClassifyingCategory,
Apparel ,displayproduct,Display Product Name,MPH1110101106,Sweaters,apparelCC,apparelClassifyingCategory,
Apparel ,displayproduct,Display Product Name,MPH1110101107,Casual jackets and blazers,apparelCC,apparelClassifyingCategory,
Apparel ,displayproduct,Display Product Name,MPH1110101108,Track pants,apparelCC,apparelClassifyingCategory,
Apparel ,displayproduct,Display Product Name,MPH1110101109,Casual dresses,apparelCC,apparelClassifyingCategory,
Apparel ,displayproduct,Display Product Name,MPH1110101110,Shrugs and cardigans,apparelCC,apparelClassifyingCategory,
Apparel ,displayproduct,Display Product Name,MPH1110101111,Skirts,apparelCC,apparelClassifyingCategory,
Apparel ,displayproduct,Display Product Name,MPH1110101112,Capris,apparelCC,apparelClassifyingCategory,
Apparel ,displayproduct,Display Product Name,MPH1110101113,Leggings & Jeggings,apparelCC,apparelClassifyingCategory,
Apparel ,displayproduct,Display Product Name,MPH1110101114,Jump suits,apparelCC,apparelClassifyingCategory,
Apparel ,displayproduct,Display Product Name,MPH1110102100,Formal shirt,apparelCC,apparelClassifyingCategory,
Apparel ,displayproduct,Display Product Name,MPH1110102101,Formal trousers,apparelCC,apparelClassifyingCategory,
Apparel ,displayproduct,Display Product Name,MPH1110102102,Formal suits,apparelCC,apparelClassifyingCategory,
Apparel ,displayproduct,Display Product Name,MPH1110102103,Formal coats jackets,apparelCC,apparelClassifyingCategory,
Apparel ,displayproduct,Display Product Name,MPH1110102104,Formal dress,apparelCC,apparelClassifyingCategory,
Apparel ,displayproduct,Display Product Name,MPH1110103100,Maternity Day Wear,apparelCC,apparelClassifyingCategory,
Apparel ,displayproduct,Display Product Name,MPH1110103101,Maternity Lingerie,apparelCC,apparelClassifyingCategory,
Apparel ,displayproduct,Display Product Name,MPH1110103102,Maternity Sleepwear,apparelCC,apparelClassifyingCategory,
Apparel ,displayproduct,Display Product Name,MPH1110103103,Maternity Accessories,apparelCC,apparelClassifyingCategory,
Apparel ,displayproduct,Display Product Name,MPH1110104100,Sports tshirt,apparelCC,apparelClassifyingCategory,
Apparel ,displayproduct,Display Product Name,MPH1110104101,Sports shorts,apparelCC,apparelClassifyingCategory,
Apparel ,displayproduct,Display Product Name,MPH1110104102,Sports sets,apparelCC,apparelClassifyingCategory,
Apparel ,displayproduct,Display Product Name,MPH1110104103,Sports jackets,apparelCC,apparelClassifyingCategory,
Apparel ,displayproduct,Display Product Name,MPH1110104104,Track pants,apparelCC,apparelClassifyingCategory,
Apparel ,displayproduct,Display Product Name,MPH1110104105,Swimwear,apparelCC,apparelClassifyingCategory,
Apparel ,displayproduct,Display Product Name,MPH1110104106,Sports innerwear,apparelCC,apparelClassifyingCategory,
Apparel ,displayproduct,Display Product Name,MPH1110105100,Bras & Bra Sets,apparelCC,apparelClassifyingCategory,
Apparel ,displayproduct,Display Product Name,MPH1110105101,Camisoles & Camisole Sets,apparelCC,apparelClassifyingCategory,
Apparel ,displayproduct,Display Product Name,MPH1110105102,Lingerie Sets,apparelCC,apparelClassifyingCategory,
Apparel ,displayproduct,Display Product Name,MPH1110105103,Corsets & Bustier,apparelCC,apparelClassifyingCategory,
Apparel ,displayproduct,Display Product Name,MPH1110105104,Sleepwear & Robes,apparelCC,apparelClassifyingCategory,
Apparel ,displayproduct,Display Product Name,MPH1110105105,Gowns,apparelCC,apparelClassifyingCategory,
Apparel ,displayproduct,Display Product Name,MPH1110105106,Panties,apparelCC,apparelClassifyingCategory,
Apparel ,displayproduct,Display Product Name,MPH1110105107,Intimate wear,apparelCC,apparelClassifyingCategory,
Apparel ,displayproduct,Display Product Name,MPH1110105108,Stockings &Tights,apparelCC,apparelClassifyingCategory,
Apparel ,displayproduct,Display Product Name,MPH1110105109,Shapewear,apparelCC,apparelClassifyingCategory,
Apparel ,displayproduct,Display Product Name,MPH1110106100,Socks,apparelCC,apparelClassifyingCategory,
Apparel ,displayproduct,Display Product Name,MPH1111100100,Formal shirt,apparelCC,apparelClassifyingCategory,
Apparel ,displayproduct,Display Product Name,MPH1111100101,Formal trousers,apparelCC,apparelClassifyingCategory,
Apparel ,displayproduct,Display Product Name,MPH1111100102,Formal suits,apparelCC,apparelClassifyingCategory,
Apparel ,displayproduct,Display Product Name,MPH1111100103,Formal coats & jackets,apparelCC,apparelClassifyingCategory,
Apparel ,displayproduct,Display Product Name,MPH1111101100,T-Shirts,apparelCC,apparelClassifyingCategory,
Apparel ,displayproduct,Display Product Name,MPH1111101101,casual shirts,apparelCC,apparelClassifyingCategory,
Apparel ,displayproduct,Display Product Name,MPH1111101102,Jeans,apparelCC,apparelClassifyingCategory,
Apparel ,displayproduct,Display Product Name,MPH1111101103,Casual trousers,apparelCC,apparelClassifyingCategory,
Apparel ,displayproduct,Display Product Name,MPH1111101104,Shorts,apparelCC,apparelClassifyingCategory,
Apparel ,displayproduct,Display Product Name,MPH1111101105,Sweatshirts and hoodies,apparelCC,apparelClassifyingCategory,
Apparel ,displayproduct,Display Product Name,MPH1111101106,Sweaters,apparelCC,apparelClassifyingCategory,
Apparel ,displayproduct,Display Product Name,MPH1111101107,Casual Jackets,apparelCC,apparelClassifyingCategory,
Apparel ,displayproduct,Display Product Name,MPH1111101108,Track pants,apparelCC,apparelClassifyingCategory,
Apparel ,displayproduct,Display Product Name,MPH1111101109,Blazers,apparelCC,apparelClassifyingCategory,
Apparel ,displayproduct,Display Product Name,MPH1111102100,Sports tshirt,apparelCC,apparelClassifyingCategory,
Apparel ,displayproduct,Display Product Name,MPH1111102101,Sports shorts,apparelCC,apparelClassifyingCategory,
Apparel ,displayproduct,Display Product Name,MPH1111102102,Sports sets,apparelCC,apparelClassifyingCategory,
Apparel ,displayproduct,Display Product Name,MPH1111102103,Sports jackets,apparelCC,apparelClassifyingCategory,
Apparel ,displayproduct,Display Product Name,MPH1111102105,Swimwear,apparelCC,apparelClassifyingCategory,
Apparel ,displayproduct,Display Product Name,MPH1111102104 ,Bottomwear,apparelCC,apparelClassifyingCategory,
Apparel ,displayproduct,Display Product Name,MPH1111103100,Kurta,apparelCC,apparelClassifyingCategory,
Apparel ,displayproduct,Display Product Name,MPH1111103101,Kurta set with bottom,apparelCC,apparelClassifyingCategory,
Apparel ,displayproduct,Display Product Name,MPH1111103102,Bottomwear,apparelCC,apparelClassifyingCategory,
Apparel ,displayproduct,Display Product Name,MPH1111103103,Ethnic suits,apparelCC,apparelClassifyingCategory,
Apparel ,displayproduct,Display Product Name,MPH1111103104,Ethnic headgear,apparelCC,apparelClassifyingCategory,
Apparel ,displayproduct,Display Product Name,MPH1111103105,Nehru Jackets,apparelCC,apparelClassifyingCategory,
Apparel ,displayproduct,Display Product Name,MPH1111103106,Sherwani,apparelCC,apparelClassifyingCategory,
Apparel ,displayproduct,Display Product Name,MPH1111103107,Blazers,apparelCC,apparelClassifyingCategory,
Apparel ,displayproduct,Display Product Name,MPH1111103108,Shirts,apparelCC,apparelClassifyingCategory,
Apparel ,displayproduct,Display Product Name,MPH1111103109,Accessories,apparelCC,apparelClassifyingCategory,
Apparel ,displayproduct,Display Product Name,MPH1111104100,Briefs,apparelCC,apparelClassifyingCategory,
Apparel ,displayproduct,Display Product Name,MPH1111104101,Trunks,apparelCC,apparelClassifyingCategory,
Apparel ,displayproduct,Display Product Name,MPH1111104102,Boxers,apparelCC,apparelClassifyingCategory,
Apparel ,displayproduct,Display Product Name,MPH1111104103,Vests,apparelCC,apparelClassifyingCategory,
Apparel ,displayproduct,Display Product Name,MPH1111104104,Sleepwear,apparelCC,apparelClassifyingCategory,
Apparel ,displayproduct,Display Product Name,MPH1111104105,Swimwear,apparelCC,apparelClassifyingCategory,
Apparel ,displayproduct,Display Product Name,MPH1111104106,Thermals,apparelCC,apparelClassifyingCategory,
Apparel ,displayproduct,Display Product Name,MPH1111105100,Socks,apparelCC,apparelClassifyingCategory,
Apparel ,collectionapparel,Collection,MPH1110100108,Blouses,collectionapparelCC,collectionapparelClassifyingCategory,
Apparel ,womenethinicbottomwearpattern,Pattern,MPH1110100107,Lehenga sets,womenethinicbottomwearpatternCC,womenethinicbottomwearpatternClassifyingCategory,
Apparel ,weightapparel,Weight,MPH1110100100,Sarees,apparelCC,apparelClassifyingCategory,
Apparel ,weightapparel,Weight,MPH1110100101,Kurta & kurtis,apparelCC,apparelClassifyingCategory,
Apparel ,weightapparel,Weight,MPH1110100102,Suit Sets,apparelCC,apparelClassifyingCategory,
Apparel ,weightapparel,Weight,MPH1110100103,Dress material,apparelCC,apparelClassifyingCategory,
Apparel ,weightapparel,Weight,MPH1110100104,Ethnic bottom ,apparelCC,apparelClassifyingCategory,
Apparel ,weightapparel,Weight,MPH1110100105,Duppatta,apparelCC,apparelClassifyingCategory,
Apparel ,weightapparel,Weight,MPH1110100106,Ethnic Dresses,apparelCC,apparelClassifyingCategory,
Apparel ,weightapparel,Weight,MPH1110100107,Lehenga sets,apparelCC,apparelClassifyingCategory,
Apparel ,weightapparel,Weight,MPH1110100108,Blouses,apparelCC,apparelClassifyingCategory,
Apparel ,weightapparel,Weight,MPH1110101100,Tops and tees,apparelCC,apparelClassifyingCategory,
Apparel ,weightapparel,Weight,MPH1110101101,casual shirts,apparelCC,apparelClassifyingCategory,
Apparel ,weightapparel,Weight,MPH1110101102,Jeans,apparelCC,apparelClassifyingCategory,
Apparel ,weightapparel,Weight,MPH1110101103,Casual trousers,apparelCC,apparelClassifyingCategory,
Apparel ,weightapparel,Weight,MPH1110101104,Shorts,apparelCC,apparelClassifyingCategory,
Apparel ,weightapparel,Weight,MPH1110101105,Sweatshirts and hoodies,apparelCC,apparelClassifyingCategory,
Apparel ,weightapparel,Weight,MPH1110101106,Sweaters,apparelCC,apparelClassifyingCategory,
Apparel ,weightapparel,Weight,MPH1110101107,Casual jackets and blazers,apparelCC,apparelClassifyingCategory,
Apparel ,weightapparel,Weight,MPH1110101108,Track pants,apparelCC,apparelClassifyingCategory,
Apparel ,weightapparel,Weight,MPH1110101109,Casual dresses,apparelCC,apparelClassifyingCategory,
Apparel ,weightapparel,Weight,MPH1110101110,Shrugs and cardigans,apparelCC,apparelClassifyingCategory,
Apparel ,weightapparel,Weight,MPH1110101111,Skirts,apparelCC,apparelClassifyingCategory,
Apparel ,weightapparel,Weight,MPH1110101112,Capris,apparelCC,apparelClassifyingCategory,
Apparel ,weightapparel,Weight,MPH1110101113,Leggings & Jeggings,apparelCC,apparelClassifyingCategory,
Apparel ,weightapparel,Weight,MPH1110101114,Jump suits,apparelCC,apparelClassifyingCategory,
Apparel ,weightapparel,Weight,MPH1110102100,Formal shirt,apparelCC,apparelClassifyingCategory,
Apparel ,weightapparel,Weight,MPH1110102101,Formal trousers,apparelCC,apparelClassifyingCategory,
Apparel ,weightapparel,Weight,MPH1110102102,Formal suits,apparelCC,apparelClassifyingCategory,
Apparel ,weightapparel,Weight,MPH1110102103,Formal coats jackets,apparelCC,apparelClassifyingCategory,
Apparel ,weightapparel,Weight,MPH1110102104,Formal dress,apparelCC,apparelClassifyingCategory,
Apparel ,weightapparel,Weight,MPH1110103100,Maternity Day Wear,apparelCC,apparelClassifyingCategory,
Apparel ,weightapparel,Weight,MPH1110103101,Maternity Lingerie,apparelCC,apparelClassifyingCategory,
Apparel ,weightapparel,Weight,MPH1110103102,Maternity Sleepwear,apparelCC,apparelClassifyingCategory,
Apparel ,weightapparel,Weight,MPH1110103103,Maternity Accessories,apparelCC,apparelClassifyingCategory,
Apparel ,weightapparel,Weight,MPH1110104100,Sports tshirt,apparelCC,apparelClassifyingCategory,
Apparel ,weightapparel,Weight,MPH1110104101,Sports shorts,apparelCC,apparelClassifyingCategory,
Apparel ,weightapparel,Weight,MPH1110104102,Sports sets,apparelCC,apparelClassifyingCategory,
Apparel ,weightapparel,Weight,MPH1110104103,Sports jackets,apparelCC,apparelClassifyingCategory,
Apparel ,weightapparel,Weight,MPH1110104104,Track pants,apparelCC,apparelClassifyingCategory,
Apparel ,weightapparel,Weight,MPH1110104105,Swimwear,apparelCC,apparelClassifyingCategory,
Apparel ,weightapparel,Weight,MPH1110104106,Sports innerwear,apparelCC,apparelClassifyingCategory,
Apparel ,weightapparel,Weight,MPH1110105100,Bras & Bra Sets,apparelCC,apparelClassifyingCategory,
Apparel ,weightapparel,Weight,MPH1110105101,Camisoles & Camisole Sets,apparelCC,apparelClassifyingCategory,
Apparel ,weightapparel,Weight,MPH1110105102,Lingerie Sets,apparelCC,apparelClassifyingCategory,
Apparel ,weightapparel,Weight,MPH1110105103,Corsets & Bustier,apparelCC,apparelClassifyingCategory,
Apparel ,weightapparel,Weight,MPH1110105104,Sleepwear & Robes,apparelCC,apparelClassifyingCategory,
Apparel ,weightapparel,Weight,MPH1110105105,Gowns,apparelCC,apparelClassifyingCategory,
Apparel ,weightapparel,Weight,MPH1110105106,Panties,apparelCC,apparelClassifyingCategory,
Apparel ,weightapparel,Weight,MPH1110105107,Intimate wear,apparelCC,apparelClassifyingCategory,
Apparel ,weightapparel,Weight,MPH1110105108,Stockings &Tights,apparelCC,apparelClassifyingCategory,
Apparel ,weightapparel,Weight,MPH1110105109,Shapewear,apparelCC,apparelClassifyingCategory,
Apparel ,weightapparel,Weight,MPH1110106100,Socks,apparelCC,apparelClassifyingCategory,
Apparel ,weightapparel,Weight,MPH1111100100,Formal shirt,apparelCC,apparelClassifyingCategory,
Apparel ,weightapparel,Weight,MPH1111100101,Formal trousers,apparelCC,apparelClassifyingCategory,
Apparel ,weightapparel,Weight,MPH1111100102,Formal suits,apparelCC,apparelClassifyingCategory,
Apparel ,weightapparel,Weight,MPH1111100103,Formal coats & jackets,apparelCC,apparelClassifyingCategory,
Apparel ,weightapparel,Weight,MPH1111101100,T-Shirts,apparelCC,apparelClassifyingCategory,
Apparel ,weightapparel,Weight,MPH1111101101,casual shirts,apparelCC,apparelClassifyingCategory,
Apparel ,weightapparel,Weight,MPH1111101102,Jeans,apparelCC,apparelClassifyingCategory,
Apparel ,weightapparel,Weight,MPH1111101103,Casual trousers,apparelCC,apparelClassifyingCategory,
Apparel ,weightapparel,Weight,MPH1111101104,Shorts,apparelCC,apparelClassifyingCategory,
Apparel ,weightapparel,Weight,MPH1111101105,Sweatshirts and hoodies,apparelCC,apparelClassifyingCategory,
Apparel ,weightapparel,Weight,MPH1111101106,Sweaters,apparelCC,apparelClassifyingCategory,
Apparel ,weightapparel,Weight,MPH1111101107,Casual Jackets,apparelCC,apparelClassifyingCategory,
Apparel ,weightapparel,Weight,MPH1111101108,Track pants,apparelCC,apparelClassifyingCategory,
Apparel ,weightapparel,Weight,MPH1111101109,Blazers,apparelCC,apparelClassifyingCategory,
Apparel ,weightapparel,Weight,MPH1111102100,Sports tshirt,apparelCC,apparelClassifyingCategory,
Apparel ,weightapparel,Weight,MPH1111102101,Sports shorts,apparelCC,apparelClassifyingCategory,
Apparel ,weightapparel,Weight,MPH1111102102,Sports sets,apparelCC,apparelClassifyingCategory,
Apparel ,weightapparel,Weight,MPH1111102103,Sports jackets,apparelCC,apparelClassifyingCategory,
Apparel ,weightapparel,Weight,MPH1111102105,Swimwear,apparelCC,apparelClassifyingCategory,
Apparel ,weightapparel,Weight,MPH1111102104 ,Bottomwear,apparelCC,apparelClassifyingCategory,
Apparel ,weightapparel,Weight,MPH1111103100,Kurta,apparelCC,apparelClassifyingCategory,
Apparel ,weightapparel,Weight,MPH1111103101,Kurta set with bottom,apparelCC,apparelClassifyingCategory,
Apparel ,weightapparel,Weight,MPH1111103102,Bottomwear,apparelCC,apparelClassifyingCategory,
Apparel ,weightapparel,Weight,MPH1111103103,Ethnic suits,apparelCC,apparelClassifyingCategory,
Apparel ,weightapparel,Weight,MPH1111103104,Ethnic headgear,apparelCC,apparelClassifyingCategory,
Apparel ,weightapparel,Weight,MPH1111103105,Nehru Jackets,apparelCC,apparelClassifyingCategory,
Apparel ,weightapparel,Weight,MPH1111103106,Sherwani,apparelCC,apparelClassifyingCategory,
Apparel ,weightapparel,Weight,MPH1111103107,Blazers,apparelCC,apparelClassifyingCategory,
Apparel ,weightapparel,Weight,MPH1111103108,Shirts,apparelCC,apparelClassifyingCategory,
Apparel ,weightapparel,Weight,MPH1111103109,Accessories,apparelCC,apparelClassifyingCategory,
Apparel ,weightapparel,Weight,MPH1111104100,Briefs,apparelCC,apparelClassifyingCategory,
Apparel ,weightapparel,Weight,MPH1111104101,Trunks,apparelCC,apparelClassifyingCategory,
Apparel ,weightapparel,Weight,MPH1111104102,Boxers,apparelCC,apparelClassifyingCategory,
Apparel ,weightapparel,Weight,MPH1111104103,Vests,apparelCC,apparelClassifyingCategory,
Apparel ,weightapparel,Weight,MPH1111104104,Sleepwear,apparelCC,apparelClassifyingCategory,
Apparel ,weightapparel,Weight,MPH1111104105,Swimwear,apparelCC,apparelClassifyingCategory,
Apparel ,weightapparel,Weight,MPH1111104106,Thermals,apparelCC,apparelClassifyingCategory,
Apparel ,weightapparel,Weight,MPH1111105100,Socks,apparelCC,apparelClassifyingCategory,
Apparel ,collectioninfoapparel,Collection Info ,MPH1110100108,Blouses,collectioninfoapparelCC,collectioninfoapparelClassifyingCategory,
Apparel ,sockusage,Usage,MPH1110106100,Socks,sockusageCC,sockusageClassifyingCategory,
Apparel ,sockusage,Usage,MPH1111105100,Socks,sockusageCC,sockusageClassifyingCategory,
Apparel ,womenfabric,Fabric Family,MPH1110100100,Sarees,womenfabricCC,womenfabricClassifyingCategory,
Apparel ,womenfabric,Fabric Family,MPH1110100101,Kurta & kurtis,womenfabricCC,womenfabricClassifyingCategory,
Apparel ,womenfabric,Fabric Family,MPH1110100102,Suit Sets,womenfabricCC,womenfabricClassifyingCategory,
Apparel ,womenfabric,Fabric Family,MPH1110100103,Dress material,womenfabricCC,womenfabricClassifyingCategory,
Apparel ,womenfabric,Fabric Family,MPH1110100104,Ethnic bottom ,womenfabricCC,womenfabricClassifyingCategory,
Apparel ,womenfabric,Fabric Family,MPH1110100105,Duppatta,womenfabricCC,womenfabricClassifyingCategory,
Apparel ,womenfabric,Fabric Family,MPH1110100106,Ethnic Dresses,womenfabricCC,womenfabricClassifyingCategory,
Apparel ,womenfabric,Fabric Family,MPH1110100107,Lehenga sets,womenfabricCC,womenfabricClassifyingCategory,
Apparel ,womenfabric,Fabric Family,MPH1110100108,Blouses,womenfabricCC,womenfabricClassifyingCategory,
Apparel ,womenfabric,Fabric Family,MPH1110101100,Tops and tees,womenfabricCC,womenfabricClassifyingCategory,
Apparel ,womenfabric,Fabric Family,MPH1110101101,casual shirts,womenfabricCC,womenfabricClassifyingCategory,
Apparel ,womenfabric,Fabric Family,MPH1110101102,Jeans,womenfabricCC,womenfabricClassifyingCategory,
Apparel ,womenfabric,Fabric Family,MPH1110101103,Casual trousers,womenfabricCC,womenfabricClassifyingCategory,
Apparel ,womenfabric,Fabric Family,MPH1110101104,Shorts,womenfabricCC,womenfabricClassifyingCategory,
Apparel ,womenfabric,Fabric Family,MPH1110101105,Sweatshirts and hoodies,womenfabricCC,womenfabricClassifyingCategory,
Apparel ,womenfabric,Fabric Family,MPH1110101106,Sweaters,womenfabricCC,womenfabricClassifyingCategory,
Apparel ,womenfabric,Fabric Family,MPH1110101107,Casual jackets and blazers,womenfabricCC,womenfabricClassifyingCategory,
Apparel ,womenfabric,Fabric Family,MPH1110101108,Track pants,womenfabricCC,womenfabricClassifyingCategory,
Apparel ,womenfabric,Fabric Family,MPH1110101109,Casual dresses,womenfabricCC,womenfabricClassifyingCategory,
Apparel ,womenfabric,Fabric Family,MPH1110101110,Shrugs and cardigans,womenfabricCC,womenfabricClassifyingCategory,
Apparel ,womenfabric,Fabric Family,MPH1110101111,Skirts,womenfabricCC,womenfabricClassifyingCategory,
Apparel ,womenfabric,Fabric Family,MPH1110101112,Capris,womenfabricCC,womenfabricClassifyingCategory,
Apparel ,womenfabric,Fabric Family,MPH1110101113,Leggings & Jeggings,womenfabricCC,womenfabricClassifyingCategory,
Apparel ,womenfabric,Fabric Family,MPH1110101114,Jump suits,womenfabricCC,womenfabricClassifyingCategory,
Apparel ,womenfabric,Fabric Family,MPH1110102100,Formal shirt,womenfabricCC,womenfabricClassifyingCategory,
Apparel ,womenfabric,Fabric Family,MPH1110102101,Formal trousers,womenfabricCC,womenfabricClassifyingCategory,
Apparel ,womenfabric,Fabric Family,MPH1110102102,Formal suits,womenfabricCC,womenfabricClassifyingCategory,
Apparel ,womenfabric,Fabric Family,MPH1110102103,Formal coats jackets,womenfabricCC,womenfabricClassifyingCategory,
Apparel ,womenfabric,Fabric Family,MPH1110102104,Formal dress,womenfabricCC,womenfabricClassifyingCategory,
Apparel ,womenfabric,Fabric Family,MPH1110103100,Maternity Day Wear,womenfabricCC,womenfabricClassifyingCategory,
Apparel ,womenfabric,Fabric Family,MPH1110103101,Maternity Lingerie,womenfabricCC,womenfabricClassifyingCategory,
Apparel ,womenfabric,Fabric Family,MPH1110103102,Maternity Sleepwear,womenfabricCC,womenfabricClassifyingCategory,
Apparel ,womenfabric,Fabric Family,MPH1110103103,Maternity Accessories,womenfabricCC,womenfabricClassifyingCategory,
Apparel ,womenfabric,Fabric Family,MPH1110104100,Sports tshirt,womenfabricCC,womenfabricClassifyingCategory,
Apparel ,womenfabric,Fabric Family,MPH1110104101,Sports shorts,womenfabricCC,womenfabricClassifyingCategory,
Apparel ,womenfabric,Fabric Family,MPH1110104102,Sports sets,womenfabricCC,womenfabricClassifyingCategory,
Apparel ,womenfabric,Fabric Family,MPH1110104103,Sports jackets,womenfabricCC,womenfabricClassifyingCategory,
Apparel ,womenfabric,Fabric Family,MPH1110104104,Track pants,womenfabricCC,womenfabricClassifyingCategory,
Apparel ,womenfabric,Fabric Family,MPH1110104105,Swimwear,womenfabricCC,womenfabricClassifyingCategory,
Apparel ,womenfabric,Fabric Family,MPH1110104106,Sports innerwear,womenfabricCC,womenfabricClassifyingCategory,
Apparel ,womenfabric,Fabric Family,MPH1110105100,Bras & Bra Sets,womenfabricCC,womenfabricClassifyingCategory,
Apparel ,womenfabric,Fabric Family,MPH1110105101,Camisoles & Camisole Sets,womenfabricCC,womenfabricClassifyingCategory,
Apparel ,womenfabric,Fabric Family,MPH1110105102,Lingerie Sets,womenfabricCC,womenfabricClassifyingCategory,
Apparel ,womenfabric,Fabric Family,MPH1110105103,Corsets & Bustier,womenfabricCC,womenfabricClassifyingCategory,
Apparel ,womenfabric,Fabric Family,MPH1110105104,Sleepwear & Robes,womenfabricCC,womenfabricClassifyingCategory,
Apparel ,womenfabric,Fabric Family,MPH1110105105,Gowns,womenfabricCC,womenfabricClassifyingCategory,
Apparel ,womenfabric,Fabric Family,MPH1110105106,Panties,womenfabricCC,womenfabricClassifyingCategory,
Apparel ,womenfabric,Fabric Family,MPH1110105107,Intimate wear,womenfabricCC,womenfabricClassifyingCategory,
Apparel ,womenfabric,Fabric Family,MPH1110105108,Stockings &Tights,womenfabricCC,womenfabricClassifyingCategory,
Apparel ,womenfabric,Fabric Family,MPH1110105109,Shapewear,womenfabricCC,womenfabricClassifyingCategory,
Apparel ,womensetcontents,Set Contents,MPH1110100107,Lehenga sets,womensetcontentsCC,womensetcontentsClassifyingCategory,
Apparel ,womenpattern,Pattern,MPH1110100106,Ethnic Dresses,womenpatternCC,womenpatternClassifyingCategory,
Apparel ,womenpattern,Pattern,MPH1110103100,Maternity Day Wear,womenpatternCC,womenpatternClassifyingCategory,
Apparel ,womenpattern,Pattern,MPH1110103101,Maternity Lingerie,womenpatternCC,womenpatternClassifyingCategory,
Apparel ,womenpattern,Pattern,MPH1110103102,Maternity Sleepwear,womenpatternCC,womenpatternClassifyingCategory,
Apparel ,womenpattern,Pattern,MPH1110103103,Maternity Accessories,womenpatternCC,womenpatternClassifyingCategory,
Apparel ,womenpattern,Pattern,MPH1110104100,Sports tshirt,womenpatternCC,womenpatternClassifyingCategory,
Apparel ,womenpattern,Pattern,MPH1110104101,Sports shorts,womenpatternCC,womenpatternClassifyingCategory,
Apparel ,womenpattern,Pattern,MPH1110104102,Sports sets,womenpatternCC,womenpatternClassifyingCategory,
Apparel ,womenpattern,Pattern,MPH1110104103,Sports jackets,womenpatternCC,womenpatternClassifyingCategory,
Apparel ,womenpattern,Pattern,MPH1110104104,Track pants,womenpatternCC,womenpatternClassifyingCategory,
Apparel ,womenpattern,Pattern,MPH1110104105,Swimwear,womenpatternCC,womenpatternClassifyingCategory,
Apparel ,womenpattern,Pattern,MPH1110104106,Sports innerwear,womenpatternCC,womenpatternClassifyingCategory,
Apparel ,womenpattern,Pattern,MPH1110105100,Bras & Bra Sets,womenpatternCC,womenpatternClassifyingCategory,
Apparel ,womenpattern,Pattern,MPH1110105101,Camisoles & Camisole Sets,womenpatternCC,womenpatternClassifyingCategory,
Apparel ,womenpattern,Pattern,MPH1110105102,Lingerie Sets,womenpatternCC,womenpatternClassifyingCategory,
Apparel ,womenpattern,Pattern,MPH1110105103,Corsets & Bustier,womenpatternCC,womenpatternClassifyingCategory,
Apparel ,womenpattern,Pattern,MPH1110105104,Sleepwear & Robes,womenpatternCC,womenpatternClassifyingCategory,
Apparel ,womenpattern,Pattern,MPH1110105105,Gowns,womenpatternCC,womenpatternClassifyingCategory,
Apparel ,womenpattern,Pattern,MPH1110105106,Panties,womenpatternCC,womenpatternClassifyingCategory,
Apparel ,womenpattern,Pattern,MPH1110105107,Intimate wear,womenpatternCC,womenpatternClassifyingCategory,
Apparel ,womenpattern,Pattern,MPH1110105108,Stockings &Tights,womenpatternCC,womenpatternClassifyingCategory,
Apparel ,womenpattern,Pattern,MPH1110105109,Shapewear,womenpatternCC,womenpatternClassifyingCategory,
Apparel ,modelfit,Model fit,MPH1110100100,Sarees,modelfitCC,modelfitClassifyingCategory,
Apparel ,modelfit,Model fit,MPH1110100101,Kurta & kurtis,modelfitCC,modelfitClassifyingCategory,
Apparel ,modelfit,Model fit,MPH1110100102,Suit Sets,modelfitCC,modelfitClassifyingCategory,
Apparel ,modelfit,Model fit,MPH1110100103,Dress material,modelfitCC,modelfitClassifyingCategory,
Apparel ,modelfit,Model fit,MPH1110100104,Ethnic bottom ,modelfitCC,modelfitClassifyingCategory,
Apparel ,modelfit,Model fit,MPH1110100105,Duppatta,modelfitCC,modelfitClassifyingCategory,
Apparel ,modelfit,Model fit,MPH1110100106,Ethnic Dresses,modelfitCC,modelfitClassifyingCategory,
Apparel ,modelfit,Model fit,MPH1110100107,Lehenga sets,modelfitCC,modelfitClassifyingCategory,
Apparel ,modelfit,Model fit,MPH1110100108,Blouses,modelfitCC,modelfitClassifyingCategory,
Apparel ,modelfit,Model fit,MPH1110101100,Tops and tees,modelfitCC,modelfitClassifyingCategory,
Apparel ,modelfit,Model fit,MPH1110101101,casual shirts,modelfitCC,modelfitClassifyingCategory,
Apparel ,modelfit,Model fit,MPH1110101102,Jeans,modelfitCC,modelfitClassifyingCategory,
Apparel ,modelfit,Model fit,MPH1110101103,Casual trousers,modelfitCC,modelfitClassifyingCategory,
Apparel ,modelfit,Model fit,MPH1110101104,Shorts,modelfitCC,modelfitClassifyingCategory,
Apparel ,modelfit,Model fit,MPH1110101105,Sweatshirts and hoodies,modelfitCC,modelfitClassifyingCategory,
Apparel ,modelfit,Model fit,MPH1110101106,Sweaters,modelfitCC,modelfitClassifyingCategory,
Apparel ,modelfit,Model fit,MPH1110101107,Casual jackets and blazers,modelfitCC,modelfitClassifyingCategory,
Apparel ,modelfit,Model fit,MPH1110101108,Track pants,modelfitCC,modelfitClassifyingCategory,
Apparel ,modelfit,Model fit,MPH1110101109,Casual dresses,modelfitCC,modelfitClassifyingCategory,
Apparel ,modelfit,Model fit,MPH1110101110,Shrugs and cardigans,modelfitCC,modelfitClassifyingCategory,
Apparel ,modelfit,Model fit,MPH1110101111,Skirts,modelfitCC,modelfitClassifyingCategory,
Apparel ,modelfit,Model fit,MPH1110101112,Capris,modelfitCC,modelfitClassifyingCategory,
Apparel ,modelfit,Model fit,MPH1110101113,Leggings & Jeggings,modelfitCC,modelfitClassifyingCategory,
Apparel ,modelfit,Model fit,MPH1110101114,Jump suits,modelfitCC,modelfitClassifyingCategory,
Apparel ,modelfit,Model fit,MPH1110102100,Formal shirt,modelfitCC,modelfitClassifyingCategory,
Apparel ,modelfit,Model fit,MPH1110102101,Formal trousers,modelfitCC,modelfitClassifyingCategory,
Apparel ,modelfit,Model fit,MPH1110102102,Formal suits,modelfitCC,modelfitClassifyingCategory,
Apparel ,modelfit,Model fit,MPH1110102103,Formal coats jackets,modelfitCC,modelfitClassifyingCategory,
Apparel ,modelfit,Model fit,MPH1110102104,Formal dress,modelfitCC,modelfitClassifyingCategory,
Apparel ,modelfit,Model fit,MPH1110103100,Maternity Day Wear,modelfitCC,modelfitClassifyingCategory,
Apparel ,modelfit,Model fit,MPH1110103101,Maternity Lingerie,modelfitCC,modelfitClassifyingCategory,
Apparel ,modelfit,Model fit,MPH1110103102,Maternity Sleepwear,modelfitCC,modelfitClassifyingCategory,
Apparel ,modelfit,Model fit,MPH1110103103,Maternity Accessories,modelfitCC,modelfitClassifyingCategory,
Apparel ,modelfit,Model fit,MPH1110104100,Sports tshirt,modelfitCC,modelfitClassifyingCategory,
Apparel ,modelfit,Model fit,MPH1110104101,Sports shorts,modelfitCC,modelfitClassifyingCategory,
Apparel ,modelfit,Model fit,MPH1110104102,Sports sets,modelfitCC,modelfitClassifyingCategory,
Apparel ,modelfit,Model fit,MPH1110104103,Sports jackets,modelfitCC,modelfitClassifyingCategory,
Apparel ,modelfit,Model fit,MPH1110104104,Track pants,modelfitCC,modelfitClassifyingCategory,
Apparel ,modelfit,Model fit,MPH1110104105,Swimwear,modelfitCC,modelfitClassifyingCategory,
Apparel ,modelfit,Model fit,MPH1110104106,Sports innerwear,modelfitCC,modelfitClassifyingCategory,
Apparel ,modelfit,Model fit,MPH1110105100,Bras & Bra Sets,modelfitCC,modelfitClassifyingCategory,
Apparel ,modelfit,Model fit,MPH1110105101,Camisoles & Camisole Sets,modelfitCC,modelfitClassifyingCategory,
Apparel ,modelfit,Model fit,MPH1110105102,Lingerie Sets,modelfitCC,modelfitClassifyingCategory,
Apparel ,modelfit,Model fit,MPH1110105103,Corsets & Bustier,modelfitCC,modelfitClassifyingCategory,
Apparel ,modelfit,Model fit,MPH1110105104,Sleepwear & Robes,modelfitCC,modelfitClassifyingCategory,
Apparel ,modelfit,Model fit,MPH1110105105,Gowns,modelfitCC,modelfitClassifyingCategory,
Apparel ,modelfit,Model fit,MPH1110105106,Panties,modelfitCC,modelfitClassifyingCategory,
Apparel ,modelfit,Model fit,MPH1110105107,Intimate wear,modelfitCC,modelfitClassifyingCategory,
Apparel ,modelfit,Model fit,MPH1110105108,Stockings &Tights,modelfitCC,modelfitClassifyingCategory,
Apparel ,modelfit,Model fit,MPH1110105109,Shapewear,modelfitCC,modelfitClassifyingCategory,
Apparel ,modelfit,Model fit,MPH1110106100,Socks,modelfitCC,modelfitClassifyingCategory,
Apparel ,modelfit,Model fit,MPH1111100100,Formal shirt,modelfitCC,modelfitClassifyingCategory,
Apparel ,modelfit,Model fit,MPH1111100101,Formal trousers,modelfitCC,modelfitClassifyingCategory,
Apparel ,modelfit,Model fit,MPH1111100102,Formal suits,modelfitCC,modelfitClassifyingCategory,
Apparel ,modelfit,Model fit,MPH1111100103,Formal coats & jackets,modelfitCC,modelfitClassifyingCategory,
Apparel ,modelfit,Model fit,MPH1111101100,T-Shirts,modelfitCC,modelfitClassifyingCategory,
Apparel ,modelfit,Model fit,MPH1111101101,casual shirts,modelfitCC,modelfitClassifyingCategory,
Apparel ,modelfit,Model fit,MPH1111101102,Jeans,modelfitCC,modelfitClassifyingCategory,
Apparel ,modelfit,Model fit,MPH1111101103,Casual trousers,modelfitCC,modelfitClassifyingCategory,
Apparel ,modelfit,Model fit,MPH1111101104,Shorts,modelfitCC,modelfitClassifyingCategory,
Apparel ,modelfit,Model fit,MPH1111101105,Sweatshirts and hoodies,modelfitCC,modelfitClassifyingCategory,
Apparel ,modelfit,Model fit,MPH1111101106,Sweaters,modelfitCC,modelfitClassifyingCategory,
Apparel ,modelfit,Model fit,MPH1111101107,Casual Jackets,modelfitCC,modelfitClassifyingCategory,
Apparel ,modelfit,Model fit,MPH1111101108,Track pants,modelfitCC,modelfitClassifyingCategory,
Apparel ,modelfit,Model fit,MPH1111101109,Blazers,modelfitCC,modelfitClassifyingCategory,
Apparel ,modelfit,Model fit,MPH1111102100,Sports tshirt,modelfitCC,modelfitClassifyingCategory,
Apparel ,modelfit,Model fit,MPH1111102101,Sports shorts,modelfitCC,modelfitClassifyingCategory,
Apparel ,modelfit,Model fit,MPH1111102102,Sports sets,modelfitCC,modelfitClassifyingCategory,
Apparel ,modelfit,Model fit,MPH1111102103,Sports jackets,modelfitCC,modelfitClassifyingCategory,
Apparel ,modelfit,Model fit,MPH1111102105,Swimwear,modelfitCC,modelfitClassifyingCategory,
Apparel ,modelfit,Model fit,MPH1111102104 ,Bottomwear,modelfitCC,modelfitClassifyingCategory,
Apparel ,modelfit,Model fit,MPH1111103100,Kurta,modelfitCC,modelfitClassifyingCategory,
Apparel ,modelfit,Model fit,MPH1111103101,Kurta set with bottom,modelfitCC,modelfitClassifyingCategory,
Apparel ,modelfit,Model fit,MPH1111103102,Bottomwear,modelfitCC,modelfitClassifyingCategory,
Apparel ,modelfit,Model fit,MPH1111103103,Ethnic suits,modelfitCC,modelfitClassifyingCategory,
Apparel ,modelfit,Model fit,MPH1111103104,Ethnic headgear,modelfitCC,modelfitClassifyingCategory,
Apparel ,modelfit,Model fit,MPH1111103105,Nehru Jackets,modelfitCC,modelfitClassifyingCategory,
Apparel ,modelfit,Model fit,MPH1111103106,Sherwani,modelfitCC,modelfitClassifyingCategory,
Apparel ,modelfit,Model fit,MPH1111103107,Blazers,modelfitCC,modelfitClassifyingCategory,
Apparel ,modelfit,Model fit,MPH1111103108,Shirts,modelfitCC,modelfitClassifyingCategory,
Apparel ,modelfit,Model fit,MPH1111104100,Briefs,modelfitCC,modelfitClassifyingCategory,
Apparel ,modelfit,Model fit,MPH1111104101,Trunks,modelfitCC,modelfitClassifyingCategory,
Apparel ,modelfit,Model fit,MPH1111104102,Boxers,modelfitCC,modelfitClassifyingCategory,
Apparel ,modelfit,Model fit,MPH1111104103,Vests,modelfitCC,modelfitClassifyingCategory,
Apparel ,modelfit,Model fit,MPH1111104104,Sleepwear,modelfitCC,modelfitClassifyingCategory,
Apparel ,modelfit,Model fit,MPH1111104105,Swimwear,modelfitCC,modelfitClassifyingCategory,
Apparel ,modelfit,Model fit,MPH1111104106,Thermals,modelfitCC,modelfitClassifyingCategory,
Apparel ,modelfit,Model fit,MPH1111105100,Socks,modelfitCC,modelfitClassifyingCategory,
Apparel ,featureapparel,Feature,MPH1110100,Women's Ethnic ,apparelCC,apparelClassifyingCategory,
Apparel ,featureapparel,Feature,MPH1110101100,Tops and tees,apparelCC,apparelClassifyingCategory,
Apparel ,featureapparel,Feature,MPH1110101101,casual shirts,apparelCC,apparelClassifyingCategory,
Apparel ,featureapparel,Feature,MPH1110101102,Jeans,apparelCC,apparelClassifyingCategory,
Apparel ,featureapparel,Feature,MPH1110101103,Casual trousers,apparelCC,apparelClassifyingCategory,
Apparel ,featureapparel,Feature,MPH1110101104,Shorts,apparelCC,apparelClassifyingCategory,
Apparel ,featureapparel,Feature,MPH1110101105,Sweatshirts and hoodies,apparelCC,apparelClassifyingCategory,
Apparel ,featureapparel,Feature,MPH1110101106,Sweaters,apparelCC,apparelClassifyingCategory,
Apparel ,featureapparel,Feature,MPH1110101107,Casual jackets and blazers,apparelCC,apparelClassifyingCategory,
Apparel ,featureapparel,Feature,MPH1110101108,Track pants,apparelCC,apparelClassifyingCategory,
Apparel ,featureapparel,Feature,MPH1110101109,Casual dresses,apparelCC,apparelClassifyingCategory,
Apparel ,featureapparel,Feature,MPH1110101110,Shrugs and cardigans,apparelCC,apparelClassifyingCategory,
Apparel ,featureapparel,Feature,MPH1110101111,Skirts,apparelCC,apparelClassifyingCategory,
Apparel ,featureapparel,Feature,MPH1110101112,Capris,apparelCC,apparelClassifyingCategory,
Apparel ,featureapparel,Feature,MPH1110101113,Leggings & Jeggings,apparelCC,apparelClassifyingCategory,
Apparel ,featureapparel,Feature,MPH1110101114,Jump suits,apparelCC,apparelClassifyingCategory,
Apparel ,featureapparel,Feature,MPH1110102100,Formal shirt,apparelCC,apparelClassifyingCategory,
Apparel ,featureapparel,Feature,MPH1110102101,Formal trousers,apparelCC,apparelClassifyingCategory,
Apparel ,featureapparel,Feature,MPH1110102102,Formal suits,apparelCC,apparelClassifyingCategory,
Apparel ,featureapparel,Feature,MPH1110102103,Formal coats jackets,apparelCC,apparelClassifyingCategory,
Apparel ,featureapparel,Feature,MPH1110102104,Formal dress,apparelCC,apparelClassifyingCategory,
Apparel ,featureapparel,Feature,MPH1110103100,Maternity Day Wear,apparelCC,apparelClassifyingCategory,
Apparel ,featureapparel,Feature,MPH1110103101,Maternity Lingerie,apparelCC,apparelClassifyingCategory,
Apparel ,featureapparel,Feature,MPH1110103102,Maternity Sleepwear,apparelCC,apparelClassifyingCategory,
Apparel ,featureapparel,Feature,MPH1110103103,Maternity Accessories,apparelCC,apparelClassifyingCategory,
Apparel ,featureapparel,Feature,MPH1110104100,Sports tshirt,apparelCC,apparelClassifyingCategory,
Apparel ,featureapparel,Feature,MPH1110104101,Sports shorts,apparelCC,apparelClassifyingCategory,
Apparel ,featureapparel,Feature,MPH1110104102,Sports sets,apparelCC,apparelClassifyingCategory,
Apparel ,featureapparel,Feature,MPH1110104103,Sports jackets,apparelCC,apparelClassifyingCategory,
Apparel ,featureapparel,Feature,MPH1110104104,Track pants,apparelCC,apparelClassifyingCategory,
Apparel ,featureapparel,Feature,MPH1110104105,Swimwear,apparelCC,apparelClassifyingCategory,
Apparel ,featureapparel,Feature,MPH1110104106,Sports innerwear,apparelCC,apparelClassifyingCategory,
Apparel ,featureapparel,Feature,MPH1110105100,Bras & Bra Sets,apparelCC,apparelClassifyingCategory,
Apparel ,featureapparel,Feature,MPH1110105101,Camisoles & Camisole Sets,apparelCC,apparelClassifyingCategory,
Apparel ,featureapparel,Feature,MPH1110105102,Lingerie Sets,apparelCC,apparelClassifyingCategory,
Apparel ,featureapparel,Feature,MPH1110105103,Corsets & Bustier,apparelCC,apparelClassifyingCategory,
Apparel ,featureapparel,Feature,MPH1110105104,Sleepwear & Robes,apparelCC,apparelClassifyingCategory,
Apparel ,featureapparel,Feature,MPH1110105105,Gowns,apparelCC,apparelClassifyingCategory,
Apparel ,featureapparel,Feature,MPH1110105106,Panties,apparelCC,apparelClassifyingCategory,
Apparel ,featureapparel,Feature,MPH1110105107,Intimate wear,apparelCC,apparelClassifyingCategory,
Apparel ,featureapparel,Feature,MPH1110105108,Stockings &Tights,apparelCC,apparelClassifyingCategory,
Apparel ,featureapparel,Feature,MPH1110105109,Shapewear,apparelCC,apparelClassifyingCategory,
Apparel ,featureapparel,Feature,MPH1110106100,Socks,apparelCC,apparelClassifyingCategory,
Apparel ,featureapparel,Feature,MPH1111100,Mens formal,apparelCC,apparelClassifyingCategory,
Apparel ,featureapparel,Feature,MPH1111101,Mens casual,apparelCC,apparelClassifyingCategory,
Apparel ,featureapparel,Feature,MPH1111102100,Sports tshirt,apparelCC,apparelClassifyingCategory,
Apparel ,featureapparel,Feature,MPH1111102101,Sports shorts,apparelCC,apparelClassifyingCategory,
Apparel ,featureapparel,Feature,MPH1111102102,Sports sets,apparelCC,apparelClassifyingCategory,
Apparel ,featureapparel,Feature,MPH1111102103,Sports jackets,apparelCC,apparelClassifyingCategory,
Apparel ,featureapparel,Feature,MPH1111102105,Swimwear,apparelCC,apparelClassifyingCategory,
Apparel ,featureapparel,Feature,MPH1111102104 ,Bottomwear,apparelCC,apparelClassifyingCategory,
Apparel ,featureapparel,Feature,MPH1111103,Mens Ethnic,apparelCC,apparelClassifyingCategory,
Apparel ,featureapparel,Feature,MPH1111104100,Briefs,apparelCC,apparelClassifyingCategory,
Apparel ,featureapparel,Feature,MPH1111104101,Trunks,apparelCC,apparelClassifyingCategory,
Apparel ,featureapparel,Feature,MPH1111104102,Boxers,apparelCC,apparelClassifyingCategory,
Apparel ,featureapparel,Feature,MPH1111104103,Vests,apparelCC,apparelClassifyingCategory,
Apparel ,featureapparel,Feature,MPH1111104104,Sleepwear,apparelCC,apparelClassifyingCategory,
Apparel ,featureapparel,Feature,MPH1111104105,Swimwear,apparelCC,apparelClassifyingCategory,
Apparel ,featureapparel,Feature,MPH1111104106,Thermals,apparelCC,apparelClassifyingCategory,
Apparel ,featureapparel,Feature,MPH1111105100,Socks,apparelCC,apparelClassifyingCategory,
Apparel ,occasion,Occasion,MPH1110100100,Sarees,apparelCC,apparelClassifyingCategory,
Apparel ,occasion,Occasion,MPH1110100101,Kurta & kurtis,apparelCC,apparelClassifyingCategory,
Apparel ,occasion,Occasion,MPH1110100102,Suit Sets,apparelCC,apparelClassifyingCategory,
Apparel ,occasion,Occasion,MPH1110100103,Dress material,apparelCC,apparelClassifyingCategory,
Apparel ,occasion,Occasion,MPH1110100104,Ethnic bottom ,apparelCC,apparelClassifyingCategory,
Apparel ,occasion,Occasion,MPH1110100105,Duppatta,apparelCC,apparelClassifyingCategory,
Apparel ,occasion,Occasion,MPH1110100106,Ethnic Dresses,apparelCC,apparelClassifyingCategory,
Apparel ,occasion,Occasion,MPH1110100107,Lehenga sets,apparelCC,apparelClassifyingCategory,
Apparel ,occasion,Occasion,MPH1110100108,Blouses,apparelCC,apparelClassifyingCategory,
Apparel ,occasion,Occasion,MPH1110101100,Tops and tees,apparelCC,apparelClassifyingCategory,
Apparel ,occasion,Occasion,MPH1110101101,casual shirts,apparelCC,apparelClassifyingCategory,
Apparel ,occasion,Occasion,MPH1110101102,Jeans,apparelCC,apparelClassifyingCategory,
Apparel ,occasion,Occasion,MPH1110101103,Casual trousers,apparelCC,apparelClassifyingCategory,
Apparel ,occasion,Occasion,MPH1110101104,Shorts,apparelCC,apparelClassifyingCategory,
Apparel ,occasion,Occasion,MPH1110101105,Sweatshirts and hoodies,apparelCC,apparelClassifyingCategory,
Apparel ,occasion,Occasion,MPH1110101106,Sweaters,apparelCC,apparelClassifyingCategory,
Apparel ,occasion,Occasion,MPH1110101107,Casual jackets and blazers,apparelCC,apparelClassifyingCategory,
Apparel ,occasion,Occasion,MPH1110101108,Track pants,apparelCC,apparelClassifyingCategory,
Apparel ,occasion,Occasion,MPH1110101109,Casual dresses,apparelCC,apparelClassifyingCategory,
Apparel ,occasion,Occasion,MPH1110101110,Shrugs and cardigans,apparelCC,apparelClassifyingCategory,
Apparel ,occasion,Occasion,MPH1110101111,Skirts,apparelCC,apparelClassifyingCategory,
Apparel ,occasion,Occasion,MPH1110101112,Capris,apparelCC,apparelClassifyingCategory,
Apparel ,occasion,Occasion,MPH1110101113,Leggings & Jeggings,apparelCC,apparelClassifyingCategory,
Apparel ,occasion,Occasion,MPH1110101114,Jump suits,apparelCC,apparelClassifyingCategory,
Apparel ,occasion,Occasion,MPH1110102100,Formal shirt,apparelCC,apparelClassifyingCategory,
Apparel ,occasion,Occasion,MPH1110102101,Formal trousers,apparelCC,apparelClassifyingCategory,
Apparel ,occasion,Occasion,MPH1110102102,Formal suits,apparelCC,apparelClassifyingCategory,
Apparel ,occasion,Occasion,MPH1110102103,Formal coats jackets,apparelCC,apparelClassifyingCategory,
Apparel ,occasion,Occasion,MPH1110102104,Formal dress,apparelCC,apparelClassifyingCategory,
Apparel ,occasion,Occasion,MPH1110103100,Maternity Day Wear,apparelCC,apparelClassifyingCategory,
Apparel ,occasion,Occasion,MPH1110103101,Maternity Lingerie,apparelCC,apparelClassifyingCategory,
Apparel ,occasion,Occasion,MPH1110103102,Maternity Sleepwear,apparelCC,apparelClassifyingCategory,
Apparel ,occasion,Occasion,MPH1110103103,Maternity Accessories,apparelCC,apparelClassifyingCategory,
Apparel ,occasion,Occasion,MPH1110104100,Sports tshirt,apparelCC,apparelClassifyingCategory,
Apparel ,occasion,Occasion,MPH1110104101,Sports shorts,apparelCC,apparelClassifyingCategory,
Apparel ,occasion,Occasion,MPH1110104102,Sports sets,apparelCC,apparelClassifyingCategory,
Apparel ,occasion,Occasion,MPH1110104103,Sports jackets,apparelCC,apparelClassifyingCategory,
Apparel ,occasion,Occasion,MPH1110104104,Track pants,apparelCC,apparelClassifyingCategory,
Apparel ,occasion,Occasion,MPH1110104105,Swimwear,apparelCC,apparelClassifyingCategory,
Apparel ,occasion,Occasion,MPH1110104106,Sports innerwear,apparelCC,apparelClassifyingCategory,
Apparel ,occasion,Occasion,MPH1110105100,Bras & Bra Sets,apparelCC,apparelClassifyingCategory,
Apparel ,occasion,Occasion,MPH1110105101,Camisoles & Camisole Sets,apparelCC,apparelClassifyingCategory,
Apparel ,occasion,Occasion,MPH1110105102,Lingerie Sets,apparelCC,apparelClassifyingCategory,
Apparel ,occasion,Occasion,MPH1110105103,Corsets & Bustier,apparelCC,apparelClassifyingCategory,
Apparel ,occasion,Occasion,MPH1110105104,Sleepwear & Robes,apparelCC,apparelClassifyingCategory,
Apparel ,occasion,Occasion,MPH1110105105,Gowns,apparelCC,apparelClassifyingCategory,
Apparel ,occasion,Occasion,MPH1110105106,Panties,apparelCC,apparelClassifyingCategory,
Apparel ,occasion,Occasion,MPH1110105107,Intimate wear,apparelCC,apparelClassifyingCategory,
Apparel ,occasion,Occasion,MPH1110105108,Stockings &Tights,apparelCC,apparelClassifyingCategory,
Apparel ,occasion,Occasion,MPH1110105109,Shapewear,apparelCC,apparelClassifyingCategory,
Apparel ,occasion,Occasion,MPH1110106100,Socks,apparelCC,apparelClassifyingCategory,
Apparel ,occasion,Occasion,MPH1111100100,Formal shirt,apparelCC,apparelClassifyingCategory,
Apparel ,occasion,Occasion,MPH1111100101,Formal trousers,apparelCC,apparelClassifyingCategory,
Apparel ,occasion,Occasion,MPH1111100102,Formal suits,apparelCC,apparelClassifyingCategory,
Apparel ,occasion,Occasion,MPH1111100103,Formal coats & jackets,apparelCC,apparelClassifyingCategory,
Apparel ,occasion,Occasion,MPH1111101100,T-Shirts,apparelCC,apparelClassifyingCategory,
Apparel ,occasion,Occasion,MPH1111101101,casual shirts,apparelCC,apparelClassifyingCategory,
Apparel ,occasion,Occasion,MPH1111101102,Jeans,apparelCC,apparelClassifyingCategory,
Apparel ,occasion,Occasion,MPH1111101103,Casual trousers,apparelCC,apparelClassifyingCategory,
Apparel ,occasion,Occasion,MPH1111101104,Shorts,apparelCC,apparelClassifyingCategory,
Apparel ,occasion,Occasion,MPH1111101105,Sweatshirts and hoodies,apparelCC,apparelClassifyingCategory,
Apparel ,occasion,Occasion,MPH1111101106,Sweaters,apparelCC,apparelClassifyingCategory,
Apparel ,occasion,Occasion,MPH1111101107,Casual Jackets,apparelCC,apparelClassifyingCategory,
Apparel ,occasion,Occasion,MPH1111101108,Track pants,apparelCC,apparelClassifyingCategory,
Apparel ,occasion,Occasion,MPH1111101109,Blazers,apparelCC,apparelClassifyingCategory,
Apparel ,occasion,Occasion,MPH1111102100,Sports tshirt,apparelCC,apparelClassifyingCategory,
Apparel ,occasion,Occasion,MPH1111102101,Sports shorts,apparelCC,apparelClassifyingCategory,
Apparel ,occasion,Occasion,MPH1111102102,Sports sets,apparelCC,apparelClassifyingCategory,
Apparel ,occasion,Occasion,MPH1111102103,Sports jackets,apparelCC,apparelClassifyingCategory,
Apparel ,occasion,Occasion,MPH1111102105,Swimwear,apparelCC,apparelClassifyingCategory,
Apparel ,occasion,Occasion,MPH1111102104 ,Bottomwear,apparelCC,apparelClassifyingCategory,
Apparel ,occasion,Occasion,MPH1111103100,Kurta,apparelCC,apparelClassifyingCategory,
Apparel ,occasion,Occasion,MPH1111103101,Kurta set with bottom,apparelCC,apparelClassifyingCategory,
Apparel ,occasion,Occasion,MPH1111103102,Bottomwear,apparelCC,apparelClassifyingCategory,
Apparel ,occasion,Occasion,MPH1111103103,Ethnic suits,apparelCC,apparelClassifyingCategory,
Apparel ,occasion,Occasion,MPH1111103104,Ethnic headgear,apparelCC,apparelClassifyingCategory,
Apparel ,occasion,Occasion,MPH1111103105,Nehru Jackets,apparelCC,apparelClassifyingCategory,
Apparel ,occasion,Occasion,MPH1111103106,Sherwani,apparelCC,apparelClassifyingCategory,
Apparel ,occasion,Occasion,MPH1111103107,Blazers,apparelCC,apparelClassifyingCategory,
Apparel ,occasion,Occasion,MPH1111103108,Shirts,apparelCC,apparelClassifyingCategory,
Apparel ,occasion,Occasion,MPH1111103109,Accessories,apparelCC,apparelClassifyingCategory,
Apparel ,occasion,Occasion,MPH1111104100,Briefs,apparelCC,apparelClassifyingCategory,
Apparel ,occasion,Occasion,MPH1111104101,Trunks,apparelCC,apparelClassifyingCategory,
Apparel ,occasion,Occasion,MPH1111104102,Boxers,apparelCC,apparelClassifyingCategory,
Apparel ,occasion,Occasion,MPH1111104103,Vests,apparelCC,apparelClassifyingCategory,
Apparel ,occasion,Occasion,MPH1111104104,Sleepwear,apparelCC,apparelClassifyingCategory,
Apparel ,occasion,Occasion,MPH1111104105,Swimwear,apparelCC,apparelClassifyingCategory,
Apparel ,occasion,Occasion,MPH1111104106,Thermals,apparelCC,apparelClassifyingCategory,
Apparel ,occasion,Occasion,MPH1111105100,Socks,apparelCC,apparelClassifyingCategory,
Apparel ,sizechart,Size chart,MPH1110100100,Sarees,sizechartCC,sizechartClassifyingCategory,
Apparel ,sizechart,Size chart,MPH1110100101,Kurta & kurtis,sizechartCC,sizechartClassifyingCategory,
Apparel ,sizechart,Size chart,MPH1110100102,Suit Sets,sizechartCC,sizechartClassifyingCategory,
Apparel ,sizechart,Size chart,MPH1110100103,Dress material,sizechartCC,sizechartClassifyingCategory,
Apparel ,sizechart,Size chart,MPH1110100104,Ethnic bottom ,sizechartCC,sizechartClassifyingCategory,
Apparel ,sizechart,Size chart,MPH1110100105,Duppatta,sizechartCC,sizechartClassifyingCategory,
Apparel ,sizechart,Size chart,MPH1110100106,Ethnic Dresses,sizechartCC,sizechartClassifyingCategory,
Apparel ,sizechart,Size chart,MPH1110100107,Lehenga sets,sizechartCC,sizechartClassifyingCategory,
Apparel ,sizechart,Size chart,MPH1110100108,Blouses,sizechartCC,sizechartClassifyingCategory,
Apparel ,sizechart,Size chart,MPH1110101100,Tops and tees,sizechartCC,sizechartClassifyingCategory,
Apparel ,sizechart,Size chart,MPH1110101101,casual shirts,sizechartCC,sizechartClassifyingCategory,
Apparel ,sizechart,Size chart,MPH1110101102,Jeans,sizechartCC,sizechartClassifyingCategory,
Apparel ,sizechart,Size chart,MPH1110101103,Casual trousers,sizechartCC,sizechartClassifyingCategory,
Apparel ,sizechart,Size chart,MPH1110101104,Shorts,sizechartCC,sizechartClassifyingCategory,
Apparel ,sizechart,Size chart,MPH1110101105,Sweatshirts and hoodies,sizechartCC,sizechartClassifyingCategory,
Apparel ,sizechart,Size chart,MPH1110101106,Sweaters,sizechartCC,sizechartClassifyingCategory,
Apparel ,sizechart,Size chart,MPH1110101107,Casual jackets and blazers,sizechartCC,sizechartClassifyingCategory,
Apparel ,sizechart,Size chart,MPH1110101108,Track pants,sizechartCC,sizechartClassifyingCategory,
Apparel ,sizechart,Size chart,MPH1110101109,Casual dresses,sizechartCC,sizechartClassifyingCategory,
Apparel ,sizechart,Size chart,MPH1110101110,Shrugs and cardigans,sizechartCC,sizechartClassifyingCategory,
Apparel ,sizechart,Size chart,MPH1110101111,Skirts,sizechartCC,sizechartClassifyingCategory,
Apparel ,sizechart,Size chart,MPH1110101112,Capris,sizechartCC,sizechartClassifyingCategory,
Apparel ,sizechart,Size chart,MPH1110101113,Leggings & Jeggings,sizechartCC,sizechartClassifyingCategory,
Apparel ,sizechart,Size chart,MPH1110101114,Jump suits,sizechartCC,sizechartClassifyingCategory,
Apparel ,sizechart,Size chart,MPH1110102100,Formal shirt,sizechartCC,sizechartClassifyingCategory,
Apparel ,sizechart,Size chart,MPH1110102101,Formal trousers,sizechartCC,sizechartClassifyingCategory,
Apparel ,sizechart,Size chart,MPH1110102102,Formal suits,sizechartCC,sizechartClassifyingCategory,
Apparel ,sizechart,Size chart,MPH1110102103,Formal coats jackets,sizechartCC,sizechartClassifyingCategory,
Apparel ,sizechart,Size chart,MPH1110102104,Formal dress,sizechartCC,sizechartClassifyingCategory,
Apparel ,sizechart,Size chart,MPH1110103100,Maternity Day Wear,sizechartCC,sizechartClassifyingCategory,
Apparel ,sizechart,Size chart,MPH1110103101,Maternity Lingerie,sizechartCC,sizechartClassifyingCategory,
Apparel ,sizechart,Size chart,MPH1110103102,Maternity Sleepwear,sizechartCC,sizechartClassifyingCategory,
Apparel ,sizechart,Size chart,MPH1110103103,Maternity Accessories,sizechartCC,sizechartClassifyingCategory,
Apparel ,sizechart,Size chart,MPH1110104100,Sports tshirt,sizechartCC,sizechartClassifyingCategory,
Apparel ,sizechart,Size chart,MPH1110104101,Sports shorts,sizechartCC,sizechartClassifyingCategory,
Apparel ,sizechart,Size chart,MPH1110104102,Sports sets,sizechartCC,sizechartClassifyingCategory,
Apparel ,sizechart,Size chart,MPH1110104103,Sports jackets,sizechartCC,sizechartClassifyingCategory,
Apparel ,sizechart,Size chart,MPH1110104104,Track pants,sizechartCC,sizechartClassifyingCategory,
Apparel ,sizechart,Size chart,MPH1110104105,Swimwear,sizechartCC,sizechartClassifyingCategory,
Apparel ,sizechart,Size chart,MPH1110104106,Sports innerwear,sizechartCC,sizechartClassifyingCategory,
Apparel ,sizechart,Size chart,MPH1110105100,Bras & Bra Sets,sizechartCC,sizechartClassifyingCategory,
Apparel ,sizechart,Size chart,MPH1110105101,Camisoles & Camisole Sets,sizechartCC,sizechartClassifyingCategory,
Apparel ,sizechart,Size chart,MPH1110105102,Lingerie Sets,sizechartCC,sizechartClassifyingCategory,
Apparel ,sizechart,Size chart,MPH1110105103,Corsets & Bustier,sizechartCC,sizechartClassifyingCategory,
Apparel ,sizechart,Size chart,MPH1110105104,Sleepwear & Robes,sizechartCC,sizechartClassifyingCategory,
Apparel ,sizechart,Size chart,MPH1110105105,Gowns,sizechartCC,sizechartClassifyingCategory,
Apparel ,sizechart,Size chart,MPH1110105106,Panties,sizechartCC,sizechartClassifyingCategory,
Apparel ,sizechart,Size chart,MPH1110105107,Intimate wear,sizechartCC,sizechartClassifyingCategory,
Apparel ,sizechart,Size chart,MPH1110105108,Stockings &Tights,sizechartCC,sizechartClassifyingCategory,
Apparel ,sizechart,Size chart,MPH1110105109,Shapewear,sizechartCC,sizechartClassifyingCategory,
Apparel ,sizechart,Size chart,MPH1110106100,Socks,sizechartCC,sizechartClassifyingCategory,
Apparel ,sizechart,Size chart,MPH1111100100,Formal shirt,sizechartCC,sizechartClassifyingCategory,
Apparel ,sizechart,Size chart,MPH1111100101,Formal trousers,sizechartCC,sizechartClassifyingCategory,
Apparel ,sizechart,Size chart,MPH1111100102,Formal suits,sizechartCC,sizechartClassifyingCategory,
Apparel ,sizechart,Size chart,MPH1111100103,Formal coats & jackets,sizechartCC,sizechartClassifyingCategory,
Apparel ,sizechart,Size chart,MPH1111101100,T-Shirts,sizechartCC,sizechartClassifyingCategory,
Apparel ,sizechart,Size chart,MPH1111101101,casual shirts,sizechartCC,sizechartClassifyingCategory,
Apparel ,sizechart,Size chart,MPH1111101102,Jeans,sizechartCC,sizechartClassifyingCategory,
Apparel ,sizechart,Size chart,MPH1111101103,Casual trousers,sizechartCC,sizechartClassifyingCategory,
Apparel ,sizechart,Size chart,MPH1111101104,Shorts,sizechartCC,sizechartClassifyingCategory,
Apparel ,sizechart,Size chart,MPH1111101105,Sweatshirts and hoodies,sizechartCC,sizechartClassifyingCategory,
Apparel ,sizechart,Size chart,MPH1111101106,Sweaters,sizechartCC,sizechartClassifyingCategory,
Apparel ,sizechart,Size chart,MPH1111101107,Casual Jackets,sizechartCC,sizechartClassifyingCategory,
Apparel ,sizechart,Size chart,MPH1111101108,Track pants,sizechartCC,sizechartClassifyingCategory,
Apparel ,sizechart,Size chart,MPH1111101109,Blazers,sizechartCC,sizechartClassifyingCategory,
Apparel ,sizechart,Size chart,MPH1111102100,Sports tshirt,sizechartCC,sizechartClassifyingCategory,
Apparel ,sizechart,Size chart,MPH1111102101,Sports shorts,sizechartCC,sizechartClassifyingCategory,
Apparel ,sizechart,Size chart,MPH1111102102,Sports sets,sizechartCC,sizechartClassifyingCategory,
Apparel ,sizechart,Size chart,MPH1111102103,Sports jackets,sizechartCC,sizechartClassifyingCategory,
Apparel ,sizechart,Size chart,MPH1111102105,Swimwear,sizechartCC,sizechartClassifyingCategory,
Apparel ,sizechart,Size chart,MPH1111102104 ,Bottomwear,sizechartCC,sizechartClassifyingCategory,
Apparel ,sizechart,Size chart,MPH1111103100,Kurta,sizechartCC,sizechartClassifyingCategory,
Apparel ,sizechart,Size chart,MPH1111103101,Kurta set with bottom,sizechartCC,sizechartClassifyingCategory,
Apparel ,sizechart,Size chart,MPH1111103102,Bottomwear,sizechartCC,sizechartClassifyingCategory,
Apparel ,sizechart,Size chart,MPH1111103103,Ethnic suits,sizechartCC,sizechartClassifyingCategory,
Apparel ,sizechart,Size chart,MPH1111103104,Ethnic headgear,sizechartCC,sizechartClassifyingCategory,
Apparel ,sizechart,Size chart,MPH1111103105,Nehru Jackets,sizechartCC,sizechartClassifyingCategory,
Apparel ,sizechart,Size chart,MPH1111103106,Sherwani,sizechartCC,sizechartClassifyingCategory,
Apparel ,sizechart,Size chart,MPH1111103107,Blazers,sizechartCC,sizechartClassifyingCategory,
Apparel ,sizechart,Size chart,MPH1111103108,Shirts,sizechartCC,sizechartClassifyingCategory,
Apparel ,sizechart,Size chart,MPH1111104100,Briefs,sizechartCC,sizechartClassifyingCategory,
Apparel ,sizechart,Size chart,MPH1111104101,Trunks,sizechartCC,sizechartClassifyingCategory,
Apparel ,sizechart,Size chart,MPH1111104102,Boxers,sizechartCC,sizechartClassifyingCategory,
Apparel ,sizechart,Size chart,MPH1111104103,Vests,sizechartCC,sizechartClassifyingCategory,
Apparel ,sizechart,Size chart,MPH1111104104,Sleepwear,sizechartCC,sizechartClassifyingCategory,
Apparel ,sizechart,Size chart,MPH1111104105,Swimwear,sizechartCC,sizechartClassifyingCategory,
Apparel ,sizechart,Size chart,MPH1111104106,Thermals,sizechartCC,sizechartClassifyingCategory,
Apparel ,sizechart,Size chart,MPH1111105100,Socks,sizechartCC,sizechartClassifyingCategory,
Apparel ,womenethinictopwearpattern,Pattern,MPH1110100107,Lehenga sets,womenethinictopwearpatternCC,womenethinictopwearpatternClassifyingCategory,
Apparel ,womenethinictopwearpattern,Pattern,MPH1110100108,Blouses,womenethinictopwearpatternCC,womenethinictopwearpatternClassifyingCategory,
Apparel ,brandfitname,Brand Fit Name,MPH1110102100,Formal shirt,brandfitnameCC,brandfitnameClassifyingCategory,
Apparel ,brandfitname,Brand Fit Name,MPH1110102101,Formal trousers,brandfitnameCC,brandfitnameClassifyingCategory,
Apparel ,brandfitname,Brand Fit Name,MPH1110102102,Formal suits,brandfitnameCC,brandfitnameClassifyingCategory,
Apparel ,brandfitname,Brand Fit Name,MPH1110102103,Formal coats jackets,brandfitnameCC,brandfitnameClassifyingCategory,
Apparel ,brandfitname,Brand Fit Name,MPH1110102104,Formal dress,brandfitnameCC,brandfitnameClassifyingCategory,
Apparel ,brandfitname,Brand Fit Name,MPH1111100100,Formal shirt,brandfitnameCC,brandfitnameClassifyingCategory,
Apparel ,brandfitname,Brand Fit Name,MPH1111100101,Formal trousers,brandfitnameCC,brandfitnameClassifyingCategory,
Apparel ,brandfitname,Brand Fit Name,MPH1111100102,Formal suits,brandfitnameCC,brandfitnameClassifyingCategory,
Apparel ,brandfitname,Brand Fit Name,MPH1111100103,Formal coats & jackets,brandfitnameCC,brandfitnameClassifyingCategory,
Apparel ,fabricapparel,Fabric,MPH1110100100,Sarees,apparelCC,apparelClassifyingCategory,
Apparel ,fabricapparel,Fabric,MPH1110100101,Kurta & kurtis,apparelCC,apparelClassifyingCategory,
Apparel ,fabricapparel,Fabric,MPH1110100102,Suit Sets,apparelCC,apparelClassifyingCategory,
Apparel ,fabricapparel,Fabric,MPH1110100103,Dress material,apparelCC,apparelClassifyingCategory,
Apparel ,fabricapparel,Fabric,MPH1110100104,Ethnic bottom ,apparelCC,apparelClassifyingCategory,
Apparel ,fabricapparel,Fabric,MPH1110100105,Duppatta,apparelCC,apparelClassifyingCategory,
Apparel ,fabricapparel,Fabric,MPH1110100106,Ethnic Dresses,apparelCC,apparelClassifyingCategory,
Apparel ,fabricapparel,Fabric,MPH1110100107,Lehenga sets,apparelCC,apparelClassifyingCategory,
Apparel ,fabricapparel,Fabric,MPH1110100108,Blouses,apparelCC,apparelClassifyingCategory,
Apparel ,fabricapparel,Fabric,MPH1110101100,Tops and tees,apparelCC,apparelClassifyingCategory,
Apparel ,fabricapparel,Fabric,MPH1110101101,casual shirts,apparelCC,apparelClassifyingCategory,
Apparel ,fabricapparel,Fabric,MPH1110101102,Jeans,apparelCC,apparelClassifyingCategory,
Apparel ,fabricapparel,Fabric,MPH1110101103,Casual trousers,apparelCC,apparelClassifyingCategory,
Apparel ,fabricapparel,Fabric,MPH1110101104,Shorts,apparelCC,apparelClassifyingCategory,
Apparel ,fabricapparel,Fabric,MPH1110101105,Sweatshirts and hoodies,apparelCC,apparelClassifyingCategory,
Apparel ,fabricapparel,Fabric,MPH1110101106,Sweaters,apparelCC,apparelClassifyingCategory,
Apparel ,fabricapparel,Fabric,MPH1110101107,Casual jackets and blazers,apparelCC,apparelClassifyingCategory,
Apparel ,fabricapparel,Fabric,MPH1110101108,Track pants,apparelCC,apparelClassifyingCategory,
Apparel ,fabricapparel,Fabric,MPH1110101109,Casual dresses,apparelCC,apparelClassifyingCategory,
Apparel ,fabricapparel,Fabric,MPH1110101110,Shrugs and cardigans,apparelCC,apparelClassifyingCategory,
Apparel ,fabricapparel,Fabric,MPH1110101111,Skirts,apparelCC,apparelClassifyingCategory,
Apparel ,fabricapparel,Fabric,MPH1110101112,Capris,apparelCC,apparelClassifyingCategory,
Apparel ,fabricapparel,Fabric,MPH1110101113,Leggings & Jeggings,apparelCC,apparelClassifyingCategory,
Apparel ,fabricapparel,Fabric,MPH1110101114,Jump suits,apparelCC,apparelClassifyingCategory,
Apparel ,fabricapparel,Fabric,MPH1110102100,Formal shirt,apparelCC,apparelClassifyingCategory,
Apparel ,fabricapparel,Fabric,MPH1110102101,Formal trousers,apparelCC,apparelClassifyingCategory,
Apparel ,fabricapparel,Fabric,MPH1110102102,Formal suits,apparelCC,apparelClassifyingCategory,
Apparel ,fabricapparel,Fabric,MPH1110102103,Formal coats jackets,apparelCC,apparelClassifyingCategory,
Apparel ,fabricapparel,Fabric,MPH1110102104,Formal dress,apparelCC,apparelClassifyingCategory,
Apparel ,fabricapparel,Fabric,MPH1110103100,Maternity Day Wear,apparelCC,apparelClassifyingCategory,
Apparel ,fabricapparel,Fabric,MPH1110103101,Maternity Lingerie,apparelCC,apparelClassifyingCategory,
Apparel ,fabricapparel,Fabric,MPH1110103102,Maternity Sleepwear,apparelCC,apparelClassifyingCategory,
Apparel ,fabricapparel,Fabric,MPH1110103103,Maternity Accessories,apparelCC,apparelClassifyingCategory,
Apparel ,fabricapparel,Fabric,MPH1110104100,Sports tshirt,apparelCC,apparelClassifyingCategory,
Apparel ,fabricapparel,Fabric,MPH1110104101,Sports shorts,apparelCC,apparelClassifyingCategory,
Apparel ,fabricapparel,Fabric,MPH1110104102,Sports sets,apparelCC,apparelClassifyingCategory,
Apparel ,fabricapparel,Fabric,MPH1110104103,Sports jackets,apparelCC,apparelClassifyingCategory,
Apparel ,fabricapparel,Fabric,MPH1110104104,Track pants,apparelCC,apparelClassifyingCategory,
Apparel ,fabricapparel,Fabric,MPH1110104105,Swimwear,apparelCC,apparelClassifyingCategory,
Apparel ,fabricapparel,Fabric,MPH1110104106,Sports innerwear,apparelCC,apparelClassifyingCategory,
Apparel ,fabricapparel,Fabric,MPH1110105100,Bras & Bra Sets,apparelCC,apparelClassifyingCategory,
Apparel ,fabricapparel,Fabric,MPH1110105101,Camisoles & Camisole Sets,apparelCC,apparelClassifyingCategory,
Apparel ,fabricapparel,Fabric,MPH1110105102,Lingerie Sets,apparelCC,apparelClassifyingCategory,
Apparel ,fabricapparel,Fabric,MPH1110105103,Corsets & Bustier,apparelCC,apparelClassifyingCategory,
Apparel ,fabricapparel,Fabric,MPH1110105104,Sleepwear & Robes,apparelCC,apparelClassifyingCategory,
Apparel ,fabricapparel,Fabric,MPH1110105105,Gowns,apparelCC,apparelClassifyingCategory,
Apparel ,fabricapparel,Fabric,MPH1110105106,Panties,apparelCC,apparelClassifyingCategory,
Apparel ,fabricapparel,Fabric,MPH1110105107,Intimate wear,apparelCC,apparelClassifyingCategory,
Apparel ,fabricapparel,Fabric,MPH1110105108,Stockings &Tights,apparelCC,apparelClassifyingCategory,
Apparel ,fabricapparel,Fabric,MPH1110105109,Shapewear,apparelCC,apparelClassifyingCategory,
Apparel ,fabricapparel,Fabric,MPH1110106100,Socks,apparelCC,apparelClassifyingCategory,
Apparel ,fabricapparel,Fabric,MPH1111100100,Formal shirt,apparelCC,apparelClassifyingCategory,
Apparel ,fabricapparel,Fabric,MPH1111100101,Formal trousers,apparelCC,apparelClassifyingCategory,
Apparel ,fabricapparel,Fabric,MPH1111100102,Formal suits,apparelCC,apparelClassifyingCategory,
Apparel ,fabricapparel,Fabric,MPH1111100103,Formal coats & jackets,apparelCC,apparelClassifyingCategory,
Apparel ,fabricapparel,Fabric,MPH1111101100,T-Shirts,apparelCC,apparelClassifyingCategory,
Apparel ,fabricapparel,Fabric,MPH1111101101,casual shirts,apparelCC,apparelClassifyingCategory,
Apparel ,fabricapparel,Fabric,MPH1111101102,Jeans,apparelCC,apparelClassifyingCategory,
Apparel ,fabricapparel,Fabric,MPH1111101103,Casual trousers,apparelCC,apparelClassifyingCategory,
Apparel ,fabricapparel,Fabric,MPH1111101104,Shorts,apparelCC,apparelClassifyingCategory,
Apparel ,fabricapparel,Fabric,MPH1111101105,Sweatshirts and hoodies,apparelCC,apparelClassifyingCategory,
Apparel ,fabricapparel,Fabric,MPH1111101106,Sweaters,apparelCC,apparelClassifyingCategory,
Apparel ,fabricapparel,Fabric,MPH1111101107,Casual Jackets,apparelCC,apparelClassifyingCategory,
Apparel ,fabricapparel,Fabric,MPH1111101108,Track pants,apparelCC,apparelClassifyingCategory,
Apparel ,fabricapparel,Fabric,MPH1111101109,Blazers,apparelCC,apparelClassifyingCategory,
Apparel ,fabricapparel,Fabric,MPH1111102100,Sports tshirt,apparelCC,apparelClassifyingCategory,
Apparel ,fabricapparel,Fabric,MPH1111102101,Sports shorts,apparelCC,apparelClassifyingCategory,
Apparel ,fabricapparel,Fabric,MPH1111102102,Sports sets,apparelCC,apparelClassifyingCategory,
Apparel ,fabricapparel,Fabric,MPH1111102103,Sports jackets,apparelCC,apparelClassifyingCategory,
Apparel ,fabricapparel,Fabric,MPH1111102105,Swimwear,apparelCC,apparelClassifyingCategory,
Apparel ,fabricapparel,Fabric,MPH1111102104 ,Bottomwear,apparelCC,apparelClassifyingCategory,
Apparel ,fabricapparel,Fabric,MPH1111103100,Kurta,apparelCC,apparelClassifyingCategory,
Apparel ,fabricapparel,Fabric,MPH1111103101,Kurta set with bottom,apparelCC,apparelClassifyingCategory,
Apparel ,fabricapparel,Fabric,MPH1111103102,Bottomwear,apparelCC,apparelClassifyingCategory,
Apparel ,fabricapparel,Fabric,MPH1111103103,Ethnic suits,apparelCC,apparelClassifyingCategory,
Apparel ,fabricapparel,Fabric,MPH1111103104,Ethnic headgear,apparelCC,apparelClassifyingCategory,
Apparel ,fabricapparel,Fabric,MPH1111103105,Nehru Jackets,apparelCC,apparelClassifyingCategory,
Apparel ,fabricapparel,Fabric,MPH1111103106,Sherwani,apparelCC,apparelClassifyingCategory,
Apparel ,fabricapparel,Fabric,MPH1111103107,Blazers,apparelCC,apparelClassifyingCategory,
Apparel ,fabricapparel,Fabric,MPH1111103108,Shirts,apparelCC,apparelClassifyingCategory,
Apparel ,fabricapparel,Fabric,MPH1111103109,Accessories,apparelCC,apparelClassifyingCategory,
Apparel ,fabricapparel,Fabric,MPH1111104100,Briefs,apparelCC,apparelClassifyingCategory,
Apparel ,fabricapparel,Fabric,MPH1111104101,Trunks,apparelCC,apparelClassifyingCategory,
Apparel ,fabricapparel,Fabric,MPH1111104102,Boxers,apparelCC,apparelClassifyingCategory,
Apparel ,fabricapparel,Fabric,MPH1111104103,Vests,apparelCC,apparelClassifyingCategory,
Apparel ,fabricapparel,Fabric,MPH1111104104,Sleepwear,apparelCC,apparelClassifyingCategory,
Apparel ,fabricapparel,Fabric,MPH1111104105,Swimwear,apparelCC,apparelClassifyingCategory,
Apparel ,fabricapparel,Fabric,MPH1111104106,Thermals,apparelCC,apparelClassifyingCategory,
Apparel ,fabricapparel,Fabric,MPH1111105100,Socks,apparelCC,apparelClassifyingCategory,
Apparel ,unisexapparel,Unisex,MPH1110100100,Sarees,apparelCC,apparelClassifyingCategory,
Apparel ,unisexapparel,Unisex,MPH1110100101,Kurta & kurtis,apparelCC,apparelClassifyingCategory,
Apparel ,unisexapparel,Unisex,MPH1110100102,Suit Sets,apparelCC,apparelClassifyingCategory,
Apparel ,unisexapparel,Unisex,MPH1110100103,Dress material,apparelCC,apparelClassifyingCategory,
Apparel ,unisexapparel,Unisex,MPH1110100104,Ethnic bottom ,apparelCC,apparelClassifyingCategory,
Apparel ,unisexapparel,Unisex,MPH1110100105,Duppatta,apparelCC,apparelClassifyingCategory,
Apparel ,unisexapparel,Unisex,MPH1110100106,Ethnic Dresses,apparelCC,apparelClassifyingCategory,
Apparel ,unisexapparel,Unisex,MPH1110100107,Lehenga sets,apparelCC,apparelClassifyingCategory,
Apparel ,unisexapparel,Unisex,MPH1110100108,Blouses,apparelCC,apparelClassifyingCategory,
Apparel ,unisexapparel,Unisex,MPH1110101100,Tops and tees,apparelCC,apparelClassifyingCategory,
Apparel ,unisexapparel,Unisex,MPH1110101101,casual shirts,apparelCC,apparelClassifyingCategory,
Apparel ,unisexapparel,Unisex,MPH1110101102,Jeans,apparelCC,apparelClassifyingCategory,
Apparel ,unisexapparel,Unisex,MPH1110101103,Casual trousers,apparelCC,apparelClassifyingCategory,
Apparel ,unisexapparel,Unisex,MPH1110101104,Shorts,apparelCC,apparelClassifyingCategory,
Apparel ,unisexapparel,Unisex,MPH1110101105,Sweatshirts and hoodies,apparelCC,apparelClassifyingCategory,
Apparel ,unisexapparel,Unisex,MPH1110101106,Sweaters,apparelCC,apparelClassifyingCategory,
Apparel ,unisexapparel,Unisex,MPH1110101107,Casual jackets and blazers,apparelCC,apparelClassifyingCategory,
Apparel ,unisexapparel,Unisex,MPH1110101108,Track pants,apparelCC,apparelClassifyingCategory,
Apparel ,unisexapparel,Unisex,MPH1110101109,Casual dresses,apparelCC,apparelClassifyingCategory,
Apparel ,unisexapparel,Unisex,MPH1110101110,Shrugs and cardigans,apparelCC,apparelClassifyingCategory,
Apparel ,unisexapparel,Unisex,MPH1110101111,Skirts,apparelCC,apparelClassifyingCategory,
Apparel ,unisexapparel,Unisex,MPH1110101112,Capris,apparelCC,apparelClassifyingCategory,
Apparel ,unisexapparel,Unisex,MPH1110101113,Leggings & Jeggings,apparelCC,apparelClassifyingCategory,
Apparel ,unisexapparel,Unisex,MPH1110101114,Jump suits,apparelCC,apparelClassifyingCategory,
Apparel ,unisexapparel,Unisex,MPH1110102100,Formal shirt,apparelCC,apparelClassifyingCategory,
Apparel ,unisexapparel,Unisex,MPH1110102101,Formal trousers,apparelCC,apparelClassifyingCategory,
Apparel ,unisexapparel,Unisex,MPH1110102102,Formal suits,apparelCC,apparelClassifyingCategory,
Apparel ,unisexapparel,Unisex,MPH1110102103,Formal coats jackets,apparelCC,apparelClassifyingCategory,
Apparel ,unisexapparel,Unisex,MPH1110102104,Formal dress,apparelCC,apparelClassifyingCategory,
Apparel ,unisexapparel,Unisex,MPH1110103100,Maternity Day Wear,apparelCC,apparelClassifyingCategory,
Apparel ,unisexapparel,Unisex,MPH1110103101,Maternity Lingerie,apparelCC,apparelClassifyingCategory,
Apparel ,unisexapparel,Unisex,MPH1110103102,Maternity Sleepwear,apparelCC,apparelClassifyingCategory,
Apparel ,unisexapparel,Unisex,MPH1110103103,Maternity Accessories,apparelCC,apparelClassifyingCategory,
Apparel ,unisexapparel,Unisex,MPH1110104100,Sports tshirt,apparelCC,apparelClassifyingCategory,
Apparel ,unisexapparel,Unisex,MPH1110104101,Sports shorts,apparelCC,apparelClassifyingCategory,
Apparel ,unisexapparel,Unisex,MPH1110104102,Sports sets,apparelCC,apparelClassifyingCategory,
Apparel ,unisexapparel,Unisex,MPH1110104103,Sports jackets,apparelCC,apparelClassifyingCategory,
Apparel ,unisexapparel,Unisex,MPH1110104104,Track pants,apparelCC,apparelClassifyingCategory,
Apparel ,unisexapparel,Unisex,MPH1110104105,Swimwear,apparelCC,apparelClassifyingCategory,
Apparel ,unisexapparel,Unisex,MPH1110104106,Sports innerwear,apparelCC,apparelClassifyingCategory,
Apparel ,unisexapparel,Unisex,MPH1110105100,Bras & Bra Sets,apparelCC,apparelClassifyingCategory,
Apparel ,unisexapparel,Unisex,MPH1110105101,Camisoles & Camisole Sets,apparelCC,apparelClassifyingCategory,
Apparel ,unisexapparel,Unisex,MPH1110105102,Lingerie Sets,apparelCC,apparelClassifyingCategory,
Apparel ,unisexapparel,Unisex,MPH1110105103,Corsets & Bustier,apparelCC,apparelClassifyingCategory,
Apparel ,unisexapparel,Unisex,MPH1110105104,Sleepwear & Robes,apparelCC,apparelClassifyingCategory,
Apparel ,unisexapparel,Unisex,MPH1110105105,Gowns,apparelCC,apparelClassifyingCategory,
Apparel ,unisexapparel,Unisex,MPH1110105106,Panties,apparelCC,apparelClassifyingCategory,
Apparel ,unisexapparel,Unisex,MPH1110105107,Intimate wear,apparelCC,apparelClassifyingCategory,
Apparel ,unisexapparel,Unisex,MPH1110105108,Stockings &Tights,apparelCC,apparelClassifyingCategory,
Apparel ,unisexapparel,Unisex,MPH1110105109,Shapewear,apparelCC,apparelClassifyingCategory,
Apparel ,unisexapparel,Unisex,MPH1110106100,Socks,apparelCC,apparelClassifyingCategory,
Apparel ,unisexapparel,Unisex,MPH1111100100,Formal shirt,apparelCC,apparelClassifyingCategory,
Apparel ,unisexapparel,Unisex,MPH1111100101,Formal trousers,apparelCC,apparelClassifyingCategory,
Apparel ,unisexapparel,Unisex,MPH1111100102,Formal suits,apparelCC,apparelClassifyingCategory,
Apparel ,unisexapparel,Unisex,MPH1111100103,Formal coats & jackets,apparelCC,apparelClassifyingCategory,
Apparel ,unisexapparel,Unisex,MPH1111101100,T-Shirts,apparelCC,apparelClassifyingCategory,
Apparel ,unisexapparel,Unisex,MPH1111101101,casual shirts,apparelCC,apparelClassifyingCategory,
Apparel ,unisexapparel,Unisex,MPH1111101102,Jeans,apparelCC,apparelClassifyingCategory,
Apparel ,unisexapparel,Unisex,MPH1111101103,Casual trousers,apparelCC,apparelClassifyingCategory,
Apparel ,unisexapparel,Unisex,MPH1111101104,Shorts,apparelCC,apparelClassifyingCategory,
Apparel ,unisexapparel,Unisex,MPH1111101105,Sweatshirts and hoodies,apparelCC,apparelClassifyingCategory,
Apparel ,unisexapparel,Unisex,MPH1111101106,Sweaters,apparelCC,apparelClassifyingCategory,
Apparel ,unisexapparel,Unisex,MPH1111101107,Casual Jackets,apparelCC,apparelClassifyingCategory,
Apparel ,unisexapparel,Unisex,MPH1111101108,Track pants,apparelCC,apparelClassifyingCategory,
Apparel ,unisexapparel,Unisex,MPH1111101109,Blazers,apparelCC,apparelClassifyingCategory,
Apparel ,unisexapparel,Unisex,MPH1111102100,Sports tshirt,apparelCC,apparelClassifyingCategory,
Apparel ,unisexapparel,Unisex,MPH1111102101,Sports shorts,apparelCC,apparelClassifyingCategory,
Apparel ,unisexapparel,Unisex,MPH1111102102,Sports sets,apparelCC,apparelClassifyingCategory,
Apparel ,unisexapparel,Unisex,MPH1111102103,Sports jackets,apparelCC,apparelClassifyingCategory,
Apparel ,unisexapparel,Unisex,MPH1111102105,Swimwear,apparelCC,apparelClassifyingCategory,
Apparel ,unisexapparel,Unisex,MPH1111102104 ,Bottomwear,apparelCC,apparelClassifyingCategory,
Apparel ,unisexapparel,Unisex,MPH1111103100,Kurta,apparelCC,apparelClassifyingCategory,
Apparel ,unisexapparel,Unisex,MPH1111103101,Kurta set with bottom,apparelCC,apparelClassifyingCategory,
Apparel ,unisexapparel,Unisex,MPH1111103102,Bottomwear,apparelCC,apparelClassifyingCategory,
Apparel ,unisexapparel,Unisex,MPH1111103103,Ethnic suits,apparelCC,apparelClassifyingCategory,
Apparel ,unisexapparel,Unisex,MPH1111103104,Ethnic headgear,apparelCC,apparelClassifyingCategory,
Apparel ,unisexapparel,Unisex,MPH1111103105,Nehru Jackets,apparelCC,apparelClassifyingCategory,
Apparel ,unisexapparel,Unisex,MPH1111103106,Sherwani,apparelCC,apparelClassifyingCategory,
Apparel ,unisexapparel,Unisex,MPH1111103107,Blazers,apparelCC,apparelClassifyingCategory,
Apparel ,unisexapparel,Unisex,MPH1111103108,Shirts,apparelCC,apparelClassifyingCategory,
Apparel ,unisexapparel,Unisex,MPH1111103109,Accessories,apparelCC,apparelClassifyingCategory,
Apparel ,unisexapparel,Unisex,MPH1111104100,Briefs,apparelCC,apparelClassifyingCategory,
Apparel ,unisexapparel,Unisex,MPH1111104101,Trunks,apparelCC,apparelClassifyingCategory,
Apparel ,unisexapparel,Unisex,MPH1111104102,Boxers,apparelCC,apparelClassifyingCategory,
Apparel ,unisexapparel,Unisex,MPH1111104103,Vests,apparelCC,apparelClassifyingCategory,
Apparel ,unisexapparel,Unisex,MPH1111104104,Sleepwear,apparelCC,apparelClassifyingCategory,
Apparel ,unisexapparel,Unisex,MPH1111104105,Swimwear,apparelCC,apparelClassifyingCategory,
Apparel ,unisexapparel,Unisex,MPH1111104106,Thermals,apparelCC,apparelClassifyingCategory,
Apparel ,unisexapparel,Unisex,MPH1111105100,Socks,apparelCC,apparelClassifyingCategory,
Apparel ,storyname,Story Name,MPH1110100100,Sarees,apparelCC,apparelClassifyingCategory,
Apparel ,storyname,Story Name,MPH1110100101,Kurta & kurtis,apparelCC,apparelClassifyingCategory,
Apparel ,storyname,Story Name,MPH1110100102,Suit Sets,apparelCC,apparelClassifyingCategory,
Apparel ,storyname,Story Name,MPH1110100103,Dress material,apparelCC,apparelClassifyingCategory,
Apparel ,storyname,Story Name,MPH1110100104,Ethnic bottom ,apparelCC,apparelClassifyingCategory,
Apparel ,storyname,Story Name,MPH1110100105,Duppatta,apparelCC,apparelClassifyingCategory,
Apparel ,storyname,Story Name,MPH1110100106,Ethnic Dresses,apparelCC,apparelClassifyingCategory,
Apparel ,storyname,Story Name,MPH1110100107,Lehenga sets,apparelCC,apparelClassifyingCategory,
Apparel ,storyname,Story Name,MPH1110100108,Blouses,apparelCC,apparelClassifyingCategory,
Apparel ,storyname,Story Name,MPH1110101100,Tops and tees,apparelCC,apparelClassifyingCategory,
Apparel ,storyname,Story Name,MPH1110101101,casual shirts,apparelCC,apparelClassifyingCategory,
Apparel ,storyname,Story Name,MPH1110101102,Jeans,apparelCC,apparelClassifyingCategory,
Apparel ,storyname,Story Name,MPH1110101103,Casual trousers,apparelCC,apparelClassifyingCategory,
Apparel ,storyname,Story Name,MPH1110101104,Shorts,apparelCC,apparelClassifyingCategory,
Apparel ,storyname,Story Name,MPH1110101105,Sweatshirts and hoodies,apparelCC,apparelClassifyingCategory,
Apparel ,storyname,Story Name,MPH1110101106,Sweaters,apparelCC,apparelClassifyingCategory,
Apparel ,storyname,Story Name,MPH1110101107,Casual jackets and blazers,apparelCC,apparelClassifyingCategory,
Apparel ,storyname,Story Name,MPH1110101108,Track pants,apparelCC,apparelClassifyingCategory,
Apparel ,storyname,Story Name,MPH1110101109,Casual dresses,apparelCC,apparelClassifyingCategory,
Apparel ,storyname,Story Name,MPH1110101110,Shrugs and cardigans,apparelCC,apparelClassifyingCategory,
Apparel ,storyname,Story Name,MPH1110101111,Skirts,apparelCC,apparelClassifyingCategory,
Apparel ,storyname,Story Name,MPH1110101112,Capris,apparelCC,apparelClassifyingCategory,
Apparel ,storyname,Story Name,MPH1110101113,Leggings & Jeggings,apparelCC,apparelClassifyingCategory,
Apparel ,storyname,Story Name,MPH1110101114,Jump suits,apparelCC,apparelClassifyingCategory,
Apparel ,storyname,Story Name,MPH1110102100,Formal shirt,apparelCC,apparelClassifyingCategory,
Apparel ,storyname,Story Name,MPH1110102101,Formal trousers,apparelCC,apparelClassifyingCategory,
Apparel ,storyname,Story Name,MPH1110102102,Formal suits,apparelCC,apparelClassifyingCategory,
Apparel ,storyname,Story Name,MPH1110102103,Formal coats jackets,apparelCC,apparelClassifyingCategory,
Apparel ,storyname,Story Name,MPH1110102104,Formal dress,apparelCC,apparelClassifyingCategory,
Apparel ,storyname,Story Name,MPH1110103100,Maternity Day Wear,apparelCC,apparelClassifyingCategory,
Apparel ,storyname,Story Name,MPH1110103101,Maternity Lingerie,apparelCC,apparelClassifyingCategory,
Apparel ,storyname,Story Name,MPH1110103102,Maternity Sleepwear,apparelCC,apparelClassifyingCategory,
Apparel ,storyname,Story Name,MPH1110103103,Maternity Accessories,apparelCC,apparelClassifyingCategory,
Apparel ,storyname,Story Name,MPH1110104100,Sports tshirt,apparelCC,apparelClassifyingCategory,
Apparel ,storyname,Story Name,MPH1110104101,Sports shorts,apparelCC,apparelClassifyingCategory,
Apparel ,storyname,Story Name,MPH1110104102,Sports sets,apparelCC,apparelClassifyingCategory,
Apparel ,storyname,Story Name,MPH1110104103,Sports jackets,apparelCC,apparelClassifyingCategory,
Apparel ,storyname,Story Name,MPH1110104104,Track pants,apparelCC,apparelClassifyingCategory,
Apparel ,storyname,Story Name,MPH1110104105,Swimwear,apparelCC,apparelClassifyingCategory,
Apparel ,storyname,Story Name,MPH1110104106,Sports innerwear,apparelCC,apparelClassifyingCategory,
Apparel ,storyname,Story Name,MPH1110105100,Bras & Bra Sets,apparelCC,apparelClassifyingCategory,
Apparel ,storyname,Story Name,MPH1110105101,Camisoles & Camisole Sets,apparelCC,apparelClassifyingCategory,
Apparel ,storyname,Story Name,MPH1110105102,Lingerie Sets,apparelCC,apparelClassifyingCategory,
Apparel ,storyname,Story Name,MPH1110105103,Corsets & Bustier,apparelCC,apparelClassifyingCategory,
Apparel ,storyname,Story Name,MPH1110105104,Sleepwear & Robes,apparelCC,apparelClassifyingCategory,
Apparel ,storyname,Story Name,MPH1110105105,Gowns,apparelCC,apparelClassifyingCategory,
Apparel ,storyname,Story Name,MPH1110105106,Panties,apparelCC,apparelClassifyingCategory,
Apparel ,storyname,Story Name,MPH1110105107,Intimate wear,apparelCC,apparelClassifyingCategory,
Apparel ,storyname,Story Name,MPH1110105108,Stockings &Tights,apparelCC,apparelClassifyingCategory,
Apparel ,storyname,Story Name,MPH1110105109,Shapewear,apparelCC,apparelClassifyingCategory,
Apparel ,storyname,Story Name,MPH1110106100,Socks,apparelCC,apparelClassifyingCategory,
Apparel ,storyname,Story Name,MPH1111100100,Formal shirt,apparelCC,apparelClassifyingCategory,
Apparel ,storyname,Story Name,MPH1111100101,Formal trousers,apparelCC,apparelClassifyingCategory,
Apparel ,storyname,Story Name,MPH1111100102,Formal suits,apparelCC,apparelClassifyingCategory,
Apparel ,storyname,Story Name,MPH1111100103,Formal coats & jackets,apparelCC,apparelClassifyingCategory,
Apparel ,storyname,Story Name,MPH1111101100,T-Shirts,apparelCC,apparelClassifyingCategory,
Apparel ,storyname,Story Name,MPH1111101101,casual shirts,apparelCC,apparelClassifyingCategory,
Apparel ,storyname,Story Name,MPH1111101102,Jeans,apparelCC,apparelClassifyingCategory,
Apparel ,storyname,Story Name,MPH1111101103,Casual trousers,apparelCC,apparelClassifyingCategory,
Apparel ,storyname,Story Name,MPH1111101104,Shorts,apparelCC,apparelClassifyingCategory,
Apparel ,storyname,Story Name,MPH1111101105,Sweatshirts and hoodies,apparelCC,apparelClassifyingCategory,
Apparel ,storyname,Story Name,MPH1111101106,Sweaters,apparelCC,apparelClassifyingCategory,
Apparel ,storyname,Story Name,MPH1111101107,Casual Jackets,apparelCC,apparelClassifyingCategory,
Apparel ,storyname,Story Name,MPH1111101108,Track pants,apparelCC,apparelClassifyingCategory,
Apparel ,storyname,Story Name,MPH1111101109,Blazers,apparelCC,apparelClassifyingCategory,
Apparel ,storyname,Story Name,MPH1111102100,Sports tshirt,apparelCC,apparelClassifyingCategory,
Apparel ,storyname,Story Name,MPH1111102101,Sports shorts,apparelCC,apparelClassifyingCategory,
Apparel ,storyname,Story Name,MPH1111102102,Sports sets,apparelCC,apparelClassifyingCategory,
Apparel ,storyname,Story Name,MPH1111102103,Sports jackets,apparelCC,apparelClassifyingCategory,
Apparel ,storyname,Story Name,MPH1111102105,Swimwear,apparelCC,apparelClassifyingCategory,
Apparel ,storyname,Story Name,MPH1111102104 ,Bottomwear,apparelCC,apparelClassifyingCategory,
Apparel ,storyname,Story Name,MPH1111103100,Kurta,apparelCC,apparelClassifyingCategory,
Apparel ,storyname,Story Name,MPH1111103101,Kurta set with bottom,apparelCC,apparelClassifyingCategory,
Apparel ,storyname,Story Name,MPH1111103102,Bottomwear,apparelCC,apparelClassifyingCategory,
Apparel ,storyname,Story Name,MPH1111103103,Ethnic suits,apparelCC,apparelClassifyingCategory,
Apparel ,storyname,Story Name,MPH1111103104,Ethnic headgear,apparelCC,apparelClassifyingCategory,
Apparel ,storyname,Story Name,MPH1111103105,Nehru Jackets,apparelCC,apparelClassifyingCategory,
Apparel ,storyname,Story Name,MPH1111103106,Sherwani,apparelCC,apparelClassifyingCategory,
Apparel ,storyname,Story Name,MPH1111103107,Blazers,apparelCC,apparelClassifyingCategory,
Apparel ,storyname,Story Name,MPH1111103108,Shirts,apparelCC,apparelClassifyingCategory,
Apparel ,storyname,Story Name,MPH1111103109,Accessories,apparelCC,apparelClassifyingCategory,
Apparel ,storyname,Story Name,MPH1111104100,Briefs,apparelCC,apparelClassifyingCategory,
Apparel ,storyname,Story Name,MPH1111104101,Trunks,apparelCC,apparelClassifyingCategory,
Apparel ,storyname,Story Name,MPH1111104102,Boxers,apparelCC,apparelClassifyingCategory,
Apparel ,storyname,Story Name,MPH1111104103,Vests,apparelCC,apparelClassifyingCategory,
Apparel ,storyname,Story Name,MPH1111104104,Sleepwear,apparelCC,apparelClassifyingCategory,
Apparel ,storyname,Story Name,MPH1111104105,Swimwear,apparelCC,apparelClassifyingCategory,
Apparel ,storyname,Story Name,MPH1111104106,Thermals,apparelCC,apparelClassifyingCategory,
Apparel ,storyname,Story Name,MPH1111105100,Socks,apparelCC,apparelClassifyingCategory,
Apparel ,setitems,Set Items,MPH1110100107,Lehenga sets,setitemsCC,setitemsClassifyingCategory,
Apparel ,dresslength,Dress Length,MPH1110100106,Ethnic Dresses,dresslengthCC,dresslengthClassifyingCategory,
Apparel ,dressshape,Dress Shape,MPH1110100106,Ethnic Dresses,dressshapeCC,dressshapeClassifyingCategory,
Apparel ,waistrise,Waist Rise,MPH1111102104 ,Bottomwear,waistriseCC,waistriseClassifyingCategory,
Apparel ,colorfamilyapparel,Color Family,MPH1111100104,Others,colorfamilyapparelCC,,
Apparel ,stylecode,Style Code,MPH1111100104,Others,stylecodeCC,,
Apparel ,colorapparel,Color,MPH1111100104,Others,colorapparelCC,,
Apparel ,colorfamilyapparel,Color Family,MPH1111100105,Others1,colorfamilyapparelCC,,
Apparel ,stylecode,Style Code,MPH1111100105,Others1,stylecodeCC,,
Apparel ,colorapparel,Color,MPH1111100105,Others1,colorapparelCC,,
Apparel ,colorfamilyapparel,Color Family,MPH1111100106,Others2,colorfamilyapparelCC,,
Apparel ,stylecode,Style Code,MPH1111100106,Others2,stylecodeCC,,
Apparel ,colorapparel,Color,MPH1111100106,Others2,colorapparelCC,,
Apparel,colorfamilyapparel,Color Family,MPH1111101110,Others,colorfamilyapparelCC,,
Apparel,stylecode,Style Code,MPH1111101110,Others,stylecodeCC,,
Apparel,colorapparel,Color,MPH1111101110,Others,colorapparelCC,,
Apparel,colorfamilyapparel,Color Family,MPH1111101111,Others1,colorfamilyapparelCC,,
Apparel,stylecode,Style Code,MPH1111101111,Others1,stylecodeCC,,
Apparel,colorapparel,Color,MPH1111101111,Others1,colorapparelCC,,
Apparel,colorfamilyapparel,Color Family,MPH1111101112,Others2,colorfamilyapparelCC,,
Apparel,stylecode,Style Code,MPH1111101112,Others2,stylecodeCC,,
Apparel,colorapparel,Color,MPH1111101112,Others2,colorapparelCC,,
Apparel,colorfamilyapparel,Color Family,MPH1111103110,Others,colorfamilyapparelCC,,
Apparel,stylecode,Style Code,MPH1111103110,Others,stylecodeCC,,
Apparel,colorapparel,Color,MPH1111103110,Others,colorapparelCC,,
Apparel,colorfamilyapparel,Color Family,MPH1111103111,Others1,colorfamilyapparelCC,,
Apparel,stylecode,Style Code,MPH1111103111,Others1,stylecodeCC,,
Apparel,colorapparel,Color,MPH1111103111,Others1,colorapparelCC,,
Apparel,colorfamilyapparel,Color Family,MPH1111103112,Others2,colorfamilyapparelCC,,
Apparel,stylecode,Style Code,MPH1111103112,Others2,stylecodeCC,,
Apparel,colorapparel,Color,MPH1111103112,Others2,colorapparelCC,,
Apparel,colorfamilyapparel,Color Family,MPH1110100109,Others,colorfamilyapparelCC,,
Apparel,stylecode,Style Code,MPH1110100109,Others,stylecodeCC,,
Apparel,colorapparel,Color,MPH1110100109,Others,colorapparelCC,,
Apparel,colorfamilyapparel,Color Family,MPH1110100110,Others1,colorfamilyapparelCC,,
Apparel,stylecode,Style Code,MPH1110100110,Others1,stylecodeCC,,
Apparel,colorapparel,Color,MPH1110100110,Others1,colorapparelCC,,
Apparel,colorfamilyapparel,Color Family,MPH1110100111,Others2,colorfamilyapparelCC,,
Apparel,stylecode,Style Code,MPH1110100111,Others2,stylecodeCC,,
Apparel,colorapparel,Color,MPH1110100111,Others2,colorapparelCC,,
Apparel ,stylenote,Style Note,MPH1111100104,Others,stylenoteCC,,
Apparel ,stylenote,Style Note,MPH1111100105,Others1,stylenoteCC,,
Apparel ,stylenote,Style Note,MPH1111100106,Others2,stylenoteCC,,
Apparel,stylenote,Style Note,MPH1111101110,Others,stylenoteCC,,
Apparel,stylenote,Style Note,MPH1111101111,Others1,stylenoteCC,,
Apparel,stylenote,Style Note,MPH1111101112,Others2,stylenoteCC,,
Apparel,stylenote,Style Note,MPH1111103110,Others,stylenoteCC,,
Apparel,stylenote,Style Note,MPH1111103111,Others1,stylenoteCC,,
Apparel,stylenote,Style Note,MPH1111103112,Others2,stylenoteCC,,
Apparel,stylenote,Style Note,MPH1110100109,Others,stylenoteCC,,
Apparel,stylenote,Style Note,MPH1110100110,Others1,stylenoteCC,,
Apparel,stylenote,Style Note,MPH1110100111,Others2,stylenoteCC,,
Apparel ,multipack,Multi Pack,MPH1111100104,Others,multipackCC,,
Apparel ,multipack,Multi Pack,MPH1111100105,Others1,multipackCC,,
Apparel ,multipack,Multi Pack,MPH1111100106,Others2,multipackCC,,
Apparel,multipack,Multi Pack,MPH1111101110,Others,multipackCC,,
Apparel,multipack,Multi Pack,MPH1111101111,Others1,multipackCC,,
Apparel,multipack,Multi Pack,MPH1111101112,Others2,multipackCC,,
Apparel,multipack,Multi Pack,MPH1111103110,Others,multipackCC,,
Apparel,multipack,Multi Pack,MPH1111103111,Others1,multipackCC,,
Apparel,multipack,Multi Pack,MPH1111103112,Others2,multipackCC,,
Apparel,multipack,Multi Pack,MPH1110100109,Others,multipackCC,,
Apparel,multipack,Multi Pack,MPH1110100110,Others1,multipackCC,,
Apparel,multipack,Multi Pack,MPH1110100111,Others2,multipackCC,,
Apparel ,packquantity,Pack Quantity,MPH1111100104,Others,packquantityCC,,
Apparel ,packquantity,Pack Quantity,MPH1111100105,Others1,packquantityCC,,
Apparel ,packquantity,Pack Quantity,MPH1111100106,Others2,packquantityCC,,
Apparel,packquantity,Pack Quantity,MPH1111101110,Others,packquantityCC,,
Apparel,packquantity,Pack Quantity,MPH1111101111,Others1,packquantityCC,,
Apparel,packquantity,Pack Quantity,MPH1111101112,Others2,packquantityCC,,
Apparel,packquantity,Pack Quantity,MPH1111103110,Others,packquantityCC,,
Apparel,packquantity,Pack Quantity,MPH1111103111,Others1,packquantityCC,,
Apparel,packquantity,Pack Quantity,MPH1111103112,Others2,packquantityCC,,
Apparel,packquantity,Pack Quantity,MPH1110100109,Others,packquantityCC,,
Apparel,packquantity,Pack Quantity,MPH1110100110,Others1,packquantityCC,,
Apparel,packquantity,Pack Quantity,MPH1110100111,Others2,packquantityCC,,
Apparel ,packcolor,Pack Color,MPH1111100104,Others,packcolorCC,,
Apparel ,packcolor,Pack Color,MPH1111100105,Others1,packcolorCC,,
Apparel ,packcolor,Pack Color,MPH1111100106,Others2,packcolorCC,,
Apparel,packcolor,Pack Color,MPH1111101110,Others,packcolorCC,,
Apparel,packcolor,Pack Color,MPH1111101111,Others1,packcolorCC,,
Apparel,packcolor,Pack Color,MPH1111101112,Others2,packcolorCC,,
Apparel,packcolor,Pack Color,MPH1111103110,Others,packcolorCC,,
Apparel,packcolor,Pack Color,MPH1111103111,Others1,packcolorCC,,
Apparel,packcolor,Pack Color,MPH1111103112,Others2,packcolorCC,,
Apparel,packcolor,Pack Color,MPH1110100109,Others,packcolorCC,,
Apparel,packcolor,Pack Color,MPH1110100110,Others1,packcolorCC,,
Apparel,packcolor,Pack Color,MPH1110100111,Others2,packcolorCC,,
Apparel,featureapparel,Feature,MPH1111100104,Others,featureapparelCC,featureapparelClassifyingCategory
Apparel,featureapparel,Feature,MPH1111100105,Others1,featureapparelCC,featureapparelClassifyingCategory
Apparel,featureapparel,Feature,MPH1111100106,Others2,featureapparelCC,featureapparelClassifyingCategory
Apparel,featureapparel,Feature,MPH1111101110,Others,featureapparelCC,featureapparelClassifyingCategory
Apparel,featureapparel,Feature,MPH1111101111,Others1,featureapparelCC,featureapparelClassifyingCategory
Apparel,featureapparel,Feature,MPH1111101112,Others2,featureapparelCC,featureapparelClassifyingCategory
Apparel,featureapparel,Feature,MPH1111103110,Others,featureapparelCC,featureapparelClassifyingCategory
Apparel,featureapparel,Feature,MPH1111103111,Others1,featureapparelCC,featureapparelClassifyingCategory
Apparel,featureapparel,Feature,MPH1111103112,Others2,featureapparelCC,featureapparelClassifyingCategory
Apparel,featureapparel,Feature,MPH1110100109,Others,featureapparelCC,featureapparelClassifyingCategory
Apparel,featureapparel,Feature,MPH1110100110,Others1,featureapparelCC,featureapparelClassifyingCategory
Apparel,featureapparel,Feature,MPH1110100111,Others2,featureapparelCC,featureapparelClassifyingCategory
Apparel,colorfamilyapparel,Color Family,MPH1110101115,Others,colorfamilyapparelCC,
Apparel,stylecode,Style Code,MPH1110101115,Others,stylecodeCC,
Apparel,colorapparel,Color,MPH1110101115,Others,colorapparelCC,
Apparel,stylenote,Style Note,MPH1110101115,Others,stylenoteCC,
Apparel,multipack,Multi Pack,MPH1110101115,Others,multipackCC,
Apparel,packquantity,Pack Quantity,MPH1110101115,Others,packquantityCC,
Apparel,packcolor,Pack Color,MPH1110101115,Others,packcolorCC,
Apparel,colorfamilyapparel,Color Family,MPH1110101116,Others1,colorfamilyapparelCC,
Apparel,stylecode,Style Code,MPH1110101116,Others1,stylecodeCC,
Apparel,colorapparel,Color,MPH1110101116,Others1,colorapparelCC,
Apparel,stylenote,Style Note,MPH1110101116,Others1,stylenoteCC,
Apparel,multipack,Multi Pack,MPH1110101116,Others1,multipackCC,
Apparel,packquantity,Pack Quantity,MPH1110101116,Others1,packquantityCC,
Apparel,packcolor,Pack Color,MPH1110101116,Others1,packcolorCC,
Apparel,colorfamilyapparel,Color Family,MPH1110101117,Others2,colorfamilyapparelCC,
Apparel,stylecode,Style Code,MPH1110101117,Others2,stylecodeCC,
Apparel,colorapparel,Color,MPH1110101117,Others2,colorapparelCC,
Apparel,stylenote,Style Note,MPH1110101117,Others2,stylenoteCC,
Apparel,multipack,Multi Pack,MPH1110101117,Others2,multipackCC,
Apparel,packquantity,Pack Quantity,MPH1110101117,Others2,packquantityCC,
Apparel,packcolor,Pack Color,MPH1110101117,Others2,packcolorCC,
Apparel,colorfamilyapparel,Color Family,MPH1110102105,Others,colorfamilyapparelCC
Apparel,stylecode,Style Code,MPH1110102105,Others,stylecodeCC
Apparel,colorapparel,Color,MPH1110102105,Others,colorapparelCC
Apparel,stylenote,Style Note,MPH1110102105,Others,stylenoteCC
Apparel,multipack,Multi Pack,MPH1110102105,Others,multipackCC
Apparel,packquantity,Pack Quantity,MPH1110102105,Others,packquantityCC
Apparel,packcolor,Pack Color,MPH1110102105,Others,packcolorCC
Apparel,colorfamilyapparel,Color Family,MPH1110102106,Others1,colorfamilyapparelCC
Apparel,stylecode,Style Code,MPH1110102106,Others1,stylecodeCC
Apparel,colorapparel,Color,MPH1110102106,Others1,colorapparelCC
Apparel,stylenote,Style Note,MPH1110102106,Others1,stylenoteCC
Apparel,multipack,Multi Pack,MPH1110102106,Others1,multipackCC
Apparel,packquantity,Pack Quantity,MPH1110102106,Others1,packquantityCC
Apparel,packcolor,Pack Color,MPH1110102106,Others1,packcolorCC
Apparel,colorfamilyapparel,Color Family,MPH1110102107,Others2,colorfamilyapparelCC
Apparel,stylecode,Style Code,MPH1110102107,Others2,stylecodeCC
Apparel,colorapparel,Color,MPH1110102107,Others2,colorapparelCC
Apparel,stylenote,Style Note,MPH1110102107,Others2,stylenoteCC
Apparel,multipack,Multi Pack,MPH1110102107,Others2,multipackCC
Apparel,packquantity,Pack Quantity,MPH1110102107,Others2,packquantityCC
Apparel,packcolor,Pack Color,MPH1110102107,Others2,packcolorCC
Apparel,colorfamilyapparel,Color Family,MPH1110103104,Others,colorfamilyapparelCC
Apparel,stylecode,Style Code,MPH1110103104,Others,stylecodeCC
Apparel,colorapparel,Color,MPH1110103104,Others,colorapparelCC
Apparel,stylenote,Style Note,MPH1110103104,Others,stylenoteCC
Apparel,multipack,Multi Pack,MPH1110103104,Others,multipackCC
Apparel,packquantity,Pack Quantity,MPH1110103104,Others,packquantityCC
Apparel,packcolor,Pack Color,MPH1110103104,Others,packcolorCC
Apparel,colorfamilyapparel,Color Family,MPH1110103105,Others1,colorfamilyapparelCC
Apparel,stylecode,Style Code,MPH1110103105,Others1,stylecodeCC
Apparel,colorapparel,Color,MPH1110103105,Others1,colorapparelCC
Apparel,stylenote,Style Note,MPH1110103105,Others1,stylenoteCC
Apparel,multipack,Multi Pack,MPH1110103105,Others1,multipackCC
Apparel,packquantity,Pack Quantity,MPH1110103105,Others1,packquantityCC
Apparel,packcolor,Pack Color,MPH1110103105,Others1,packcolorCC
Apparel,colorfamilyapparel,Color Family,MPH1110103106,Others2,colorfamilyapparelCC
Apparel,stylecode,Style Code,MPH1110103106,Others2,stylecodeCC
Apparel,colorapparel,Color,MPH1110103106,Others2,colorapparelCC
Apparel,stylenote,Style Note,MPH1110103106,Others2,stylenoteCC
Apparel,multipack,Multi Pack,MPH1110103106,Others2,multipackCC
Apparel,packquantity,Pack Quantity,MPH1110103106,Others2,packquantityCC
Apparel,packcolor,Pack Color,MPH1110103106,Others2,packcolorCC
Apparel,colorfamilyapparel,Color Family,MPH1110104107,Others,colorfamilyapparelCC
Apparel,stylecode,Style Code,MPH1110104107,Others,stylecodeCC
Apparel,colorapparel,Color,MPH1110104107,Others,colorapparelCC
Apparel,stylenote,Style Note,MPH1110104107,Others,stylenoteCC
Apparel,multipack,Multi Pack,MPH1110104107,Others,multipackCC
Apparel,packquantity,Pack Quantity,MPH1110104107,Others,packquantityCC
Apparel,packcolor,Pack Color,MPH1110104107,Others,packcolorCC
Apparel,colorfamilyapparel,Color Family,MPH1110104108,Others1,colorfamilyapparelCC
Apparel,stylecode,Style Code,MPH1110104108,Others1,stylecodeCC
Apparel,colorapparel,Color,MPH1110104108,Others1,colorapparelCC
Apparel,stylenote,Style Note,MPH1110104108,Others1,stylenoteCC
Apparel,multipack,Multi Pack,MPH1110104108,Others1,multipackCC
Apparel,packquantity,Pack Quantity,MPH1110104108,Others1,packquantityCC
Apparel,packcolor,Pack Color,MPH1110104108,Others1,packcolorCC
Apparel,colorfamilyapparel,Color Family,MPH1110104109,Others2,colorfamilyapparelCC
Apparel,stylecode,Style Code,MPH1110104109,Others2,stylecodeCC
Apparel,colorapparel,Color,MPH1110104109,Others2,colorapparelCC
Apparel,stylenote,Style Note,MPH1110104109,Others2,stylenoteCC
Apparel,multipack,Multi Pack,MPH1110104109,Others2,multipackCC
Apparel,packquantity,Pack Quantity,MPH1110104109,Others2,packquantityCC
Apparel,packcolor,Pack Color,MPH1110104109,Others2,packcolorCC
Apparel,colorfamilyapparel,Color Family,MPH1110105110,Others,colorfamilyapparelCC
Apparel,stylecode,Style Code,MPH1110105110,Others,stylecodeCC
Apparel,colorapparel,Color,MPH1110105110,Others,colorapparelCC
Apparel,stylenote,Style Note,MPH1110105110,Others,stylenoteCC
Apparel,multipack,Multi Pack,MPH1110105110,Others,multipackCC
Apparel,packquantity,Pack Quantity,MPH1110105110,Others,packquantityCC
Apparel,packcolor,Pack Color,MPH1110105110,Others,packcolorCC
Apparel,colorfamilyapparel,Color Family,MPH1110105111,Others1,colorfamilyapparelCC
Apparel,stylecode,Style Code,MPH1110105111,Others1,stylecodeCC
Apparel,colorapparel,Color,MPH1110105111,Others1,colorapparelCC
Apparel,stylenote,Style Note,MPH1110105111,Others1,stylenoteCC
Apparel,multipack,Multi Pack,MPH1110105111,Others1,multipackCC
Apparel,packquantity,Pack Quantity,MPH1110105111,Others1,packquantityCC
Apparel,packcolor,Pack Color,MPH1110105111,Others1,packcolorCC
Apparel,colorfamilyapparel,Color Family,MPH1110105112,Others2,colorfamilyapparelCC
Apparel,stylecode,Style Code,MPH1110105112,Others2,stylecodeCC
Apparel,colorapparel,Color,MPH1110105112,Others2,colorapparelCC
Apparel,stylenote,Style Note,MPH1110105112,Others2,stylenoteCC
Apparel,multipack,Multi Pack,MPH1110105112,Others2,multipackCC
Apparel,packquantity,Pack Quantity,MPH1110105112,Others2,packquantityCC
Apparel,packcolor,Pack Color,MPH1110105112,Others2,packcolorCC
Apparel ,womensleepwearsize,Size,MPH1110106101,Others,womensleepwearsizeCC
Apparel,colorfamilyapparel,Color Family,MPH1110106101,Others,colorfamilyapparelCC
Apparel,stylecode,Style Code,MPH1110106101,Others,stylecodeCC
Apparel,colorapparel,Color,MPH1110106101,Others,colorapparelCC
Apparel,stylenote,Style Note,MPH1110106101,Others,stylenoteCC
Apparel,multipack,Multi Pack,MPH1110106101,Others,multipackCC
Apparel,packquantity,Pack Quantity,MPH1110106101,Others,packquantityCC
Apparel,packcolor,Pack Color,MPH1110106101,Others,packcolorCC
Apparel ,womensleepwearsize,Size,MPH1110106102,Others1,womensleepwearsizeCC
Apparel,colorfamilyapparel,Color Family,MPH1110106102,Others1,colorfamilyapparelCC
Apparel,stylecode,Style Code,MPH1110106102,Others1,stylecodeCC
Apparel,colorapparel,Color,MPH1110106102,Others1,colorapparelCC
Apparel,stylenote,Style Note,MPH1110106102,Others1,stylenoteCC
Apparel,multipack,Multi Pack,MPH1110106102,Others1,multipackCC
Apparel,packquantity,Pack Quantity,MPH1110106102,Others1,packquantityCC
Apparel,packcolor,Pack Color,MPH1110106102,Others1,packcolorCC
Apparel ,womensleepwearsize,Size,MPH1110106103,Others2,womensleepwearsizeCC,,
Apparel,colorfamilyapparel,Color Family,MPH1110106103,Others2,colorfamilyapparelCC
Apparel,stylecode,Style Code,MPH1110106103,Others2,stylecodeCC
Apparel,colorapparel,Color,MPH1110106103,Others2,colorapparelCC
Apparel,stylenote,Style Note,MPH1110106103,Others2,stylenoteCC
Apparel,multipack,Multi Pack,MPH1110106103,Others2,multipackCC
Apparel,packquantity,Pack Quantity,MPH1110106103,Others2,packquantityCC
Apparel,packcolor,Pack Color,MPH1110106103,Others2,packcolorCC
Apparel,colorfamilyapparel,Color Family,MPH1111102106 ,Others,colorfamilyapparelCC,
Apparel,stylecode,Style Code,MPH1111102106 ,Others,stylecodeCC,
Apparel,colorapparel,Color,MPH1111102106 ,Others,colorapparelCC,
Apparel,stylenote,Style Note,MPH1111102106 ,Others,stylenoteCC,
Apparel,multipack,Multi Pack,MPH1111102106 ,Others,multipackCC,
Apparel,packquantity,Pack Quantity,MPH1111102106 ,Others,packquantityCC,
Apparel,packcolor,Pack Color,MPH1111102106 ,Others,packcolorCC,
Apparel,colorfamilyapparel,Color Family,MPH1111102107,Others1,colorfamilyapparelCC
Apparel,stylecode,Style Code,MPH1111102107,Others1,stylecodeCC
Apparel,colorapparel,Color,MPH1111102107,Others1,colorapparelCC
Apparel,stylenote,Style Note,MPH1111102107,Others1,stylenoteCC
Apparel,multipack,Multi Pack,MPH1111102107,Others1,multipackCC
Apparel,packquantity,Pack Quantity,MPH1111102107,Others1,packquantityCC
Apparel,packcolor,Pack Color,MPH1111102107,Others1,packcolorCC
Apparel,colorfamilyapparel,Color Family,MPH1111102108 ,Others2,colorfamilyapparelCC
Apparel,stylecode,Style Code,MPH1111102108 ,Others2,stylecodeCC
Apparel,colorapparel,Color,MPH1111102108 ,Others2,colorapparelCC
Apparel,stylenote,Style Note,MPH1111102108 ,Others2,stylenoteCC
Apparel,multipack,Multi Pack,MPH1111102108 ,Others2,multipackCC
Apparel,packquantity,Pack Quantity,MPH1111102108 ,Others2,packquantityCC
Apparel,packcolor,Pack Color,MPH1111102108 ,Others2,packcolorCC
Apparel,colorfamilyapparel,Color Family,MPH1111104107,Others,colorfamilyapparelCC,
Apparel,stylecode,Style Code,MPH1111104107,Others,stylecodeCC,
Apparel,colorapparel,Color,MPH1111104107,Others,colorapparelCC,
Apparel,stylenote,Style Note,MPH1111104107,Others,stylenoteCC,
Apparel,multipack,Multi Pack,MPH1111104107,Others,multipackCC,
Apparel,packquantity,Pack Quantity,MPH1111104107,Others,packquantityCC,
Apparel,packcolor,Pack Color,MPH1111104107,Others,packcolorCC,
Apparel,colorfamilyapparel,Color Family,MPH1111104108,Others1,colorfamilyapparelCC
Apparel,stylecode,Style Code,MPH1111104108,Others1,stylecodeCC
Apparel,colorapparel,Color,MPH1111104108,Others1,colorapparelCC
Apparel,stylenote,Style Note,MPH1111104108,Others1,stylenoteCC
Apparel,multipack,Multi Pack,MPH1111104108,Others1,multipackCC
Apparel,packquantity,Pack Quantity,MPH1111104108,Others1,packquantityCC
Apparel,packcolor,Pack Color,MPH1111104108,Others1,packcolorCC
Apparel,colorfamilyapparel,Color Family,MPH1111104109,Others2,colorfamilyapparelCC
Apparel,stylecode,Style Code,MPH1111104109,Others2,stylecodeCC
Apparel,colorapparel,Color,MPH1111104109,Others2,colorapparelCC
Apparel,stylenote,Style Note,MPH1111104109,Others2,stylenoteCC
Apparel,multipack,Multi Pack,MPH1111104109,Others2,multipackCC
Apparel,packquantity,Pack Quantity,MPH1111104109,Others2,packquantityCC
Apparel,packcolor,Pack Color,MPH1111104109,Others2,packcolorCC
Apparel,colorfamilyapparel,Color Family,MPH1111105101,Others,colorfamilyapparelCC
Apparel,stylecode,Style Code,MPH1111105101,Others,stylecodeCC
Apparel,colorapparel,Color,MPH1111105101,Others,colorapparelCC
Apparel,stylenote,Style Note,MPH1111105101,Others,stylenoteCC
Apparel,multipack,Multi Pack,MPH1111105101,Others,multipackCC
Apparel,packquantity,Pack Quantity,MPH1111105101,Others,packquantityCC
Apparel,packcolor,Pack Color,MPH1111105101,Others,packcolorCC
Apparel,mensleepwearsize,Size,MPH1111105101,Others,mensleepwearsizeCC
Apparel,colorfamilyapparel,Color Family,MPH1111105102,Others1,colorfamilyapparelCC
Apparel,stylecode,Style Code,MPH1111105102,Others1,stylecodeCC
Apparel,colorapparel,Color,MPH1111105102,Others1,colorapparelCC
Apparel,stylenote,Style Note,MPH1111105102,Others1,stylenoteCC
Apparel,multipack,Multi Pack,MPH1111105102,Others1,multipackCC
Apparel,packquantity,Pack Quantity,MPH1111105102,Others1,packquantityCC
Apparel,packcolor,Pack Color,MPH1111105102,Others1,packcolorCC
Apparel,mensleepwearsize,Size,MPH1111105102,Others1,mensleepwearsizeCC
Apparel,colorfamilyapparel,Color Family,MPH1111105103,Others2,colorfamilyapparelCC
Apparel,stylecode,Style Code,MPH1111105103,Others2,stylecodeCC
Apparel,colorapparel,Color,MPH1111105103,Others2,colorapparelCC
Apparel,stylenote,Style Note,MPH1111105103,Others2,stylenoteCC
Apparel,multipack,Multi Pack,MPH1111105103,Others2,multipackCC
Apparel,packquantity,Pack Quantity,MPH1111105103,Others2,packquantityCC
Apparel,packcolor,Pack Color,MPH1111105103,Others2,packcolorCC
Apparel,mensleepwearsize,Size,MPH1111105103,Others2,mensleepwearsizeCC
Apparel,womencasualtopwearsize,Size,MPH1110104107,Others,womencasualtopwearsizeCC,,Added as per Rohan's suggestion
Apparel,womencasualtopwearsize,Size,MPH1110104108,Others1,womencasualtopwearsizeCC,,Added as per Rohan's suggestion
Apparel,womenformalbottomwearsize,Size,MPH1110104109,Others2,womenformalbottomwearsizeCC,,Added as per Rohan's suggestion
Apparel ,womencasualtopwearsize,Size,MPH1110103103,Maternity Accessories,womencasualtopwearsizeCC,womencasualtopwearsizeClassifyingCategory,Added as per Rohan's suggestion
Apparel ,ageband,Age Band,MPH1110101117,Others2,apparelCC,apparelClassifyingCategory,Added as per Catalog-8284
Apparel ,ageband,Age Band,MPH1110100111,Others2,apparelCC,apparelClassifyingCategory,Added as per Catalog-8284
Apparel ,displayproduct,Display Product Name,MPH1110101117,Others2,apparelCC,apparelClassifyingCategory,Added as per Catalog-8284
Apparel ,displayproduct,Display Product Name,MPH1110100111,Others2,apparelCC,apparelClassifyingCategory,Added as per Catalog-8284
Apparel ,fabricapparel,Fabric,MPH1110101117,Others2,apparelCC,apparelClassifyingCategory,Added as per Catalog-8284
Apparel ,fabricapparel,Fabric,MPH1110100111,Others2,apparelCC,apparelClassifyingCategory,Added as per Catalog-8284
Apparel ,womenfabric,Fabric Family,MPH1110101117,Others2,womenfabricCC,womenfabricClassifyingCategory,Added as per Catalog-8284
Apparel ,womenfabric,Fabric Family,MPH1110100111,Others2,womenfabricCC,womenfabricClassifyingCategory,Added as per Catalog-8284
Apparel ,womentopwearfit,Fit,MPH1110101117,Others2,womentopwearfitCC,womentopwearfitClassifyingCategory,Added as per Catalog-8284
Apparel ,womentopwearfit,Fit,MPH1110100111,Others2,womentopwearfitCC,womentopwearfitClassifyingCategory,Added as per Catalog-8284
Apparel ,modelfit,Model fit,MPH1110101117,Others2,modelfitCC,modelfitClassifyingCategory,Added as per Catalog-8284
Apparel ,modelfit,Model fit,MPH1110100111,Others2,modelfitCC,modelfitClassifyingCategory,Added as per Catalog-8284
Apparel ,womenethinictopwearneckcollar,Neck/Collar,MPH1110101117,Others2,womenethinictopwearneckcollarCC,womenethinictopwearneckcollarClassifyingCategory,Added as per Catalog-8284
Apparel ,womenethinictopwearneckcollar,Neck/Collar,MPH1110100111,Others2,womenethinictopwearneckcollarCC,womenethinictopwearneckcollarClassifyingCategory,Added as per Catalog-8284
Apparel ,occasion,Occasion,MPH1110101117,Others2,apparelCC,apparelClassifyingCategory,Added as per Catalog-8284
Apparel ,occasion,Occasion,MPH1110100111,Others2,apparelCC,apparelClassifyingCategory,Added as per Catalog-8284
Apparel ,womensetcontents,Set Contents,MPH1110101117,Others2,womensetcontentsCC,womensetcontentsClassifyingCategory,Added as per Catalog-8284
Apparel ,setitems,Set Items,MPH1110101117,Others2,setitemsCC,setitemsClassifyingCategory,Added as per Catalog-8284
Apparel ,setitems,Set Items,MPH1110100111,Others2,setitemsCC,setitemsClassifyingCategory,Added as per Catalog-8284
Apparel ,sizechart,Size chart,MPH1110101117,Others2,sizechartCC,sizechartClassifyingCategory,Added as per Catalog-8284
Apparel ,sizechart,Size chart,MPH1110100111,Others2,sizechartCC,sizechartClassifyingCategory,Added as per Catalog-8284
Apparel ,womensleeve,Sleeve,MPH1110101117,Others2,womensleeveCC,womensleeveClassifyingCategory,Added as per Catalog-8284
Apparel ,womensleeve,Sleeve,MPH1110100111,Others2,womensleeveCC,womensleeveClassifyingCategory,Added as per Catalog-8284
Apparel ,washcare,Wash Care,MPH1110101117,Others2,washcareCC,washcareClassifyingCategory,Added as per Catalog-8284
Apparel ,washcare,Wash Care,MPH1110100111,Others2,washcareCC,washcareClassifyingCategory,Added as per Catalog-8284
Apparel ,weightapparel,Weight,MPH1110101117,Others2,apparelCC,apparelClassifyingCategory,Added as per Catalog-8284
Apparel ,weightapparel,Weight,MPH1110100111,Others2,apparelCC,apparelClassifyingCategory,Added as per Catalog-8284
Apparel ,sizechart,Size chart,MPH1111101110,Rain Wear,sizechartCC,sizechartClassifyingCategory,Added as per Catalog-8727
