Product_Line,PIM_Attribute_ID,PIM_Attribute_Name,LOV_Value_Code,LOV_Value_Name,Modified_TimeStamp,Modified_By,Version,Comments
Apparel,ageband,Age Band,16to22,16 to 22,2016-05-21T00:00,TUL,1.7 d,
Apparel,ageband,Age Band,13-14y,13 - 14 Years,2016-05-21T00:00,TUL,1.7 d,
Apparel,ageband,Age Band,35to55,35-55,2016-05-21T00:00,TUL,1.7 d,
Apparel,ageband,Age Band,55plus,55+,2016-05-21T00:00,TUL,1.7 d,
Apparel,ageband,Age Band,0-3m,0 - 3 Months,2016-05-21T00:00,TUL,1.7 d,
Apparel,ageband,Age Band,3-6m,3 - 6 Months,2016-05-21T00:00,TUL,1.7 d,
Apparel,ageband,Age Band,6-9m,6 - 9 Months,2016-05-21T00:00,TUL,1.7 d,
Apparel,ageband,Age Band,9-12m,9 - 12 Months,2016-05-21T00:00,TUL,1.7 d,
Apparel,ageband,Age Band,12-18m,12 - 18 Months,2016-05-21T00:00,TUL,1.7 d,
Apparel,ageband,Age Band,18-24m,18 - 24 Months,2016-05-21T00:00,TUL,1.7 d,
Apparel,ageband,Age Band,24-48m,24 - 48 Months,2016-05-21T00:00,TUL,1.7 d,
Apparel,ageband,Age Band,1-2y,1 - 2 Years,2016-05-21T00:00,TUL,1.7 d,
Apparel,ageband,Age Band,2-3y,2 - 3 Years,2016-05-21T00:00,TUL,1.7 d,
Apparel,ageband,Age Band,3-4y,3 - 4 Years,2016-05-21T00:00,TUL,1.7 d,
Apparel,ageband,Age Band,4-5y,4 - 5 Years,2016-05-21T00:00,TUL,1.7 d,
Apparel,ageband,Age Band,5-6y,5 - 6 Years,2016-05-21T00:00,TUL,1.7 d,
Apparel,ageband,Age Band,6-7y,6 -7 Years,2016-05-21T00:00,TUL,1.7 d,
Apparel,ageband,Age Band,7-8y,7 - 8 Years,2016-05-21T00:00,TUL,1.7 d,
Apparel,ageband,Age Band,8-9y,8 - 9 Years,2016-05-21T00:00,TUL,1.7 d,
Apparel,ageband,Age Band,9-10y,9 - 10 Years,2016-05-21T00:00,TUL,1.7 d,
Apparel,ageband,Age Band,10-11y,10 - 11 Years,2016-05-21T00:00,TUL,1.7 d,
Apparel,ageband,Age Band,11-12y,11 - 12 Years,2016-05-21T00:00,TUL,1.7 d,
Apparel,ageband,Age Band,12-13y,12 - 13 Years,2016-05-21T00:00,TUL,1.7 d,
Apparel,ageband,Age Band,22to35,22-35,2016-05-21T00:00,TUL,1.7 d,
Apparel,bracoverage,Coverage,halfcoverage,Half Coverage,2016-05-21T00:00,TUL,1.7 d,
Apparel,bracoverage,Coverage,fullcoverage,Full Coverage,2016-05-21T00:00,TUL,1.7 d,
Apparel,brafabricfamily,Fabric Family,linen,Linen,2016-05-21T00:00,TUL,1.7 d,
Apparel,brafabricfamily,Fabric Family,polyester,Polyester,2016-05-21T00:00,TUL,1.7 d,
Apparel,brafabricfamily,Fabric Family,leather,Leather,2016-05-21T00:00,TUL,1.7 d,
Apparel,brafabricfamily,Fabric Family,ramie,Ramie,2016-05-21T00:00,TUL,1.7 d,
Apparel,brafabricfamily,Fabric Family,viscose,Viscose,2016-05-21T00:00,TUL,1.7 d,
Apparel,brafabricfamily,Fabric Family,wool,Wool,2016-05-21T00:00,TUL,1.7 d,
Apparel,brafabricfamily,Fabric Family,cottonlycra,Cotton Lycra,2016-05-21T00:00,TUL,1.7 d,
Apparel,brafabricfamily,Fabric Family,viscoselycra,Viscose Lycra,2016-05-21T00:00,TUL,1.7 d,
Apparel,brafabricfamily,Fabric Family,lace,Lace,2016-05-21T00:00,TUL,1.7 d,
Apparel,brafabricfamily,Fabric Family,cottonblend,Cotton Blend,2016-05-21T00:00,TUL,1.7 d,
Apparel,brafabricfamily,Fabric Family,others,Others,2016-05-21T00:00,TUL,1.7 d,
Apparel,brafabricfamily,Fabric Family,denim,Denim,2016-05-21T00:00,TUL,1.7 d,
Apparel,brafabricfamily,Fabric Family,blend,Blend,2016-05-21T00:00,TUL,1.7 d,
Apparel,brafabricfamily,Fabric Family,cotton,Cotton,2016-05-21T00:00,TUL,1.7 d,
Apparel,brafabricfamily,Fabric Family,acrylic,Acrylic,2016-05-21T00:00,TUL,1.7 d,
Apparel,bratype,Bra Type,backless,Backless,2016-05-21T00:00,TUL,1.7 d,
Apparel,bratype,Bra Type,balconette,Balconette,2016-05-21T00:00,TUL,1.7 d,
Apparel,bratype,Bra Type,mastectomybra,Mastectomy Bra,2016-05-21T00:00,TUL,1.7 d,
Apparel,bratype,Bra Type,convertiblebra,Convertible bra,2016-05-21T00:00,TUL,1.7 d,
Apparel,bratype,Bra Type,bandeaubra,Bandeau bra,2016-05-21T00:00,TUL,1.7 d,
Apparel,bratype,Bra Type,sportsbra,Sports bra,2016-05-21T00:00,TUL,1.7 d,
Apparel,bratype,Bra Type,frontopenbra,Front open bra,2016-05-21T00:00,TUL,1.7 d,
Apparel,bratype,Bra Type,maternitybynursing,Maternity/Nursing,2016-05-21T00:00,TUL,1.7 d,
Apparel,bratype,Bra Type,minimizerbra,Minimizer bra,2016-05-21T00:00,TUL,1.7 d,
Apparel,bratype,Bra Type,plungebra,Plunge bra,2016-05-21T00:00,TUL,1.7 d,
Apparel,bratype,Bra Type,seamlessbra,Seamless bra,2016-05-21T00:00,TUL,1.7 d,
Apparel,brieftype,Brief Type,thongs,Thongs,2016-05-21T00:00,TUL,1.7 d,
Apparel,brieftype,Brief Type,trunks,Trunks,2016-05-21T00:00,TUL,1.7 d,
Apparel,brieftype,Brief Type,briefs,Briefs,2016-05-21T00:00,TUL,1.7 d,
Apparel,brieftype,Brief Type,bikini,Bikini,2016-05-21T00:00,TUL,1.7 d,
Apparel,brieftype,Brief Type,jockstrap,Jockstrap,2016-05-21T00:00,TUL,1.7 d,
Apparel,colorfamilyapparel,Color Family,beige,Beige,2016-05-21T00:00,TUL,1.7 d,
Apparel,colorfamilyapparel,Color Family,coral,Coral,2016-05-21T00:00,TUL,1.7 d,
Apparel,colorfamilyapparel,Color Family,blue,Blue,2016-05-21T00:00,TUL,1.7 d,
Apparel,colorfamilyapparel,Color Family,brown,Brown,2016-05-21T00:00,TUL,1.7 d,
Apparel,colorfamilyapparel,Color Family,gold,Gold,2016-05-21T00:00,TUL,1.7 d,
Apparel,colorfamilyapparel,Color Family,green,Green,2016-05-21T00:00,TUL,1.7 d,
Apparel,colorfamilyapparel,Color Family,grey,Grey,2016-05-21T00:00,TUL,1.7 d,
Apparel,colorfamilyapparel,Color Family,khaki,Khaki,2016-05-21T00:00,TUL,1.7 d,
Apparel,colorfamilyapparel,Color Family,maroon,Maroon,2016-05-21T00:00,TUL,1.7 d,
Apparel,colorfamilyapparel,Color Family,multi,Multi,2016-05-21T00:00,TUL,1.7 d,
Apparel,colorfamilyapparel,Color Family,navy,Navy,2016-05-21T00:00,TUL,1.7 d,
Apparel,colorfamilyapparel,Color Family,orange,Orange,2016-05-21T00:00,TUL,1.7 d,
Apparel,colorfamilyapparel,Color Family,peach,Peach,2016-05-21T00:00,TUL,1.7 d,
Apparel,colorfamilyapparel,Color Family,pink,Pink,2016-05-21T00:00,TUL,1.7 d,
Apparel,colorfamilyapparel,Color Family,purple,Purple,2016-05-21T00:00,TUL,1.7 d,
Apparel,colorfamilyapparel,Color Family,red,Red,2016-05-21T00:00,TUL,1.7 d,
Apparel,colorfamilyapparel,Color Family,silver,Silver,2016-05-21T00:00,TUL,1.7 d,
Apparel,colorfamilyapparel,Color Family,tan,Tan,2016-05-21T00:00,TUL,1.7 d,
Apparel,colorfamilyapparel,Color Family,turquoise,Turquoise,2016-05-21T00:00,TUL,1.7 d,
Apparel,colorfamilyapparel,Color Family,white,White,2016-05-21T00:00,TUL,1.7 d,
Apparel,colorfamilyapparel,Color Family,yellow,Yellow,2016-05-21T00:00,TUL,1.7 d,
Apparel,colorfamilyapparel,Color Family,pewter,Pewter,2016-05-21T00:00,TUL,1.7 d,
Apparel,colorfamilyapparel,Color Family,metallic,Metallic,2016-05-21T00:00,TUL,1.7 d,
Apparel,colorfamilyapparel,Color Family,black,Black,2016-05-21T00:00,TUL,1.7 d,
Apparel,cut,Cut,singlebreasted,Single Breasted,2016-05-21T00:00,TUL,1.7 d,
Apparel,cut,Cut,doublebreasted,Double Breasted,2016-05-21T00:00,TUL,1.7 d,
Apparel,denimtreatments,Denim Treatments,other,Other,2016-05-21T00:00,TUL,1.7 d,
Apparel,denimtreatments,Denim Treatments,acidwash,Acid Wash,2016-05-21T00:00,TUL,1.7 d,
Apparel,denimtreatments,Denim Treatments,ruffles,Ruffles,2016-05-21T00:00,TUL,1.7 d,
Apparel,denimtreatments,Denim Treatments,piping,Piping,2016-05-21T00:00,TUL,1.7 d,
Apparel,denimtreatments,Denim Treatments,applique,Applique,2016-05-21T00:00,TUL,1.7 d,
Apparel,denimtreatments,Denim Treatments,ripped,Ripped,2016-05-21T00:00,TUL,1.7 d,
Apparel,denimtreatments,Denim Treatments,tattered,Tattered,2016-05-21T00:00,TUL,1.7 d,
Apparel,denimtreatments,Denim Treatments,embroidered,Embroidered,2016-05-21T00:00,TUL,1.7 d,
Apparel,denimtreatments,Denim Treatments,printed,Printed,2016-05-21T00:00,TUL,1.7 d,
Apparel,denimtreatments,Denim Treatments,rawdenim,Raw Denim,2016-05-21T00:00,TUL,1.7 d,
Apparel,denimtreatments,Denim Treatments,rinsewashed,Rinse Washed,2016-05-21T00:00,TUL,1.7 d,
Apparel,denimtreatments,Denim Treatments,lightlywashed,Lightly washed,2016-05-21T00:00,TUL,1.7 d,
Apparel,denimtreatments,Denim Treatments,heavilywashed,Heavily washed,2016-05-21T00:00,TUL,1.7 d,
Apparel,denimtreatments,Denim Treatments,coated,Coated,2016-05-21T00:00,TUL,1.7 d,
Apparel,denimtreatments,Denim Treatments,bows,Bows,2016-05-21T00:00,TUL,1.7 d,
Apparel,dresslength,Dress Length,midi,Midi,2016-05-21T00:00,TUL,1.7 d,
Apparel,dresslength,Dress Length,other,Other,2016-05-21T00:00,TUL,1.7 d,
Apparel,dresslength,Dress Length,mini,Mini,2016-05-21T00:00,TUL,1.7 d,
Apparel,dresslength,Dress Length,maxi,Maxi,2016-05-21T00:00,TUL,1.7 d,
Apparel,dresslength,Dress Length,kneetolength,Knee-length,2016-05-21T00:00,TUL,1.7 d,
Apparel,dresslength,Dress Length,belowknee,Below knee,2016-05-21T00:00,TUL,1.7 d,
Apparel,dresslength,Dress Length,aboveknee,Above knee,2016-05-21T00:00,TUL,1.7 d,
Apparel,dressshape,Dress Shape,peplumdress,Peplum dress,2016-05-21T00:00,TUL,1.7 d,
Apparel,dressshape,Dress Shape,assymetricdress,Assymetric dress,2016-05-21T00:00,TUL,1.7 d,
Apparel,dressshape,Dress Shape,chemise,Chemise,2016-05-21T00:00,TUL,1.7 d,
Apparel,dressshape,Dress Shape,princesspanel,Princess Panel,2016-05-21T00:00,TUL,1.7 d,
Apparel,dressshape,Dress Shape,skaterdress,Skater dress,2016-05-21T00:00,TUL,1.7 d,
Apparel,dressshape,Dress Shape,shirtdress,Shirt dress,2016-05-21T00:00,TUL,1.7 d,
Apparel,dressshape,Dress Shape,onetoshoulderdress,One-shoulder dress,2016-05-21T00:00,TUL,1.7 d,
Apparel,dressshape,Dress Shape,jerseydress,Jersey dress,2016-05-21T00:00,TUL,1.7 d,
Apparel,dressshape,Dress Shape,hightolowdress,High-low dress,2016-05-21T00:00,TUL,1.7 d,
Apparel,dressshape,Dress Shape,empiretolinedress,Empire-line dress,2016-05-21T00:00,TUL,1.7 d,
Apparel,dressshape,Dress Shape,blousondress,Blouson dress,2016-05-21T00:00,TUL,1.7 d,
Apparel,dressshape,Dress Shape,atolinedress,A-Line dress,2016-05-21T00:00,TUL,1.7 d,
Apparel,dressshape,Dress Shape,shiftdress,Shift dress,2016-05-21T00:00,TUL,1.7 d,
Apparel,dressshape,Dress Shape,tubedress,Tube dress,2016-05-21T00:00,TUL,1.7 d,
Apparel,dressshape,Dress Shape,tutu,Tutu,2016-05-21T00:00,TUL,1.7 d,
Apparel,dressshape,Dress Shape,other,Other,2016-05-21T00:00,TUL,1.7 d,
Apparel,dressshape,Dress Shape,tunic,Tunic,2016-05-21T00:00,TUL,1.7 d,
Apparel,dressshape,Dress Shape,dropwaist,Drop Waist,2016-05-21T00:00,TUL,1.7 d,
Apparel,dressshape,Dress Shape,maxidress,Maxi dress,2016-05-21T00:00,TUL,1.7 d,
Apparel,fitbottomwearmen,Fit,slimfit,Slim fit,2016-05-21T00:00,TUL,1.7 d,
Apparel,fitbottomwearmen,Fit,straightfit,Straight fit,2016-05-21T00:00,TUL,1.7 d,
Apparel,fitbottomwearmen,Fit,comfortfit,Comfort fit,2016-05-21T00:00,TUL,1.7 d,
Apparel,fitbottomwearmen,Fit,skinnyfit,Skinny fit,2016-05-21T00:00,TUL,1.7 d,
Apparel,fitbottomwearmen,Fit,other,Other,2016-05-21T00:00,TUL,1.7 d,
Apparel,fitbottomwearmen,Fit,regularfit,Regular fit,2016-05-21T00:00,TUL,1.7 d,
Apparel,fittopwearmen,Fit,snugfit,Snug fit,2016-05-21T00:00,TUL,1.7 d,
Apparel,fittopwearmen,Fit,slimfit,Slim fit,2016-05-21T00:00,TUL,1.7 d,
Apparel,fittopwearmen,Fit,regularfit,Regular fit,2016-05-21T00:00,TUL,1.7 d,
Apparel,jeanslength,Length,3by4thlength,3/4th length,2016-05-21T00:00,TUL,1.7 d,
Apparel,jeanslength,Length,other,Other,2016-05-21T00:00,TUL,1.7 d,
Apparel,jeanslength,Length,kneelength,Knee length,2016-05-21T00:00,TUL,1.7 d,
Apparel,jeanslength,Length,anklelength,Ankle length,2016-05-21T00:00,TUL,1.7 d,
Apparel,mencasualbottomwearsize,Size,27,27,2016-05-21T00:00,TUL,1.7 d,
Apparel,mencasualbottomwearsize,Size,24-48m,24 - 48 Months,2016-05-21T00:00,TUL,1.7 d,
Apparel,mencasualbottomwearsize,Size,29,29,2016-05-21T00:00,TUL,1.7 d,
Apparel,mencasualbottomwearsize,Size,30,30,2016-05-21T00:00,TUL,1.7 d,
Apparel,mencasualbottomwearsize,Size,31,31,2016-05-21T00:00,TUL,1.7 d,
Apparel,mencasualbottomwearsize,Size,32,32,2016-05-21T00:00,TUL,1.7 d,
Apparel,mencasualbottomwearsize,Size,33,33,2016-05-21T00:00,TUL,1.7 d,
Apparel,mencasualbottomwearsize,Size,34,34,2016-05-21T00:00,TUL,1.7 d,
Apparel,mencasualbottomwearsize,Size,35,35,2016-05-21T00:00,TUL,1.7 d,
Apparel,mencasualbottomwearsize,Size,36,36,2016-05-21T00:00,TUL,1.7 d,
Apparel,mencasualbottomwearsize,Size,37,37,2016-05-21T00:00,TUL,1.7 d,
Apparel,mencasualbottomwearsize,Size,38,38,2016-05-21T00:00,TUL,1.7 d,
Apparel,mencasualbottomwearsize,Size,39,39,2016-05-21T00:00,TUL,1.7 d,
Apparel,mencasualbottomwearsize,Size,40,40,2016-05-21T00:00,TUL,1.7 d,
Apparel,mencasualbottomwearsize,Size,42,42,2016-05-21T00:00,TUL,1.7 d,
Apparel,mencasualbottomwearsize,Size,44,44,2016-05-21T00:00,TUL,1.7 d,
Apparel,mencasualbottomwearsize,Size,46,46,2016-05-21T00:00,TUL,1.7 d,
Apparel,mencasualbottomwearsize,Size,48,48,2016-05-21T00:00,TUL,1.7 d,
Apparel,mencasualbottomwearsize,Size,50,50,2016-05-21T00:00,TUL,1.7 d,
Apparel,mencasualbottomwearsize,Size,3xl,3XL,2016-05-21T00:00,TUL,1.7 d,
Apparel,mencasualbottomwearsize,Size,l,L,2016-05-21T00:00,TUL,1.7 d,
Apparel,mencasualbottomwearsize,Size,m,M,2016-05-21T00:00,TUL,1.7 d,
Apparel,mencasualbottomwearsize,Size,s,S,2016-05-21T00:00,TUL,1.7 d,
Apparel,mencasualbottomwearsize,Size,xl,XL,2016-05-21T00:00,TUL,1.7 d,
Apparel,mencasualbottomwearsize,Size,xxl,XXL,2016-05-21T00:00,TUL,1.7 d,
Apparel,mencasualbottomwearsize,Size,freesize,Free Size,2016-05-21T00:00,TUL,1.7 d,
Apparel,mencasualbottomwearsize,Size,19inches,19 Inches,2016-05-21T00:00,TUL,1.7 d,
Apparel,mencasualbottomwearsize,Size,19.5inches,19.5 Inches,2016-05-21T00:00,TUL,1.7 d,
Apparel,mencasualbottomwearsize,Size,20inches,20 Inches,2016-05-21T00:00,TUL,1.7 d,
Apparel,mencasualbottomwearsize,Size,20.5inches,20.5 Inches,2016-05-21T00:00,TUL,1.7 d,
Apparel,mencasualbottomwearsize,Size,21inches,21 Inches,2016-05-21T00:00,TUL,1.7 d,
Apparel,mencasualbottomwearsize,Size,21.5inches,21.5 Inches,2016-05-21T00:00,TUL,1.7 d,
Apparel,mencasualbottomwearsize,Size,22inches,22 Inches,2016-05-21T00:00,TUL,1.7 d,
Apparel,mencasualbottomwearsize,Size,22-22.5inches,22 - 22.5 Inches,2016-05-21T00:00,TUL,1.7 d,
Apparel,mencasualbottomwearsize,Size,22.5-23inches,22.5 - 23 Inches,2016-05-21T00:00,TUL,1.7 d,
Apparel,mencasualbottomwearsize,Size,23.5-24inches,23.5 - 24 Inches,2016-05-21T00:00,TUL,1.7 d,
Apparel,mencasualbottomwearsize,Size,24.5-25inches,24.5 - 25 Inches,2016-05-21T00:00,TUL,1.7 d,
Apparel,mencasualbottomwearsize,Size,25.5-26inches,25.5 - 26 Inches,2016-05-21T00:00,TUL,1.7 d,
Apparel,mencasualbottomwearsize,Size,26.5-27inches,26.5 - 27 Inches,2016-05-21T00:00,TUL,1.7 d,
Apparel,mencasualbottomwearsize,Size,27.5-28inches,27.5 - 28 Inches,2016-05-21T00:00,TUL,1.7 d,
Apparel,mencasualbottomwearsize,Size,28.5-29inches,28.5 - 29 Inches,2016-05-21T00:00,TUL,1.7 d,
Apparel,mencasualbottomwearsize,Size,29.5-30inches,29.5 - 30 Inches,2016-05-21T00:00,TUL,1.7 d,
Apparel,mencasualbottomwearsize,Size,48cms,48 cms,2016-05-21T00:00,TUL,1.7 d,
Apparel,mencasualbottomwearsize,Size,49.5cms,49.5 cms,2016-05-21T00:00,TUL,1.7 d,
Apparel,mencasualbottomwearsize,Size,51cms,51 cms,2016-05-21T00:00,TUL,1.7 d,
Apparel,mencasualbottomwearsize,Size,52cms,52 cms,2016-05-21T00:00,TUL,1.7 d,
Apparel,mencasualbottomwearsize,Size,53.5cms,53.5 cms,2016-05-21T00:00,TUL,1.7 d,
Apparel,mencasualbottomwearsize,Size,54.5cms,54.5 cms,2016-05-21T00:00,TUL,1.7 d,
Apparel,mencasualbottomwearsize,Size,54.5-56cms,54.5 - 56 cms,2016-05-21T00:00,TUL,1.7 d,
Apparel,mencasualbottomwearsize,Size,56cms,56 cms,2016-05-21T00:00,TUL,1.7 d,
Apparel,mencasualbottomwearsize,Size,57cms,57 cms,2016-05-21T00:00,TUL,1.7 d,
Apparel,mencasualbottomwearsize,Size,58.5cms,58.5 cms,2016-05-21T00:00,TUL,1.7 d,
Apparel,mencasualbottomwearsize,Size,59.5-61cms,59.5 - 61 cms,2016-05-21T00:00,TUL,1.7 d,
Apparel,mencasualbottomwearsize,Size,62.5-63cms,62.5 - 63 cms,2016-05-21T00:00,TUL,1.7 d,
Apparel,mencasualbottomwearsize,Size,64.5-66cms,64.5 - 66 cms,2016-05-21T00:00,TUL,1.7 d,
Apparel,mencasualbottomwearsize,Size,0-3m,0 - 3 Months,2016-05-21T00:00,TUL,1.7 d,
Apparel,mencasualbottomwearsize,Size,3-6m,3 - 6 Months,2016-05-21T00:00,TUL,1.7 d,
Apparel,mencasualbottomwearsize,Size,6-9m,6 - 9 Months,2016-05-21T00:00,TUL,1.7 d,
Apparel,mencasualbottomwearsize,Size,9-12m,9 - 12 Months,2016-05-21T00:00,TUL,1.7 d,
Apparel,mencasualbottomwearsize,Size,12-18m,12 - 18 Months,2016-05-21T00:00,TUL,1.7 d,
Apparel,mencasualbottomwearsize,Size,18-24m,18 - 24 Months,2016-05-21T00:00,TUL,1.7 d,
Apparel,mencasualbottomwearsize,Size,28,28,2016-05-21T00:00,TUL,1.7 d,
Apparel,mencasualtopwearcollarneck,Neck/Collar,crewneck,Crew neck,2016-05-21T00:00,TUL,1.7 d,
Apparel,mencasualtopwearcollarneck,Neck/Collar,vneck,V neck,2016-05-21T00:00,TUL,1.7 d,
Apparel,mencasualtopwearcollarneck,Neck/Collar,peterpancollar,Peter pan collar,2016-05-21T00:00,TUL,1.7 d,
Apparel,mencasualtopwearcollarneck,Neck/Collar,shawlcollar,Shawl collar,2016-05-21T00:00,TUL,1.7 d,
Apparel,mencasualtopwearcollarneck,Neck/Collar,shirtcollar,Shirt collar,2016-05-21T00:00,TUL,1.7 d,
Apparel,mencasualtopwearcollarneck,Neck/Collar,mandarincollar,Mandarin collar,2016-05-21T00:00,TUL,1.7 d,
Apparel,mencasualtopwearcollarneck,Neck/Collar,notchedlapel,Notched lapel,2016-05-21T00:00,TUL,1.7 d,
Apparel,mencasualtopwearcollarneck,Neck/Collar,peakedlapel,Peaked lapel,2016-05-21T00:00,TUL,1.7 d,
Apparel,mencasualtopwearcollarneck,Neck/Collar,rollcollar,Roll collar,2016-05-21T00:00,TUL,1.7 d,
Apparel,mencasualtopwearcollarneck,Neck/Collar,other,Other,2016-05-21T00:00,TUL,1.7 d,
Apparel,mencasualtopwearcollarneck,Neck/Collar,henley,Henley,2016-05-21T00:00,TUL,1.7 d,
Apparel,mencasualtopwearcollarneck,Neck/Collar,hood,Hood,2016-05-21T00:00,TUL,1.7 d,
Apparel,mencasualtopwearcollarneck,Neck/Collar,mockcollar,Mock collar,2016-05-21T00:00,TUL,1.7 d,
Apparel,mencasualtopwearcollarneck,Neck/Collar,roundneck,Round neck,2016-05-21T00:00,TUL,1.7 d,
Apparel,mencasualtopwearcollarneck,Neck/Collar,scoopneck,Scoop neck,2016-05-21T00:00,TUL,1.7 d,
Apparel,mencasualtopwearcollarneck,Neck/Collar,buttondowncollar,Button Down collar,2016-05-21T00:00,TUL,1.7 d,
Apparel,mencasualtopwearcollarneck,Neck/Collar,cutawaycollar,Cutaway Collar,2016-05-21T00:00,TUL,1.7 d,
Apparel,mencasualtopwearsize,Size,3xl,3XL,2016-05-21T00:00,TUL,1.7 d,
Apparel,mencasualtopwearsize,Size,39,39,2016-05-21T00:00,TUL,1.7 d,
Apparel,mencasualtopwearsize,Size,24-48m,24 - 48 Months,2016-05-21T00:00,TUL,1.7 d,
Apparel,mencasualtopwearsize,Size,18-24m,18 - 24 Months,2016-05-21T00:00,TUL,1.7 d,
Apparel,mencasualtopwearsize,Size,12-18m,12 - 18 Months,2016-05-21T00:00,TUL,1.7 d,
Apparel,mencasualtopwearsize,Size,9-12m,9 - 12 Months,2016-05-21T00:00,TUL,1.7 d,
Apparel,mencasualtopwearsize,Size,6-9m,6 - 9 Months,2016-05-21T00:00,TUL,1.7 d,
Apparel,mencasualtopwearsize,Size,3-6m,3 - 6 Months,2016-05-21T00:00,TUL,1.7 d,
Apparel,mencasualtopwearsize,Size,0-3m,0 - 3 Months,2016-05-21T00:00,TUL,1.7 d,
Apparel,mencasualtopwearsize,Size,37,37,2016-05-21T00:00,TUL,1.7 d,
Apparel,mencasualtopwearsize,Size,35,35,2016-05-21T00:00,TUL,1.7 d,
Apparel,mencasualtopwearsize,Size,36,36,2016-05-21T00:00,TUL,1.7 d,
Apparel,mencasualtopwearsize,Size,34,34,2016-05-21T00:00,TUL,1.7 d,
Apparel,mencasualtopwearsize,Size,xl,XL,2016-05-21T00:00,TUL,1.7 d,
Apparel,mencasualtopwearsize,Size,m,M,2016-05-21T00:00,TUL,1.7 d,
Apparel,mencasualtopwearsize,Size,50,50,2016-05-21T00:00,TUL,1.7 d,
Apparel,mencasualtopwearsize,Size,49,49,2016-05-21T00:00,TUL,1.7 d,
Apparel,mencasualtopwearsize,Size,48,48,2016-05-21T00:00,TUL,1.7 d,
Apparel,mencasualtopwearsize,Size,47,47,2016-05-21T00:00,TUL,1.7 d,
Apparel,mencasualtopwearsize,Size,46,46,2016-05-21T00:00,TUL,1.7 d,
Apparel,mencasualtopwearsize,Size,45,45,2016-05-21T00:00,TUL,1.7 d,
Apparel,mencasualtopwearsize,Size,44,44,2016-05-21T00:00,TUL,1.7 d,
Apparel,mencasualtopwearsize,Size,43,43,2016-05-21T00:00,TUL,1.7 d,
Apparel,mencasualtopwearsize,Size,42,42,2016-05-21T00:00,TUL,1.7 d,
Apparel,mencasualtopwearsize,Size,41,41,2016-05-21T00:00,TUL,1.7 d,
Apparel,mencasualtopwearsize,Size,40,40,2016-05-21T00:00,TUL,1.7 d,
Apparel,mencasualtopwearsize,Size,4xl,4XL,2016-05-21T00:00,TUL,1.7 d,
Apparel,mencasualtopwearsize,Size,5xl,5XL,2016-05-21T00:00,TUL,1.7 d,
Apparel,mencasualtopwearsize,Size,6xl,6XL,2016-05-21T00:00,TUL,1.7 d,
Apparel,mencasualtopwearsize,Size,l,L,2016-05-21T00:00,TUL,1.7 d,
Apparel,mencasualtopwearsize,Size,s,S,2016-05-21T00:00,TUL,1.7 d,
Apparel,mencasualtopwearsize,Size,xxl,XXL,2016-05-21T00:00,TUL,1.7 d,
Apparel,mencasualtopwearsize,Size,xxs,XXS,2016-05-21T00:00,TUL,1.7 d,
Apparel,mencasualtopwearsize,Size,38,38,2016-05-21T00:00,TUL,1.7 d,
Apparel,mencasualtopwearsize,Size,xs,XS,2016-05-21T00:00,TUL,1.7 d,
Apparel,mencasualwearsetsize,Size,40,40,2016-05-21T00:00,TUL,1.7 d,
Apparel,mencasualwearsetsize,Size,39,39,2016-05-21T00:00,TUL,1.7 d,
Apparel,mencasualwearsetsize,Size,38,38,2016-05-21T00:00,TUL,1.7 d,
Apparel,mencasualwearsetsize,Size,xxs,XXS,2016-05-21T00:00,TUL,1.7 d,
Apparel,mencasualwearsetsize,Size,xxl,XXL,2016-05-21T00:00,TUL,1.7 d,
Apparel,mencasualwearsetsize,Size,s,S,2016-05-21T00:00,TUL,1.7 d,
Apparel,mencasualwearsetsize,Size,l,L,2016-05-21T00:00,TUL,1.7 d,
Apparel,mencasualwearsetsize,Size,6xl,6XL,2016-05-21T00:00,TUL,1.7 d,
Apparel,mencasualwearsetsize,Size,5xl,5XL,2016-05-21T00:00,TUL,1.7 d,
Apparel,mencasualwearsetsize,Size,4xl,4XL,2016-05-21T00:00,TUL,1.7 d,
Apparel,mencasualwearsetsize,Size,3xl,3XL,2016-05-21T00:00,TUL,1.7 d,
Apparel,mencasualwearsetsize,Size,34,34,2016-05-21T00:00,TUL,1.7 d,
Apparel,mencasualwearsetsize,Size,xl,XL,2016-05-21T00:00,TUL,1.7 d,
Apparel,mencasualwearsetsize,Size,37,37,2016-05-21T00:00,TUL,1.7 d,
Apparel,mencasualwearsetsize,Size,35,35,2016-05-21T00:00,TUL,1.7 d,
Apparel,mencasualwearsetsize,Size,36,36,2016-05-21T00:00,TUL,1.7 d,
Apparel,mencasualwearsetsize,Size,m,M,2016-05-21T00:00,TUL,1.7 d,
Apparel,mencasualwearsetsize,Size,50,50,2016-05-21T00:00,TUL,1.7 d,
Apparel,mencasualwearsetsize,Size,49,49,2016-05-21T00:00,TUL,1.7 d,
Apparel,mencasualwearsetsize,Size,48,48,2016-05-21T00:00,TUL,1.7 d,
Apparel,mencasualwearsetsize,Size,47,47,2016-05-21T00:00,TUL,1.7 d,
Apparel,mencasualwearsetsize,Size,46,46,2016-05-21T00:00,TUL,1.7 d,
Apparel,mencasualwearsetsize,Size,45,45,2016-05-21T00:00,TUL,1.7 d,
Apparel,mencasualwearsetsize,Size,44,44,2016-05-21T00:00,TUL,1.7 d,
Apparel,mencasualwearsetsize,Size,41,41,2016-05-21T00:00,TUL,1.7 d,
Apparel,mencasualwearsetsize,Size,42,42,2016-05-21T00:00,TUL,1.7 d,
Apparel,mencasualwearsetsize,Size,43,43,2016-05-21T00:00,TUL,1.7 d,
Apparel,menethinicwearbottomwearsize,Size,27,27,2016-05-21T00:00,TUL,1.7 d,
Apparel,menethinicwearbottomwearsize,Size,28,28,2016-05-21T00:00,TUL,1.7 d,
Apparel,menethinicwearbottomwearsize,Size,29,29,2016-05-21T00:00,TUL,1.7 d,
Apparel,menethinicwearbottomwearsize,Size,30,30,2016-05-21T00:00,TUL,1.7 d,
Apparel,menethinicwearbottomwearsize,Size,31,31,2016-05-21T00:00,TUL,1.7 d,
Apparel,menethinicwearbottomwearsize,Size,32,32,2016-05-21T00:00,TUL,1.7 d,
Apparel,menethinicwearbottomwearsize,Size,33,33,2016-05-21T00:00,TUL,1.7 d,
Apparel,menethinicwearbottomwearsize,Size,34,34,2016-05-21T00:00,TUL,1.7 d,
Apparel,menethinicwearbottomwearsize,Size,35,35,2016-05-21T00:00,TUL,1.7 d,
Apparel,menethinicwearbottomwearsize,Size,36,36,2016-05-21T00:00,TUL,1.7 d,
Apparel,menethinicwearbottomwearsize,Size,37,37,2016-05-21T00:00,TUL,1.7 d,
Apparel,menethinicwearbottomwearsize,Size,38,38,2016-05-21T00:00,TUL,1.7 d,
Apparel,menethinicwearbottomwearsize,Size,39,39,2016-05-21T00:00,TUL,1.7 d,
Apparel,menethinicwearbottomwearsize,Size,40,40,2016-05-21T00:00,TUL,1.7 d,
Apparel,menethinicwearbottomwearsize,Size,42,42,2016-05-21T00:00,TUL,1.7 d,
Apparel,menethinicwearbottomwearsize,Size,44,44,2016-05-21T00:00,TUL,1.7 d,
Apparel,menethinicwearbottomwearsize,Size,46,46,2016-05-21T00:00,TUL,1.7 d,
Apparel,menethinicwearbottomwearsize,Size,48,48,2016-05-21T00:00,TUL,1.7 d,
Apparel,menethinicwearbottomwearsize,Size,50,50,2016-05-21T00:00,TUL,1.7 d,
Apparel,menethinicwearbottomwearsize,Size,3xl,3XL,2016-05-21T00:00,TUL,1.7 d,
Apparel,menethinicwearbottomwearsize,Size,l,L,2016-05-21T00:00,TUL,1.7 d,
Apparel,menethinicwearbottomwearsize,Size,m,M,2016-05-21T00:00,TUL,1.7 d,
Apparel,menethinicwearbottomwearsize,Size,s,S,2016-05-21T00:00,TUL,1.7 d,
Apparel,menethinicwearbottomwearsize,Size,xl,XL,2016-05-21T00:00,TUL,1.7 d,
Apparel,menethinicwearbottomwearsize,Size,xs,XS,2016-05-21T00:00,TUL,1.7 d,
Apparel,menethinicwearbottomwearsize,Size,xxl,XXL,2016-05-21T00:00,TUL,1.7 d,
Apparel,menethinicwearbottomwearsize,Size,freesize,Free Size,2016-05-21T00:00,TUL,1.7 d,
Apparel,menethinicwearbottomwearsize,Size,0-3m,0 - 3 Months,2016-05-21T00:00,TUL,1.7 d,
Apparel,menethinicwearbottomwearsize,Size,3-6m,3 - 6 Months,2016-05-21T00:00,TUL,1.7 d,
Apparel,menethinicwearbottomwearsize,Size,6-9m,6 - 9 Months,2016-05-21T00:00,TUL,1.7 d,
Apparel,menethinicwearbottomwearsize,Size,9-12m,9 - 12 Months,2016-05-21T00:00,TUL,1.7 d,
Apparel,menethinicwearbottomwearsize,Size,12-18m,12 - 18 Months,2016-05-21T00:00,TUL,1.7 d,
Apparel,menethinicwearbottomwearsize,Size,18-24m,18 - 24 Months,2016-05-21T00:00,TUL,1.7 d,
Apparel,menethinicwearbottomwearsize,Size,24-48m,24 - 48 Months,2016-05-21T00:00,TUL,1.7 d,
Apparel,menethinicwearbottomwearsize,Size,19inches,19 Inches,2016-05-21T00:00,TUL,1.7 d,
Apparel,menethinicwearbottomwearsize,Size,19.5inches,19.5 Inches,2016-05-21T00:00,TUL,1.7 d,
Apparel,menethinicwearbottomwearsize,Size,20inches,20 Inches,2016-05-21T00:00,TUL,1.7 d,
Apparel,menethinicwearbottomwearsize,Size,20.5inches,20.5 Inches,2016-05-21T00:00,TUL,1.7 d,
Apparel,menethinicwearbottomwearsize,Size,21inches,21 Inches,2016-05-21T00:00,TUL,1.7 d,
Apparel,menethinicwearbottomwearsize,Size,21.5inches,21.5 Inches,2016-05-21T00:00,TUL,1.7 d,
Apparel,menethinicwearbottomwearsize,Size,22inches,22 Inches,2016-05-21T00:00,TUL,1.7 d,
Apparel,menethinicwearbottomwearsize,Size,22-22.5inches,22 - 22.5 Inches,2016-05-21T00:00,TUL,1.7 d,
Apparel,menethinicwearbottomwearsize,Size,22.5-23inches,22.5 - 23 Inches,2016-05-21T00:00,TUL,1.7 d,
Apparel,menethinicwearbottomwearsize,Size,23.5-24inches,23.5 - 24 Inches,2016-05-21T00:00,TUL,1.7 d,
Apparel,menethinicwearbottomwearsize,Size,24.5-25inches,24.5 - 25 Inches,2016-05-21T00:00,TUL,1.7 d,
Apparel,menethinicwearbottomwearsize,Size,25.5-26inches,25.5 - 26 Inches,2016-05-21T00:00,TUL,1.7 d,
Apparel,menethinicwearbottomwearsize,Size,26.5-27inches,26.5 - 27 Inches,2016-05-21T00:00,TUL,1.7 d,
Apparel,menethinicwearbottomwearsize,Size,27.5-28inches,27.5 - 28 Inches,2016-05-21T00:00,TUL,1.7 d,
Apparel,menethinicwearbottomwearsize,Size,28.5-29inches,28.5 - 29 Inches,2016-05-21T00:00,TUL,1.7 d,
Apparel,menethinicwearbottomwearsize,Size,29.5-30inches,29.5 - 30 Inches,2016-05-21T00:00,TUL,1.7 d,
Apparel,menethinicwearbottomwearsize,Size,48cms,48 cms,2016-05-21T00:00,TUL,1.7 d,
Apparel,menethinicwearbottomwearsize,Size,49.5cms,49.5 cms,2016-05-21T00:00,TUL,1.7 d,
Apparel,menethinicwearbottomwearsize,Size,51cms,51 cms,2016-05-21T00:00,TUL,1.7 d,
Apparel,menethinicwearbottomwearsize,Size,52cms,52 cms,2016-05-21T00:00,TUL,1.7 d,
Apparel,menethinicwearbottomwearsize,Size,53.5cms,53.5 cms,2016-05-21T00:00,TUL,1.7 d,
Apparel,menethinicwearbottomwearsize,Size,54.5cms,54.5 cms,2016-05-21T00:00,TUL,1.7 d,
Apparel,menethinicwearbottomwearsize,Size,54.5-56cms,54.5 - 56 cms,2016-05-21T00:00,TUL,1.7 d,
Apparel,menethinicwearbottomwearsize,Size,56cms,56 cms,2016-05-21T00:00,TUL,1.7 d,
Apparel,menethinicwearbottomwearsize,Size,57cms,57 cms,2016-05-21T00:00,TUL,1.7 d,
Apparel,menethinicwearbottomwearsize,Size,58.5cms,58.5 cms,2016-05-21T00:00,TUL,1.7 d,
Apparel,menethinicwearbottomwearsize,Size,59.5-61cms,59.5 - 61 cms,2016-05-21T00:00,TUL,1.7 d,
Apparel,menethinicwearbottomwearsize,Size,62.5-63cms,62.5 - 63 cms,2016-05-21T00:00,TUL,1.7 d,
Apparel,menethinicwearbottomwearsize,Size,64.5-66cms,64.5 - 66 cms,2016-05-21T00:00,TUL,1.7 d,
Apparel,menethinicwearcollarneck,Neck/Collar,mockcollar,Mock collar,2016-05-21T00:00,TUL,1.7 d,
Apparel,menethinicwearcollarneck,Neck/Collar,buttondowncollar,Button Down collar,2016-05-21T00:00,TUL,1.7 d,
Apparel,menethinicwearcollarneck,Neck/Collar,shawlcollar,Shawl collar,2016-05-21T00:00,TUL,1.7 d,
Apparel,menethinicwearcollarneck,Neck/Collar,peterpancollar,Peter pan collar,2016-05-21T00:00,TUL,1.7 d,
Apparel,menethinicwearcollarneck,Neck/Collar,crewneck,Crew neck,2016-05-21T00:00,TUL,1.7 d,
Apparel,menethinicwearcollarneck,Neck/Collar,vneck,V neck,2016-05-21T00:00,TUL,1.7 d,
Apparel,menethinicwearcollarneck,Neck/Collar,roundneck,Round neck,2016-05-21T00:00,TUL,1.7 d,
Apparel,menethinicwearcollarneck,Neck/Collar,mandarincollar,Mandarin collar,2016-05-21T00:00,TUL,1.7 d,
Apparel,menethinicwearcollarneck,Neck/Collar,others,Others,2016-05-21T00:00,TUL,1.7 d,
Apparel,menethinicwearcollarneck,Neck/Collar,other,Other,2016-05-21T00:00,TUL,1.7 d,
Apparel,menethinicwearcollarneck,Neck/Collar,cutawaycollar,Cutaway Collar,2016-05-21T00:00,TUL,1.7 d,
Apparel,menethinicwearcollarneck,Neck/Collar,rollcollar,Roll collar,2016-05-21T00:00,TUL,1.7 d,
Apparel,menethinicwearcollarneck,Neck/Collar,peakedlapel,Peaked lapel,2016-05-21T00:00,TUL,1.7 d,
Apparel,menethinicwearcollarneck,Neck/Collar,notchedlapel,Notched lapel,2016-05-21T00:00,TUL,1.7 d,
Apparel,menethinicwearcollarneck,Neck/Collar,shirtcollar,Shirt collar,2016-05-21T00:00,TUL,1.7 d,
Apparel,menethinicwearsetsize,Size,35,35,2016-05-21T00:00,TUL,1.7 d,
Apparel,menethinicwearsetsize,Size,37,37,2016-05-21T00:00,TUL,1.7 d,
Apparel,menethinicwearsetsize,Size,3xl,3XL,2016-05-21T00:00,TUL,1.7 d,
Apparel,menethinicwearsetsize,Size,4xl,4XL,2016-05-21T00:00,TUL,1.7 d,
Apparel,menethinicwearsetsize,Size,5xl,5XL,2016-05-21T00:00,TUL,1.7 d,
Apparel,menethinicwearsetsize,Size,6xl,6XL,2016-05-21T00:00,TUL,1.7 d,
Apparel,menethinicwearsetsize,Size,l,L,2016-05-21T00:00,TUL,1.7 d,
Apparel,menethinicwearsetsize,Size,s,S,2016-05-21T00:00,TUL,1.7 d,
Apparel,menethinicwearsetsize,Size,xxl,XXL,2016-05-21T00:00,TUL,1.7 d,
Apparel,menethinicwearsetsize,Size,xxs,XXS,2016-05-21T00:00,TUL,1.7 d,
Apparel,menethinicwearsetsize,Size,38,38,2016-05-21T00:00,TUL,1.7 d,
Apparel,menethinicwearsetsize,Size,36,36,2016-05-21T00:00,TUL,1.7 d,
Apparel,menethinicwearsetsize,Size,44,44,2016-05-21T00:00,TUL,1.7 d,
Apparel,menethinicwearsetsize,Size,34,34,2016-05-21T00:00,TUL,1.7 d,
Apparel,menethinicwearsetsize,Size,xl,XL,2016-05-21T00:00,TUL,1.7 d,
Apparel,menethinicwearsetsize,Size,m,M,2016-05-21T00:00,TUL,1.7 d,
Apparel,menethinicwearsetsize,Size,50,50,2016-05-21T00:00,TUL,1.7 d,
Apparel,menethinicwearsetsize,Size,49,49,2016-05-21T00:00,TUL,1.7 d,
Apparel,menethinicwearsetsize,Size,48,48,2016-05-21T00:00,TUL,1.7 d,
Apparel,menethinicwearsetsize,Size,47,47,2016-05-21T00:00,TUL,1.7 d,
Apparel,menethinicwearsetsize,Size,39,39,2016-05-21T00:00,TUL,1.7 d,
Apparel,menethinicwearsetsize,Size,45,45,2016-05-21T00:00,TUL,1.7 d,
Apparel,menethinicwearsetsize,Size,43,43,2016-05-21T00:00,TUL,1.7 d,
Apparel,menethinicwearsetsize,Size,42,42,2016-05-21T00:00,TUL,1.7 d,
Apparel,menethinicwearsetsize,Size,41,41,2016-05-21T00:00,TUL,1.7 d,
Apparel,menethinicwearsetsize,Size,40,40,2016-05-21T00:00,TUL,1.7 d,
Apparel,menethinicwearsetsize,Size,46,46,2016-05-21T00:00,TUL,1.7 d,
Apparel,menethinicweartopwearsize,Size,xl,XL,2016-05-21T00:00,TUL,1.7 d,
Apparel,menethinicweartopwearsize,Size,34,34,2016-05-21T00:00,TUL,1.7 d,
Apparel,menethinicweartopwearsize,Size,36,36,2016-05-21T00:00,TUL,1.7 d,
Apparel,menethinicweartopwearsize,Size,35,35,2016-05-21T00:00,TUL,1.7 d,
Apparel,menethinicweartopwearsize,Size,37,37,2016-05-21T00:00,TUL,1.7 d,
Apparel,menethinicweartopwearsize,Size,xs,XS,2016-05-21T00:00,TUL,1.7 d,
Apparel,menethinicweartopwearsize,Size,3xl,3XL,2016-05-21T00:00,TUL,1.7 d,
Apparel,menethinicweartopwearsize,Size,4xl,4XL,2016-05-21T00:00,TUL,1.7 d,
Apparel,menethinicweartopwearsize,Size,5xl,5XL,2016-05-21T00:00,TUL,1.7 d,
Apparel,menethinicweartopwearsize,Size,6xl,6XL,2016-05-21T00:00,TUL,1.7 d,
Apparel,menethinicweartopwearsize,Size,l,L,2016-05-21T00:00,TUL,1.7 d,
Apparel,menethinicweartopwearsize,Size,s,S,2016-05-21T00:00,TUL,1.7 d,
Apparel,menethinicweartopwearsize,Size,xxl,XXL,2016-05-21T00:00,TUL,1.7 d,
Apparel,menethinicweartopwearsize,Size,xxs,XXS,2016-05-21T00:00,TUL,1.7 d,
Apparel,menethinicweartopwearsize,Size,38,38,2016-05-21T00:00,TUL,1.7 d,
Apparel,menethinicweartopwearsize,Size,39,39,2016-05-21T00:00,TUL,1.7 d,
Apparel,menethinicweartopwearsize,Size,40,40,2016-05-21T00:00,TUL,1.7 d,
Apparel,menethinicweartopwearsize,Size,41,41,2016-05-21T00:00,TUL,1.7 d,
Apparel,menethinicweartopwearsize,Size,42,42,2016-05-21T00:00,TUL,1.7 d,
Apparel,menethinicweartopwearsize,Size,43,43,2016-05-21T00:00,TUL,1.7 d,
Apparel,menethinicweartopwearsize,Size,44,44,2016-05-21T00:00,TUL,1.7 d,
Apparel,menethinicweartopwearsize,Size,45,45,2016-05-21T00:00,TUL,1.7 d,
Apparel,menethinicweartopwearsize,Size,46,46,2016-05-21T00:00,TUL,1.7 d,
Apparel,menethinicweartopwearsize,Size,47,47,2016-05-21T00:00,TUL,1.7 d,
Apparel,menethinicweartopwearsize,Size,48,48,2016-05-21T00:00,TUL,1.7 d,
Apparel,menethinicweartopwearsize,Size,49,49,2016-05-21T00:00,TUL,1.7 d,
Apparel,menethinicweartopwearsize,Size,50,50,2016-05-21T00:00,TUL,1.7 d,
Apparel,menethinicweartopwearsize,Size,m,M,2016-05-21T00:00,TUL,1.7 d,
Apparel,menfabric,Fabric Family,acrylic,Acrylic,2016-05-21T00:00,TUL,1.7 d,
Apparel,menfabric,Fabric Family,blend,Blend,2016-05-21T00:00,TUL,1.7 d,
Apparel,menfabric,Fabric Family,canvas,Canvas,2016-05-21T00:00,TUL,1.7 d,
Apparel,menfabric,Fabric Family,chambray,Chambray,2016-05-21T00:00,TUL,1.7 d,
Apparel,menfabric,Fabric Family,chiffon,Chiffon,2016-05-21T00:00,TUL,1.7 d,
Apparel,menfabric,Fabric Family,corduroy,Corduroy,2016-05-21T00:00,TUL,1.7 d,
Apparel,menfabric,Fabric Family,cotton,Cotton,2016-05-21T00:00,TUL,1.7 d,
Apparel,menfabric,Fabric Family,cottonjersey,Cotton Jersey,2016-05-21T00:00,TUL,1.7 d,
Apparel,menfabric,Fabric Family,cottonlycra,Cotton Lycra,2016-05-21T00:00,TUL,1.7 d,
Apparel,menfabric,Fabric Family,cottonpolyblend,Cotton Polyblend,2016-05-21T00:00,TUL,1.7 d,
Apparel,menfabric,Fabric Family,crochet,Crochet,2016-05-21T00:00,TUL,1.7 d,
Apparel,menfabric,Fabric Family,denim,Denim,2016-05-21T00:00,TUL,1.7 d,
Apparel,menfabric,Fabric Family,down,Down,2016-05-21T00:00,TUL,1.7 d,
Apparel,menfabric,Fabric Family,fauxfur,Faux Fur,2016-05-21T00:00,TUL,1.7 d,
Apparel,menfabric,Fabric Family,fauxleather,Faux leather,2016-05-21T00:00,TUL,1.7 d,
Apparel,menfabric,Fabric Family,fleece,Fleece,2016-05-21T00:00,TUL,1.7 d,
Apparel,menfabric,Fabric Family,leather,Leather,2016-05-21T00:00,TUL,1.7 d,
Apparel,menfabric,Fabric Family,linen,Linen,2016-05-21T00:00,TUL,1.7 d,
Apparel,menfabric,Fabric Family,mesh,Mesh,2016-05-21T00:00,TUL,1.7 d,
Apparel,menfabric,Fabric Family,microfibre,Microfibre,2016-05-21T00:00,TUL,1.7 d,
Apparel,menfabric,Fabric Family,modal,Modal,2016-05-21T00:00,TUL,1.7 d,
Apparel,menfabric,Fabric Family,nylon,Nylon,2016-05-21T00:00,TUL,1.7 d,
Apparel,menfabric,Fabric Family,pique,Pique,2016-05-21T00:00,TUL,1.7 d,
Apparel,menfabric,Fabric Family,polyamide,Polyamide,2016-05-21T00:00,TUL,1.7 d,
Apparel,menfabric,Fabric Family,polyster,Polyster,2016-05-21T00:00,TUL,1.7 d,
Apparel,menfabric,Fabric Family,polyurethane,Polyurethane,2016-05-21T00:00,TUL,1.7 d,
Apparel,menfabric,Fabric Family,ramie,Ramie,2016-05-21T00:00,TUL,1.7 d,
Apparel,menfabric,Fabric Family,rayon,Rayon,2016-05-21T00:00,TUL,1.7 d,
Apparel,menfabric,Fabric Family,satin,Satin,2016-05-21T00:00,TUL,1.7 d,
Apparel,menfabric,Fabric Family,seersucker,Seersucker,2016-05-21T00:00,TUL,1.7 d,
Apparel,menfabric,Fabric Family,silk,Silk,2016-05-21T00:00,TUL,1.7 d,
Apparel,menfabric,Fabric Family,synthetic,Synthetic,2016-05-21T00:00,TUL,1.7 d,
Apparel,menfabric,Fabric Family,taffeta,Taffeta,2016-05-21T00:00,TUL,1.7 d,
Apparel,menfabric,Fabric Family,terry,Terry,2016-05-21T00:00,TUL,1.7 d,
Apparel,menfabric,Fabric Family,terylene,Terylene,2016-05-21T00:00,TUL,1.7 d,
Apparel,menfabric,Fabric Family,tweed,Tweed,2016-05-21T00:00,TUL,1.7 d,
Apparel,menfabric,Fabric Family,twill,Twill,2016-05-21T00:00,TUL,1.7 d,
Apparel,menfabric,Fabric Family,velvet,Velvet,2016-05-21T00:00,TUL,1.7 d,
Apparel,menfabric,Fabric Family,viscose,Viscose,2016-05-21T00:00,TUL,1.7 d,
Apparel,menfabric,Fabric Family,viscoselycra,Viscose Lycra,2016-05-21T00:00,TUL,1.7 d,
Apparel,menfabric,Fabric Family,wool,Wool,2016-05-21T00:00,TUL,1.7 d,
Apparel,menformalbottomwearsize,Size,34,34,2016-05-21T00:00,TUL,1.7 d,
Apparel,menformalbottomwearsize,Size,39,39,2016-05-21T00:00,TUL,1.7 d,
Apparel,menformalbottomwearsize,Size,38,38,2016-05-21T00:00,TUL,1.7 d,
Apparel,menformalbottomwearsize,Size,40,40,2016-05-21T00:00,TUL,1.7 d,
Apparel,menformalbottomwearsize,Size,27,27,2016-05-21T00:00,TUL,1.7 d,
Apparel,menformalbottomwearsize,Size,29,29,2016-05-21T00:00,TUL,1.7 d,
Apparel,menformalbottomwearsize,Size,32,32,2016-05-21T00:00,TUL,1.7 d,
Apparel,menformalbottomwearsize,Size,33,33,2016-05-21T00:00,TUL,1.7 d,
Apparel,menformalbottomwearsize,Size,42,42,2016-05-21T00:00,TUL,1.7 d,
Apparel,menformalbottomwearsize,Size,44,44,2016-05-21T00:00,TUL,1.7 d,
Apparel,menformalbottomwearsize,Size,46,46,2016-05-21T00:00,TUL,1.7 d,
Apparel,menformalbottomwearsize,Size,48,48,2016-05-21T00:00,TUL,1.7 d,
Apparel,menformalbottomwearsize,Size,50,50,2016-05-21T00:00,TUL,1.7 d,
Apparel,menformalbottomwearsize,Size,3xl,3XL,2016-05-21T00:00,TUL,1.7 d,
Apparel,menformalbottomwearsize,Size,l,L,2016-05-21T00:00,TUL,1.7 d,
Apparel,menformalbottomwearsize,Size,m,M,2016-05-21T00:00,TUL,1.7 d,
Apparel,menformalbottomwearsize,Size,s,S,2016-05-21T00:00,TUL,1.7 d,
Apparel,menformalbottomwearsize,Size,xl,XL,2016-05-21T00:00,TUL,1.7 d,
Apparel,menformalbottomwearsize,Size,xxl,XXL,2016-05-21T00:00,TUL,1.7 d,
Apparel,menformalbottomwearsize,Size,freesize,Free Size,2016-05-21T00:00,TUL,1.7 d,
Apparel,menformalbottomwearsize,Size,28,28,2016-05-21T00:00,TUL,1.7 d,
Apparel,menformalbottomwearsize,Size,30,30,2016-05-21T00:00,TUL,1.7 d,
Apparel,menformalbottomwearsize,Size,31,31,2016-05-21T00:00,TUL,1.7 d,
Apparel,menformalbottomwearsize,Size,35,35,2016-05-21T00:00,TUL,1.7 d,
Apparel,menformalbottomwearsize,Size,37,37,2016-05-21T00:00,TUL,1.7 d,
Apparel,menformalbottomwearsize,Size,36,36,2016-05-21T00:00,TUL,1.7 d,
Apparel,menformalsetsuitcollarneck,Neck/Collar,roundneck,Round neck,2016-05-21T00:00,TUL,1.7 d,
Apparel,menformalsetsuitcollarneck,Neck/Collar,scoopneck,Scoop neck,2016-05-21T00:00,TUL,1.7 d,
Apparel,menformalsetsuitcollarneck,Neck/Collar,buttondowncollar,Button Down collar,2016-05-21T00:00,TUL,1.7 d,
Apparel,menformalsetsuitcollarneck,Neck/Collar,cutawaycollar,Cutaway Collar,2016-05-21T00:00,TUL,1.7 d,
Apparel,menformalsetsuitcollarneck,Neck/Collar,vneck,V neck,2016-05-21T00:00,TUL,1.7 d,
Apparel,menformalsetsuitcollarneck,Neck/Collar,henley,Henley,2016-05-21T00:00,TUL,1.7 d,
Apparel,menformalsetsuitcollarneck,Neck/Collar,hood,Hood,2016-05-21T00:00,TUL,1.7 d,
Apparel,menformalsetsuitcollarneck,Neck/Collar,mockcollar,Mock collar,2016-05-21T00:00,TUL,1.7 d,
Apparel,menformalsetsuitsize,Size,3xl,3XL,2016-05-21T00:00,TUL,1.7 d,
Apparel,menformalsetsuitsize,Size,37,37,2016-05-21T00:00,TUL,1.7 d,
Apparel,menformalsetsuitsize,Size,5xl,5XL,2016-05-21T00:00,TUL,1.7 d,
Apparel,menformalsetsuitsize,Size,6xl,6XL,2016-05-21T00:00,TUL,1.7 d,
Apparel,menformalsetsuitsize,Size,l,L,2016-05-21T00:00,TUL,1.7 d,
Apparel,menformalsetsuitsize,Size,s,S,2016-05-21T00:00,TUL,1.7 d,
Apparel,menformalsetsuitsize,Size,xxl,XXL,2016-05-21T00:00,TUL,1.7 d,
Apparel,menformalsetsuitsize,Size,xxs,XXS,2016-05-21T00:00,TUL,1.7 d,
Apparel,menformalsetsuitsize,Size,38,38,2016-05-21T00:00,TUL,1.7 d,
Apparel,menformalsetsuitsize,Size,39,39,2016-05-21T00:00,TUL,1.7 d,
Apparel,menformalsetsuitsize,Size,40,40,2016-05-21T00:00,TUL,1.7 d,
Apparel,menformalsetsuitsize,Size,41,41,2016-05-21T00:00,TUL,1.7 d,
Apparel,menformalsetsuitsize,Size,42,42,2016-05-21T00:00,TUL,1.7 d,
Apparel,menformalsetsuitsize,Size,43,43,2016-05-21T00:00,TUL,1.7 d,
Apparel,menformalsetsuitsize,Size,44,44,2016-05-21T00:00,TUL,1.7 d,
Apparel,menformalsetsuitsize,Size,45,45,2016-05-21T00:00,TUL,1.7 d,
Apparel,menformalsetsuitsize,Size,46,46,2016-05-21T00:00,TUL,1.7 d,
Apparel,menformalsetsuitsize,Size,47,47,2016-05-21T00:00,TUL,1.7 d,
Apparel,menformalsetsuitsize,Size,48,48,2016-05-21T00:00,TUL,1.7 d,
Apparel,menformalsetsuitsize,Size,49,49,2016-05-21T00:00,TUL,1.7 d,
Apparel,menformalsetsuitsize,Size,50,50,2016-05-21T00:00,TUL,1.7 d,
Apparel,menformalsetsuitsize,Size,m,M,2016-05-21T00:00,TUL,1.7 d,
Apparel,menformalsetsuitsize,Size,xl,XL,2016-05-21T00:00,TUL,1.7 d,
Apparel,menformalsetsuitsize,Size,34,34,2016-05-21T00:00,TUL,1.7 d,
Apparel,menformalsetsuitsize,Size,36,36,2016-05-21T00:00,TUL,1.7 d,
Apparel,menformalsetsuitsize,Size,35,35,2016-05-21T00:00,TUL,1.7 d,
Apparel,menformalsetsuitsize,Size,4xl,4XL,2016-05-21T00:00,TUL,1.7 d,
Apparel,menformaltopwearcollarneck,Neck/Collar,vneck,V neck,2016-05-21T00:00,TUL,1.7 d,
Apparel,menformaltopwearcollarneck,Neck/Collar,peterpancollar,Peter pan collar,2016-05-21T00:00,TUL,1.7 d,
Apparel,menformaltopwearcollarneck,Neck/Collar,buttondowncollar,Button Down collar,2016-05-21T00:00,TUL,1.7 d,
Apparel,menformaltopwearcollarneck,Neck/Collar,scoopneck,Scoop neck,2016-05-21T00:00,TUL,1.7 d,
Apparel,menformaltopwearcollarneck,Neck/Collar,roundneck,Round neck,2016-05-21T00:00,TUL,1.7 d,
Apparel,menformaltopwearcollarneck,Neck/Collar,mockcollar,Mock collar,2016-05-21T00:00,TUL,1.7 d,
Apparel,menformaltopwearcollarneck,Neck/Collar,hood,Hood,2016-05-21T00:00,TUL,1.7 d,
Apparel,menformaltopwearcollarneck,Neck/Collar,henley,Henley,2016-05-21T00:00,TUL,1.7 d,
Apparel,menformaltopwearcollarneck,Neck/Collar,other,Other,2016-05-21T00:00,TUL,1.7 d,
Apparel,menformaltopwearcollarneck,Neck/Collar,rollcollar,Roll collar,2016-05-21T00:00,TUL,1.7 d,
Apparel,menformaltopwearcollarneck,Neck/Collar,peakedlapel,Peaked lapel,2016-05-21T00:00,TUL,1.7 d,
Apparel,menformaltopwearcollarneck,Neck/Collar,notchedlapel,Notched lapel,2016-05-21T00:00,TUL,1.7 d,
Apparel,menformaltopwearcollarneck,Neck/Collar,mandarincollar,Mandarin collar,2016-05-21T00:00,TUL,1.7 d,
Apparel,menformaltopwearcollarneck,Neck/Collar,shirtcollar,Shirt collar,2016-05-21T00:00,TUL,1.7 d,
Apparel,menformaltopwearcollarneck,Neck/Collar,shawlcollar,Shawl collar,2016-05-21T00:00,TUL,1.7 d,
Apparel,menformaltopwearcollarneck,Neck/Collar,cutawaycollar,Cutaway Collar,2016-05-21T00:00,TUL,1.7 d,
Apparel,menformaltopwearsize,Size,m,M,2016-05-21T00:00,TUL,1.7 d,
Apparel,menformaltopwearsize,Size,xl,XL,2016-05-21T00:00,TUL,1.7 d,
Apparel,menformaltopwearsize,Size,xxs,XXS,2016-05-21T00:00,TUL,1.7 d,
Apparel,menformaltopwearsize,Size,38,38,2016-05-21T00:00,TUL,1.7 d,
Apparel,menformaltopwearsize,Size,39,39,2016-05-21T00:00,TUL,1.7 d,
Apparel,menformaltopwearsize,Size,40,40,2016-05-21T00:00,TUL,1.7 d,
Apparel,menformaltopwearsize,Size,41,41,2016-05-21T00:00,TUL,1.7 d,
Apparel,menformaltopwearsize,Size,42,42,2016-05-21T00:00,TUL,1.7 d,
Apparel,menformaltopwearsize,Size,43,43,2016-05-21T00:00,TUL,1.7 d,
Apparel,menformaltopwearsize,Size,44,44,2016-05-21T00:00,TUL,1.7 d,
Apparel,menformaltopwearsize,Size,50,50,2016-05-21T00:00,TUL,1.7 d,
Apparel,menformaltopwearsize,Size,49,49,2016-05-21T00:00,TUL,1.7 d,
Apparel,menformaltopwearsize,Size,48,48,2016-05-21T00:00,TUL,1.7 d,
Apparel,menformaltopwearsize,Size,47,47,2016-05-21T00:00,TUL,1.7 d,
Apparel,menformaltopwearsize,Size,46,46,2016-05-21T00:00,TUL,1.7 d,
Apparel,menformaltopwearsize,Size,37,37,2016-05-21T00:00,TUL,1.7 d,
Apparel,menformaltopwearsize,Size,35,35,2016-05-21T00:00,TUL,1.7 d,
Apparel,menformaltopwearsize,Size,36,36,2016-05-21T00:00,TUL,1.7 d,
Apparel,menformaltopwearsize,Size,34,34,2016-05-21T00:00,TUL,1.7 d,
Apparel,menformaltopwearsize,Size,xxl,XXL,2016-05-21T00:00,TUL,1.7 d,
Apparel,menformaltopwearsize,Size,s,S,2016-05-21T00:00,TUL,1.7 d,
Apparel,menformaltopwearsize,Size,l,L,2016-05-21T00:00,TUL,1.7 d,
Apparel,menformaltopwearsize,Size,6xl,6XL,2016-05-21T00:00,TUL,1.7 d,
Apparel,menformaltopwearsize,Size,5xl,5XL,2016-05-21T00:00,TUL,1.7 d,
Apparel,menformaltopwearsize,Size,45,45,2016-05-21T00:00,TUL,1.7 d,
Apparel,menformaltopwearsize,Size,3xl,3XL,2016-05-21T00:00,TUL,1.7 d,
Apparel,menformaltopwearsize,Size,4xl,4XL,2016-05-21T00:00,TUL,1.7 d,
Apparel,menformaltopwearsize,Size,menformaltopwearsize14p5,14.5,2016-06-15T00:00,TUL,1.7f,Added for TISPRD-2430
Apparel,menformaltopwearsize,Size,menformaltopwearsize15,15,2016-06-15T00:00,TUL,1.7f,Added for TISPRD-2430
Apparel,menformaltopwearsize,Size,menformaltopwearsize15p5,15.5,2016-06-15T00:00,TUL,1.7f,Added for TISPRD-2430
Apparel,menformaltopwearsize,Size,menformaltopwearsize16,16,2016-06-15T00:00,TUL,1.7f,Added for TISPRD-2430
Apparel,menformaltopwearsize,Size,menformaltopwearsize16p5,16.5,2016-06-15T00:00,TUL,1.7f,Added for TISPRD-2430
Apparel,menformaltopwearsize,Size,menformaltopwearsize17,17,2016-06-15T00:00,TUL,1.7f,Added for TISPRD-2430
Apparel,menformaltopwearsize,Size,menformaltopwearsize17p5,17.5,2016-06-15T00:00,TUL,1.7f,Added for TISPRD-2430
Apparel,menformaltopwearsize,Size,menformaltopwearsize18,18,2016-06-15T00:00,TUL,1.7f,Added for TISPRD-2430
Apparel,menformaltopwearsize,Size,menformaltopwearsize18p5,18.5,2016-06-15T00:00,TUL,1.7f,Added for TISPRD-2430
Apparel,menformaltopwearsize,Size,menformaltopwearsize19,19,2016-06-15T00:00,TUL,1.7f,Added for TISPRD-2430
Apparel,menformaltopwearsize,Size,menformaltopwearsize19p5,19.5,2016-06-15T00:00,TUL,1.7f,Added for TISPRD-2430
Apparel,menformaltopwearsize,Size,menformaltopwearsize20,20,2016-06-15T00:00,TUL,1.7f,Added for TISPRD-2430
Apparel,meninnerwearcollarneck,Neck/Collar,roundneck,Round neck,2016-05-21T00:00,TUL,1.7 d,
Apparel,meninnerwearcollarneck,Neck/Collar,vneck,V neck,2016-05-21T00:00,TUL,1.7 d,
Apparel,meninnerwearcollarneck,Neck/Collar,other,Other,2016-05-21T00:00,TUL,1.7 d,
Apparel,meninnerwearcollarneck,Neck/Collar,henley,Henley,2016-05-21T00:00,TUL,1.7 d,
Apparel,meninnerwearcollarneck,Neck/Collar,crewneck,Crew neck,2016-05-21T00:00,TUL,1.7 d,
Apparel,meninnerwearcollarneck,Neck/Collar,scoopneck,Scoop neck,2016-05-21T00:00,TUL,1.7 d,
Apparel,meninnerwearsize,Size,s,S,2016-05-21T00:00,TUL,1.7 d,
Apparel,meninnerwearsize,Size,xxl,XXL,2016-05-21T00:00,TUL,1.7 d,
Apparel,meninnerwearsize,Size,xxs,XXS,2016-05-21T00:00,TUL,1.7 d,
Apparel,meninnerwearsize,Size,38,38,2016-05-21T00:00,TUL,1.7 d,
Apparel,meninnerwearsize,Size,37,37,2016-05-21T00:00,TUL,1.7 d,
Apparel,meninnerwearsize,Size,40,40,2016-05-21T00:00,TUL,1.7 d,
Apparel,meninnerwearsize,Size,41,41,2016-05-21T00:00,TUL,1.7 d,
Apparel,meninnerwearsize,Size,42,42,2016-05-21T00:00,TUL,1.7 d,
Apparel,meninnerwearsize,Size,43,43,2016-05-21T00:00,TUL,1.7 d,
Apparel,meninnerwearsize,Size,44,44,2016-05-21T00:00,TUL,1.7 d,
Apparel,meninnerwearsize,Size,45,45,2016-05-21T00:00,TUL,1.7 d,
Apparel,meninnerwearsize,Size,46,46,2016-05-21T00:00,TUL,1.7 d,
Apparel,meninnerwearsize,Size,47,47,2016-05-21T00:00,TUL,1.7 d,
Apparel,meninnerwearsize,Size,48,48,2016-05-21T00:00,TUL,1.7 d,
Apparel,meninnerwearsize,Size,49,49,2016-05-21T00:00,TUL,1.7 d,
Apparel,meninnerwearsize,Size,50,50,2016-05-21T00:00,TUL,1.7 d,
Apparel,meninnerwearsize,Size,m,M,2016-05-21T00:00,TUL,1.7 d,
Apparel,meninnerwearsize,Size,xl,XL,2016-05-21T00:00,TUL,1.7 d,
Apparel,meninnerwearsize,Size,36,36,2016-05-21T00:00,TUL,1.7 d,
Apparel,meninnerwearsize,Size,35,35,2016-05-21T00:00,TUL,1.7 d,
Apparel,meninnerwearsize,Size,l,L,2016-05-21T00:00,TUL,1.7 d,
Apparel,meninnerwearsize,Size,6xl,6XL,2016-05-21T00:00,TUL,1.7 d,
Apparel,meninnerwearsize,Size,5xl,5XL,2016-05-21T00:00,TUL,1.7 d,
Apparel,meninnerwearsize,Size,4xl,4XL,2016-05-21T00:00,TUL,1.7 d,
Apparel,meninnerwearsize,Size,3xl,3XL,2016-05-21T00:00,TUL,1.7 d,
Apparel,meninnerwearsize,Size,34,34,2016-05-21T00:00,TUL,1.7 d,
Apparel,meninnerwearsize,Size,39,39,2016-05-21T00:00,TUL,1.7 d,
Apparel,meninnerwearsize,Size,meninnerwearsize28,28,2016-06-23T00:00,TUL,1.7h,LOV added as part of TISPRD-3116
Apparel,meninnerwearsize,Size,meninnerwearsize32,32,2016-06-23T00:00,TUL,1.7h,LOV added as part of TISPRD-3116
Apparel,meninnerwearsize,Size,meninnerwearsize36,36,2016-06-23T00:00,TUL,1.7h,LOV added as part of TISPRD-3116
Apparel,meninnerwearsize,Size,meninnerwearsize30,30,2016-06-23T00:00,TUL,1.7h,LOV added as part of TISPRD-3116
Apparel,menpattern,Pattern,tribal,Tribal,2016-05-21T00:00,TUL,1.7 d,
Apparel,menpattern,Pattern,other,Other,2016-05-21T00:00,TUL,1.7 d,
Apparel,menpattern,Pattern,embroidery,Embroidery,2016-05-21T00:00,TUL,1.7 d,
Apparel,menpattern,Pattern,floral,Floral,2016-05-21T00:00,TUL,1.7 d,
Apparel,menpattern,Pattern,others,Others,2016-05-21T00:00,TUL,1.7 d,
Apparel,menpattern,Pattern,print,Print,2016-05-21T00:00,TUL,1.7 d,
Apparel,menpattern,Pattern,solid,Solid,2016-05-21T00:00,TUL,1.7 d,
Apparel,menpattern,Pattern,stripes,Stripes,2016-05-21T00:00,TUL,1.7 d,
Apparel,menpattern,Pattern,embellished,Embellished,2016-05-21T00:00,TUL,1.7 d,
Apparel,menpattern,Pattern,self,Self,2016-05-21T00:00,TUL,1.7 d,
Apparel,menpattern,Pattern,graphic,Graphic,2016-05-21T00:00,TUL,1.7 d,
Apparel,menpattern,Pattern,logo,Logo,2016-05-21T00:00,TUL,1.7 d,
Apparel,menpattern,Pattern,geometric,Geometric,2016-05-21T00:00,TUL,1.7 d,
Apparel,menpattern,Pattern,polkadot,Polka Dot,2016-05-21T00:00,TUL,1.7 d,
Apparel,menpattern,Pattern,animalprint,Animal Print,2016-05-21T00:00,TUL,1.7 d,
Apparel,menpattern,Pattern,quilted,Quilted,2016-05-21T00:00,TUL,1.7 d,
Apparel,menpattern,Pattern,tie-dye,Tie - Dye,2016-05-21T00:00,TUL,1.7 d,
Apparel,menpattern,Pattern,pinstripes,Pin Stripes,2016-05-21T00:00,TUL,1.7 d,
Apparel,menpattern,Pattern,ombre,Ombre,2016-05-21T00:00,TUL,1.7 d,
Apparel,menpattern,Pattern,plaid,Plaid,2016-05-21T00:00,TUL,1.7 d,
Apparel,menpattern,Pattern,tropical,Tropical,2016-05-21T00:00,TUL,1.7 d,
Apparel,menpattern,Pattern,distressed,Distressed,2016-05-21T00:00,TUL,1.7 d,
Apparel,menpattern,Pattern,paisley,Paisley,2016-05-21T00:00,TUL,1.7 d,
Apparel,menpattern,Pattern,aztec,Aztec,2016-05-21T00:00,TUL,1.7 d,
Apparel,menpattern,Pattern,chevron,Chevron,2016-05-21T00:00,TUL,1.7 d,
Apparel,menpattern,Pattern,gingham,Gingham,2016-05-21T00:00,TUL,1.7 d,
Apparel,menpattern,Pattern,metallic,Metallic,2016-05-21T00:00,TUL,1.7 d,
Apparel,menpattern,Pattern,houndstooth,Houndstooth,2016-05-21T00:00,TUL,1.7 d,
Apparel,menpattern,Pattern,camo,Camo,2016-05-21T00:00,TUL,1.7 d,
Apparel,menpattern,Pattern,heart,Heart,2016-05-21T00:00,TUL,1.7 d,
Apparel,menpattern,Pattern,jacquard,Jacquard,2016-05-21T00:00,TUL,1.7 d,
Apparel,menpattern,Pattern,lace,Lace,2016-05-21T00:00,TUL,1.7 d,
Apparel,menpattern,Pattern,brocade,Brocade,2016-05-21T00:00,TUL,1.7 d,
Apparel,menpattern,Pattern,abstract,Abstract,2016-05-21T00:00,TUL,1.7 d,
Apparel,menpattern,Pattern,patchwork,Patchwork,2016-05-21T00:00,TUL,1.7 d,
Apparel,menpattern,Pattern,argyle,Argyle,2016-05-21T00:00,TUL,1.7 d,
Apparel,menpattern,Pattern,crochet,Crochet,2016-05-21T00:00,TUL,1.7 d,
Apparel,menpattern,Pattern,herringbone,Herringbone,2016-05-21T00:00,TUL,1.7 d,
Apparel,menpattern,Pattern,checks,Checks,2016-05-21T00:00,TUL,1.7 d,
Apparel,mensleepwearsize,Size,s,S,2016-05-21T00:00,TUL,1.7 d,
Apparel,mensleepwearsize,Size,xxl,XXL,2016-05-21T00:00,TUL,1.7 d,
Apparel,mensleepwearsize,Size,xxs,XXS,2016-05-21T00:00,TUL,1.7 d,
Apparel,mensleepwearsize,Size,38,38,2016-05-21T00:00,TUL,1.7 d,
Apparel,mensleepwearsize,Size,39,39,2016-05-21T00:00,TUL,1.7 d,
Apparel,mensleepwearsize,Size,40,40,2016-05-21T00:00,TUL,1.7 d,
Apparel,mensleepwearsize,Size,41,41,2016-05-21T00:00,TUL,1.7 d,
Apparel,mensleepwearsize,Size,42,42,2016-05-21T00:00,TUL,1.7 d,
Apparel,mensleepwearsize,Size,43,43,2016-05-21T00:00,TUL,1.7 d,
Apparel,mensleepwearsize,Size,44,44,2016-05-21T00:00,TUL,1.7 d,
Apparel,mensleepwearsize,Size,45,45,2016-05-21T00:00,TUL,1.7 d,
Apparel,mensleepwearsize,Size,46,46,2016-05-21T00:00,TUL,1.7 d,
Apparel,mensleepwearsize,Size,47,47,2016-05-21T00:00,TUL,1.7 d,
Apparel,mensleepwearsize,Size,48,48,2016-05-21T00:00,TUL,1.7 d,
Apparel,mensleepwearsize,Size,49,49,2016-05-21T00:00,TUL,1.7 d,
Apparel,mensleepwearsize,Size,50,50,2016-05-21T00:00,TUL,1.7 d,
Apparel,mensleepwearsize,Size,m,M,2016-05-21T00:00,TUL,1.7 d,
Apparel,mensleepwearsize,Size,xl,XL,2016-05-21T00:00,TUL,1.7 d,
Apparel,mensleepwearsize,Size,34,34,2016-05-21T00:00,TUL,1.7 d,
Apparel,mensleepwearsize,Size,36,36,2016-05-21T00:00,TUL,1.7 d,
Apparel,mensleepwearsize,Size,35,35,2016-05-21T00:00,TUL,1.7 d,
Apparel,mensleepwearsize,Size,37,37,2016-05-21T00:00,TUL,1.7 d,
Apparel,mensleepwearsize,Size,3xl,3XL,2016-05-21T00:00,TUL,1.7 d,
Apparel,mensleepwearsize,Size,4xl,4XL,2016-05-21T00:00,TUL,1.7 d,
Apparel,mensleepwearsize,Size,5xl,5XL,2016-05-21T00:00,TUL,1.7 d,
Apparel,mensleepwearsize,Size,6xl,6XL,2016-05-21T00:00,TUL,1.7 d,
Apparel,mensleepwearsize,Size,l,L,2016-05-21T00:00,TUL,1.7 d,
Apparel,mensleeve,Sleeve,3by4thsleeves,3/4th sleeves,2016-05-21T00:00,TUL,1.7 d,
Apparel,mensleeve,Sleeve,fullsleeves,Full Sleeves,2016-05-21T00:00,TUL,1.7 d,
Apparel,mensleeve,Sleeve,shortsleeves,Short sleeves,2016-05-21T00:00,TUL,1.7 d,
Apparel,mensleeve,Sleeve,sleeveless,Sleeveless,2016-05-21T00:00,TUL,1.7 d,
Apparel,mensleeve,Sleeve,shoulderstraps,Shoulder straps,2016-05-21T00:00,TUL,1.7 d,
Apparel,mensleeve,Sleeve,halfsleeves,Half Sleeves,2016-05-21T00:00,TUL,1.7 d,
Apparel,mensleeve,Sleeve,capsleeves,Cap sleeves,2016-05-21T00:00,TUL,1.7 d,
Apparel,mensleeve,Sleeve,puffsleeve,Puff Sleeve,2016-05-21T00:00,TUL,1.7 d,
Apparel,mensleeve,Sleeve,elbowsleeves,Elbow sleeves,2016-05-21T00:00,TUL,1.7 d,
Apparel,mensleeve,Sleeve,magyarsleeves,Magyar Sleeves,2016-05-21T00:00,TUL,1.7 d,
Apparel,multipack,Multi Pack,no,No,2016-05-21T00:00,TUL,1.7 d,
Apparel,multipack,Multi Pack,yes,Yes,2016-05-21T00:00,TUL,1.7 d,
Apparel,nightweartype,Nightwear Type,caprissets,Capris Sets,2016-05-21T00:00,TUL,1.7 d,
Apparel,nightweartype,Nightwear Type,nightgown,Night Gown,2016-05-21T00:00,TUL,1.7 d,
Apparel,nightweartype,Nightwear Type,pyjamasets,Pyjama Sets,2016-05-21T00:00,TUL,1.7 d,
Apparel,nightweartype,Nightwear Type,robe,Robe,2016-05-21T00:00,TUL,1.7 d,
Apparel,nightweartype,Nightwear Type,shortsets,Short Sets,2016-05-21T00:00,TUL,1.7 d,
Apparel,nightweartype,Nightwear Type,sleeptees,Sleep Tees,2016-05-21T00:00,TUL,1.7 d,
Apparel,nightweartype,Nightwear Type,pyjamas,Pyjamas,2016-05-21T00:00,TUL,1.7 d,
Apparel,nightweartype,Nightwear Type,singlets,Singlets,2016-05-21T00:00,TUL,1.7 d,
Apparel,nightweartype,Nightwear Type,chamize,Chamize,2016-05-21T00:00,TUL,1.7 d,
Apparel,nightweartype,Nightwear Type,nighties,Nighties,2016-05-21T00:00,TUL,1.7 d,
Apparel,nightweartype,Nightwear Type,shorts,Shorts,2016-05-21T00:00,TUL,1.7 d,
Apparel,nightweartype,Nightwear Type,nightshirts,Night Shirts,2016-05-21T00:00,TUL,1.7 d,
Apparel,nightweartype,Nightwear Type,capris,Capris,2016-05-21T00:00,TUL,1.7 d,
Apparel,nightweartype,Nightwear Type,babydolls,Baby Dolls,2016-05-21T00:00,TUL,1.7 d,
Apparel,occasion,Occasion,ethnicwear,Ethnic Wear,2016-05-21T00:00,TUL,1.7 d,
Apparel,occasion,Occasion,casualwear,Casual Wear,2016-05-21T00:00,TUL,1.7 d,
Apparel,occasion,Occasion,workwear,Work Wear,2016-05-21T00:00,TUL,1.7 d,
Apparel,occasion,Occasion,collegelook,College Look,2016-05-21T00:00,TUL,1.7 d,
Apparel,occasion,Occasion,weddingwear,Wedding Wear,2016-05-21T00:00,TUL,1.7 d,
Apparel,occasion,Occasion,partyclubwear,Party & Club Wear,2016-05-21T00:00,TUL,1.7 d,
Apparel,occasion,Occasion,eveningwear,Evening Wear,2016-05-21T00:00,TUL,1.7 d,
Apparel,padding,Padding,padded,Padded,2016-05-21T00:00,TUL,1.7 d,
Apparel,padding,Padding,nontopadded,Non-padded,2016-05-21T00:00,TUL,1.7 d,
Apparel,setitems,Set Items,kurtsalwchurddupata,Kurta/Salwaar/Churidar & Dupatta,2016-05-21T00:00,TUL,1.7 d,
Apparel,setitems,Set Items,kurtadupatta,Kurta & Dupatta,2016-05-21T00:00,TUL,1.7 d,
Apparel,setitems,Set Items,dupatasalwbychuridar,Dupatta & Salwaar/Churidar,2016-05-21T00:00,TUL,1.7 d,
Apparel,setitems,Set Items,kurtasalwbychuridar,Kurta & Salwaar/Churidar,2016-05-21T00:00,TUL,1.7 d,
Apparel,skirtlength,Skirt Length,belowknee,Below knee,2016-05-21T00:00,TUL,1.7 d,
Apparel,skirtlength,Skirt Length,aboveknee,Above knee,2016-05-21T00:00,TUL,1.7 d,
Apparel,skirtlength,Skirt Length,kneelength,Knee length,2016-05-21T00:00,TUL,1.7 d,
Apparel,skirtlength,Skirt Length,maxi,Maxi,2016-05-21T00:00,TUL,1.7 d,
Apparel,skirtlength,Skirt Length,mini,Mini,2016-05-21T00:00,TUL,1.7 d,
Apparel,skirtlength,Skirt Length,other,Other,2016-05-21T00:00,TUL,1.7 d,
Apparel,skirtlength,Skirt Length,midi,Midi,2016-05-21T00:00,TUL,1.7 d,
Apparel,skirtshape,Skirt Shape,wrap,Wrap,2016-05-21T00:00,TUL,1.7 d,
Apparel,skirtshape,Skirt Shape,other,Other,2016-05-21T00:00,TUL,1.7 d,
Apparel,skirtshape,Skirt Shape,atolinedress,A-Line dress,2016-05-21T00:00,TUL,1.7 d,
Apparel,skirtshape,Skirt Shape,blousondress,Blouson dress,2016-05-21T00:00,TUL,1.7 d,
Apparel,skirtshape,Skirt Shape,empiretolinedress,Empire-line dress,2016-05-21T00:00,TUL,1.7 d,
Apparel,skirtshape,Skirt Shape,hightolowdress,High-low dress,2016-05-21T00:00,TUL,1.7 d,
Apparel,skirtshape,Skirt Shape,maxidress,Maxi dress,2016-05-21T00:00,TUL,1.7 d,
Apparel,skirtshape,Skirt Shape,onetoshoulderdress,One-shoulder dress,2016-05-21T00:00,TUL,1.7 d,
Apparel,skirtshape,Skirt Shape,peplumdress,Peplum dress,2016-05-21T00:00,TUL,1.7 d,
Apparel,skirtshape,Skirt Shape,scooter,Scooter,2016-05-21T00:00,TUL,1.7 d,
Apparel,skirtshape,Skirt Shape,pencil,Pencil,2016-05-21T00:00,TUL,1.7 d,
Apparel,skirtshape,Skirt Shape,skort,Skort,2016-05-21T00:00,TUL,1.7 d,
Apparel,skirtshape,Skirt Shape,lehenga,Lehenga,2016-05-21T00:00,TUL,1.7 d,
Apparel,skirtshape,Skirt Shape,circular,Circular,2016-05-21T00:00,TUL,1.7 d,
Apparel,skirtshape,Skirt Shape,tutu,Tutu,2016-05-21T00:00,TUL,1.7 d,
Apparel,skirtshape,Skirt Shape,assymetricdress,Assymetric dress,2016-05-21T00:00,TUL,1.7 d,
Apparel,skirtshape,Skirt Shape,bodycondress,Bodycon dress,2016-05-21T00:00,TUL,1.7 d,
Apparel,skirtshape,Skirt Shape,tubedress,Tube dress,2016-05-21T00:00,TUL,1.7 d,
Apparel,skirtshape,Skirt Shape,skaterdress,Skater dress,2016-05-21T00:00,TUL,1.7 d,
Apparel,skirtshape,Skirt Shape,shiftdress,Shift dress,2016-05-21T00:00,TUL,1.7 d,
Apparel,skirtshape,Skirt Shape,shirtdress,Shirt dress,2016-05-21T00:00,TUL,1.7 d,
Apparel,sleepwearcoverage,Length,short,Short,2016-05-21T00:00,TUL,1.7 d,
Apparel,sleepwearcoverage,Length,caprilength,Capri Length,2016-05-21T00:00,TUL,1.7 d,
Apparel,sleepwearcoverage,Length,fulllength,Full length,2016-05-21T00:00,TUL,1.7 d,
Apparel,sleepwearcoverage,Length,kneelength,Knee length,2016-05-21T00:00,TUL,1.7 d,
Apparel,trousertype,Trouser Type,chinos,Chinos,2016-05-21T00:00,TUL,1.7 d,
Apparel,trousertype,Trouser Type,salwar,Salwar,2016-05-21T00:00,TUL,1.7 d,
Apparel,trousertype,Trouser Type,churidar,Churidar,2016-05-21T00:00,TUL,1.7 d,
Apparel,trousertype,Trouser Type,elasticated,Elasticated,2016-05-21T00:00,TUL,1.7 d,
Apparel,trousertype,Trouser Type,drawstring,Drawstring,2016-05-21T00:00,TUL,1.7 d,
Apparel,trousertype,Trouser Type,gathered,Gathered,2016-05-21T00:00,TUL,1.7 d,
Apparel,trousertype,Trouser Type,rouched,Rouched,2016-05-21T00:00,TUL,1.7 d,
Apparel,trousertype,Trouser Type,bermudas,Bermudas,2016-05-21T00:00,TUL,1.7 d,
Apparel,trousertype,Trouser Type,pyjamas,Pyjamas,2016-05-21T00:00,TUL,1.7 d,
Apparel,trousertype,Trouser Type,capris,Capris,2016-05-21T00:00,TUL,1.7 d,
Apparel,trousertype,Trouser Type,trackpants,Trackpants,2016-05-21T00:00,TUL,1.7 d,
Apparel,trousertype,Trouser Type,joggers,Joggers,2016-05-21T00:00,TUL,1.7 d,
Apparel,trousertype,Trouser Type,cargos,Cargos,2016-05-21T00:00,TUL,1.7 d,
Apparel,trousertype,Trouser Type,pleated,Pleated,2016-05-21T00:00,TUL,1.7 d,
Apparel,trousertype,Trouser Type,other,Other,2016-05-21T00:00,TUL,1.7 d,
Apparel,trousertype,Trouser Type,flatfronttrousers,Flat front trousers,2016-05-21T00:00,TUL,1.7 d,
Apparel,tshirttype,Tshirt Type,other,Other,2016-05-21T00:00,TUL,1.7 d,
Apparel,tshirttype,Tshirt Type,shortkurta,Short Kurta,2016-05-21T00:00,TUL,1.7 d,
Apparel,tshirttype,Tshirt Type,longkurta,Long Kurta,2016-05-21T00:00,TUL,1.7 d,
Apparel,tshirttype,Tshirt Type,overlap,Overlap,2016-05-21T00:00,TUL,1.7 d,
Apparel,tshirttype,Tshirt Type,highlow,High Low,2016-05-21T00:00,TUL,1.7 d,
Apparel,tshirttype,Tshirt Type,peplum,Peplum,2016-05-21T00:00,TUL,1.7 d,
Apparel,tshirttype,Tshirt Type,crewttoshirt,Crew T-shirt,2016-05-21T00:00,TUL,1.7 d,
Apparel,tshirttype,Tshirt Type,a-line,A-Line,2016-05-21T00:00,TUL,1.7 d,
Apparel,tshirttype,Tshirt Type,box,Box,2016-05-21T00:00,TUL,1.7 d,
Apparel,tshirttype,Tshirt Type,turtleneck,Turtle neck,2016-05-21T00:00,TUL,1.7 d,
Apparel,tshirttype,Tshirt Type,vtoneck,V-neck,2016-05-21T00:00,TUL,1.7 d,
Apparel,tshirttype,Tshirt Type,polo,Polo,2016-05-21T00:00,TUL,1.7 d,
Apparel,tshirttype,Tshirt Type,henley,Henley,2016-05-21T00:00,TUL,1.7 d,
Apparel,tshirttype,Tshirt Type,chemise,Chemise,2016-05-21T00:00,TUL,1.7 d,
Apparel,unisexapparel,Unisex,no,No,2016-05-21T00:00,TUL,1.7 d,
Apparel,unisexapparel,Unisex,yes,Yes,2016-05-21T00:00,TUL,1.7 d,
Apparel,waistrise,Waist Rise,lowrise,Low rise,2016-05-21T00:00,TUL,1.7 d,
Apparel,waistrise,Waist Rise,highrise,High rise,2016-05-21T00:00,TUL,1.7 d,
Apparel,waistrise,Waist Rise,midrise,Mid rise,2016-05-21T00:00,TUL,1.7 d,
Apparel,wiring,Wiring,nontowired,Non-wired,2016-05-21T00:00,TUL,1.7 d,
Apparel,wiring,Wiring,undertowired,Under-wired,2016-05-21T00:00,TUL,1.7 d,
Apparel,withblouse,With Blouse,yes,Yes,2016-05-21T00:00,TUL,1.7 d,
Apparel,withblouse,With Blouse,no,No,2016-05-21T00:00,TUL,1.7 d,
Apparel,womenbottomwearfit,Fit,bootcut,Bootcut,2016-05-21T00:00,TUL,1.7 d,
Apparel,womenbottomwearfit,Fit,boyfriendfit,Boyfriend fit,2016-05-21T00:00,TUL,1.7 d,
Apparel,womenbottomwearfit,Fit,comfortfit,Comfort fit,2016-05-21T00:00,TUL,1.7 d,
Apparel,womenbottomwearfit,Fit,regularfit,Regular fit,2016-05-21T00:00,TUL,1.7 d,
Apparel,womenbottomwearfit,Fit,superskinnyfit,Super skinny fit,2016-05-21T00:00,TUL,1.7 d,
Apparel,womenbottomwearfit,Fit,skinnyfit,Skinny fit,2016-05-21T00:00,TUL,1.7 d,
Apparel,womenbottomwearfit,Fit,slimfit,Slim fit,2016-05-21T00:00,TUL,1.7 d,
Apparel,womenbottomwearfit,Fit,straightfit,Straight fit,2016-05-21T00:00,TUL,1.7 d,
Apparel,womenbottomwearfit,Fit,relaxedfit,Relaxed Fit,2016-05-21T00:00,TUL,1.7 d,
Apparel,womenbrapattern,Pattern,solid,Solid,2016-05-21T00:00,TUL,1.7 d,
Apparel,womenbrapattern,Pattern,lace,Lace,2016-05-21T00:00,TUL,1.7 d,
Apparel,womenbrapattern,Pattern,self,Self,2016-05-21T00:00,TUL,1.7 d,
Apparel,womenbrapattern,Pattern,striped,Striped,2016-05-21T00:00,TUL,1.7 d,
Apparel,womenbrapattern,Pattern,printed,Printed,2016-05-21T00:00,TUL,1.7 d,
Apparel,womenbriefpattern,Pattern,self,Self,2016-05-21T00:00,TUL,1.7 d,
Apparel,womenbriefpattern,Pattern,striped,Striped,2016-05-21T00:00,TUL,1.7 d,
Apparel,womenbriefpattern,Pattern,printed,Printed,2016-05-21T00:00,TUL,1.7 d,
Apparel,womenbriefpattern,Pattern,solid,Solid,2016-05-21T00:00,TUL,1.7 d,
Apparel,womenbriefpattern,Pattern,lace,Lace,2016-05-21T00:00,TUL,1.7 d,
Apparel,womenbrieftype,Brief Type,bikini,Bikini,2016-05-21T00:00,TUL,1.7 d,
Apparel,womenbrieftype,Brief Type,hipster,Hipster,2016-05-21T00:00,TUL,1.7 d,
Apparel,womenbrieftype,Brief Type,gtostring,G-string,2016-05-21T00:00,TUL,1.7 d,
Apparel,womenbrieftype,Brief Type,stringbikini,String Bikini,2016-05-21T00:00,TUL,1.7 d,
Apparel,womenbrieftype,Brief Type,thong,Thong,2016-05-21T00:00,TUL,1.7 d,
Apparel,womenbrieftype,Brief Type,boyshorts,Boy shorts,2016-05-21T00:00,TUL,1.7 d,
Apparel,womencasualbottomwearjeanslowersize,Size,6-9m,6 - 9 Months,2016-05-21T00:00,TUL,1.7 d,
Apparel,womencasualbottomwearjeanslowersize,Size,9-12m,9 - 12 Months,2016-05-21T00:00,TUL,1.7 d,
Apparel,womencasualbottomwearjeanslowersize,Size,12-18m,12 - 18 Months,2016-05-21T00:00,TUL,1.7 d,
Apparel,womencasualbottomwearjeanslowersize,Size,18-24m,18 - 24 Months,2016-05-21T00:00,TUL,1.7 d,
Apparel,womencasualbottomwearjeanslowersize,Size,24-48m,24 - 48 Months,2016-05-21T00:00,TUL,1.7 d,
Apparel,womencasualbottomwearjeanslowersize,Size,19inches,19 Inches,2016-05-21T00:00,TUL,1.7 d,
Apparel,womencasualbottomwearjeanslowersize,Size,19.5inches,19.5 Inches,2016-05-21T00:00,TUL,1.7 d,
Apparel,womencasualbottomwearjeanslowersize,Size,20inches,20 Inches,2016-05-21T00:00,TUL,1.7 d,
Apparel,womencasualbottomwearjeanslowersize,Size,20.5inches,20.5 Inches,2016-05-21T00:00,TUL,1.7 d,
Apparel,womencasualbottomwearjeanslowersize,Size,21inches,21 Inches,2016-05-21T00:00,TUL,1.7 d,
Apparel,womencasualbottomwearjeanslowersize,Size,21.5inches,21.5 Inches,2016-05-21T00:00,TUL,1.7 d,
Apparel,womencasualbottomwearjeanslowersize,Size,22inches,22 Inches,2016-05-21T00:00,TUL,1.7 d,
Apparel,womencasualbottomwearjeanslowersize,Size,22-22.5inches,22 - 22.5 Inches,2016-05-21T00:00,TUL,1.7 d,
Apparel,womencasualbottomwearjeanslowersize,Size,22.5-23inches,22.5 - 23 Inches,2016-05-21T00:00,TUL,1.7 d,
Apparel,womencasualbottomwearjeanslowersize,Size,23.5-24inches,23.5 - 24 Inches,2016-05-21T00:00,TUL,1.7 d,
Apparel,womencasualbottomwearjeanslowersize,Size,24.5-25inches,24.5 - 25 Inches,2016-05-21T00:00,TUL,1.7 d,
Apparel,womencasualbottomwearjeanslowersize,Size,25.5-26inches,25.5 - 26 Inches,2016-05-21T00:00,TUL,1.7 d,
Apparel,womencasualbottomwearjeanslowersize,Size,26.5-27inches,26.5 - 27 Inches,2016-05-21T00:00,TUL,1.7 d,
Apparel,womencasualbottomwearjeanslowersize,Size,27.5-28inches,27.5 - 28 Inches,2016-05-21T00:00,TUL,1.7 d,
Apparel,womencasualbottomwearjeanslowersize,Size,28.5-29inches,28.5 - 29 Inches,2016-05-21T00:00,TUL,1.7 d,
Apparel,womencasualbottomwearjeanslowersize,Size,29.5-30inches,29.5 - 30 Inches,2016-05-21T00:00,TUL,1.7 d,
Apparel,womencasualbottomwearjeanslowersize,Size,48cms,48 cms,2016-05-21T00:00,TUL,1.7 d,
Apparel,womencasualbottomwearjeanslowersize,Size,49.5cms,49.5 cms,2016-05-21T00:00,TUL,1.7 d,
Apparel,womencasualbottomwearjeanslowersize,Size,51cms,51 cms,2016-05-21T00:00,TUL,1.7 d,
Apparel,womencasualbottomwearjeanslowersize,Size,52cms,52 cms,2016-05-21T00:00,TUL,1.7 d,
Apparel,womencasualbottomwearjeanslowersize,Size,53.5cms,53.5 cms,2016-05-21T00:00,TUL,1.7 d,
Apparel,womencasualbottomwearjeanslowersize,Size,54.5cms,54.5 cms,2016-05-21T00:00,TUL,1.7 d,
Apparel,womencasualbottomwearjeanslowersize,Size,54.5-56cms,54.5 - 56 cms,2016-05-21T00:00,TUL,1.7 d,
Apparel,womencasualbottomwearjeanslowersize,Size,56cms,56 cms,2016-05-21T00:00,TUL,1.7 d,
Apparel,womencasualbottomwearjeanslowersize,Size,57cms,57 cms,2016-05-21T00:00,TUL,1.7 d,
Apparel,womencasualbottomwearjeanslowersize,Size,58.5cms,58.5 cms,2016-05-21T00:00,TUL,1.7 d,
Apparel,womencasualbottomwearjeanslowersize,Size,59.5-61cms,59.5 - 61 cms,2016-05-21T00:00,TUL,1.7 d,
Apparel,womencasualbottomwearjeanslowersize,Size,62.5-63cms,62.5 - 63 cms,2016-05-21T00:00,TUL,1.7 d,
Apparel,womencasualbottomwearjeanslowersize,Size,64.5-66cms,64.5 - 66 cms,2016-05-21T00:00,TUL,1.7 d,
Apparel,womencasualbottomwearjeanslowersize,Size,xxs,XXS,2016-05-21T00:00,TUL,1.7 d,
Apparel,womencasualbottomwearjeanslowersize,Size,xs,XS,2016-05-21T00:00,TUL,1.7 d,
Apparel,womencasualbottomwearjeanslowersize,Size,s,S,2016-05-21T00:00,TUL,1.7 d,
Apparel,womencasualbottomwearjeanslowersize,Size,m,M,2016-05-21T00:00,TUL,1.7 d,
Apparel,womencasualbottomwearjeanslowersize,Size,l,L,2016-05-21T00:00,TUL,1.7 d,
Apparel,womencasualbottomwearjeanslowersize,Size,xxl,XXL,2016-05-21T00:00,TUL,1.7 d,
Apparel,womencasualbottomwearjeanslowersize,Size,3xl,3XL,2016-05-21T00:00,TUL,1.7 d,
Apparel,womencasualbottomwearjeanslowersize,Size,4xl,4XL,2016-05-21T00:00,TUL,1.7 d,
Apparel,womencasualbottomwearjeanslowersize,Size,5xl,5XL,2016-05-21T00:00,TUL,1.7 d,
Apparel,womencasualbottomwearjeanslowersize,Size,6xl,6XL,2016-05-21T00:00,TUL,1.7 d,
Apparel,womencasualbottomwearjeanslowersize,Size,freesize,Free Size,2016-05-21T00:00,TUL,1.7 d,
Apparel,womencasualbottomwearjeanslowersize,Size,22,22,2016-05-21T00:00,TUL,1.7 d,
Apparel,womencasualbottomwearjeanslowersize,Size,23,23,2016-05-21T00:00,TUL,1.7 d,
Apparel,womencasualbottomwearjeanslowersize,Size,24,24,2016-05-21T00:00,TUL,1.7 d,
Apparel,womencasualbottomwearjeanslowersize,Size,25,25,2016-05-21T00:00,TUL,1.7 d,
Apparel,womencasualbottomwearjeanslowersize,Size,26,26,2016-05-21T00:00,TUL,1.7 d,
Apparel,womencasualbottomwearjeanslowersize,Size,27,27,2016-05-21T00:00,TUL,1.7 d,
Apparel,womencasualbottomwearjeanslowersize,Size,28,28,2016-05-21T00:00,TUL,1.7 d,
Apparel,womencasualbottomwearjeanslowersize,Size,29,29,2016-05-21T00:00,TUL,1.7 d,
Apparel,womencasualbottomwearjeanslowersize,Size,30,30,2016-05-21T00:00,TUL,1.7 d,
Apparel,womencasualbottomwearjeanslowersize,Size,31,31,2016-05-21T00:00,TUL,1.7 d,
Apparel,womencasualbottomwearjeanslowersize,Size,32,32,2016-05-21T00:00,TUL,1.7 d,
Apparel,womencasualbottomwearjeanslowersize,Size,33,33,2016-05-21T00:00,TUL,1.7 d,
Apparel,womencasualbottomwearjeanslowersize,Size,34,34,2016-05-21T00:00,TUL,1.7 d,
Apparel,womencasualbottomwearjeanslowersize,Size,35,35,2016-05-21T00:00,TUL,1.7 d,
Apparel,womencasualbottomwearjeanslowersize,Size,36,36,2016-05-21T00:00,TUL,1.7 d,
Apparel,womencasualbottomwearjeanslowersize,Size,37,37,2016-05-21T00:00,TUL,1.7 d,
Apparel,womencasualbottomwearjeanslowersize,Size,38,38,2016-05-21T00:00,TUL,1.7 d,
Apparel,womencasualbottomwearjeanslowersize,Size,xl,XL,2016-05-21T00:00,TUL,1.7 d,
Apparel,womencasualbottomwearjeanslowersize,Size,39,39,2016-05-21T00:00,TUL,1.7 d,
Apparel,womencasualbottomwearjeanslowersize,Size,40,40,2016-05-21T00:00,TUL,1.7 d,
Apparel,womencasualbottomwearjeanslowersize,Size,41,41,2016-05-21T00:00,TUL,1.7 d,
Apparel,womencasualbottomwearjeanslowersize,Size,42,42,2016-05-21T00:00,TUL,1.7 d,
Apparel,womencasualbottomwearjeanslowersize,Size,43,43,2016-05-21T00:00,TUL,1.7 d,
Apparel,womencasualbottomwearjeanslowersize,Size,44,44,2016-05-21T00:00,TUL,1.7 d,
Apparel,womencasualbottomwearjeanslowersize,Size,45,45,2016-05-21T00:00,TUL,1.7 d,
Apparel,womencasualbottomwearjeanslowersize,Size,46,46,2016-05-21T00:00,TUL,1.7 d,
Apparel,womencasualbottomwearjeanslowersize,Size,47,47,2016-05-21T00:00,TUL,1.7 d,
Apparel,womencasualbottomwearjeanslowersize,Size,48,48,2016-05-21T00:00,TUL,1.7 d,
Apparel,womencasualbottomwearjeanslowersize,Size,0-3m,0 - 3 Months,2016-05-21T00:00,TUL,1.7 d,
Apparel,womencasualbottomwearjeanslowersize,Size,3-6m,3 - 6 Months,2016-05-21T00:00,TUL,1.7 d,
Apparel,womencasualdressjumperneckcollar,Neck/Collar,oneshoulder,One Shoulder,2016-05-21T00:00,TUL,1.7 d,
Apparel,womencasualdressjumperneckcollar,Neck/Collar,shawlneck,Shawl neck,2016-05-21T00:00,TUL,1.7 d,
Apparel,womencasualdressjumperneckcollar,Neck/Collar,halterneck,Halter neck,2016-05-21T00:00,TUL,1.7 d,
Apparel,womencasualdressjumperneckcollar,Neck/Collar,cowlneck,Cowl neck,2016-05-21T00:00,TUL,1.7 d,
Apparel,womencasualdressjumperneckcollar,Neck/Collar,boatneck,Boat neck,2016-05-21T00:00,TUL,1.7 d,
Apparel,womencasualdressjumperneckcollar,Neck/Collar,scoopneck,Scoop neck,2016-05-21T00:00,TUL,1.7 d,
Apparel,womencasualdressjumperneckcollar,Neck/Collar,bandneck,Band Neck,2016-05-21T00:00,TUL,1.7 d,
Apparel,womencasualdressjumperneckcollar,Neck/Collar,roundneck,Round neck,2016-05-21T00:00,TUL,1.7 d,
Apparel,womencasualdressjumperneckcollar,Neck/Collar,peterpancollar,Peter pan collar,2016-05-21T00:00,TUL,1.7 d,
Apparel,womencasualdressjumperneckcollar,Neck/Collar,uneck,U neck,2016-05-21T00:00,TUL,1.7 d,
Apparel,womencasualdressjumperneckcollar,Neck/Collar,sweetheartneck,Sweet heart neck,2016-05-21T00:00,TUL,1.7 d,
Apparel,womencasualdressjumperneckcollar,Neck/Collar,vneck,V neck,2016-05-21T00:00,TUL,1.7 d,
Apparel,womencasualdressjumperneckcollar,Neck/Collar,squareneck,Square neck,2016-05-21T00:00,TUL,1.7 d,
Apparel,womencasualdressjumperneckcollar,Neck/Collar,shirtcollar,Shirt collar,2016-05-21T00:00,TUL,1.7 d,
Apparel,womencasualdressjumperneckcollar,Neck/Collar,offshoulder,Off Shoulder,2016-05-21T00:00,TUL,1.7 d,
Apparel,womencasualdressjumpersleeve,Sleeve,sleeveless,Sleeveless,2016-05-21T00:00,TUL,1.7 d,
Apparel,womencasualdressjumpersleeve,Sleeve,shortsleeves,Short sleeves,2016-05-21T00:00,TUL,1.7 d,
Apparel,womencasualdressjumpersleeve,Sleeve,offtoshoulder,Off- shoulder,2016-05-21T00:00,TUL,1.7 d,
Apparel,womencasualdressjumpersleeve,Sleeve,fullsleeves,Full Sleeves,2016-05-21T00:00,TUL,1.7 d,
Apparel,womencasualdressjumpersleeve,Sleeve,elbowsleeves,Elbow sleeves,2016-05-21T00:00,TUL,1.7 d,
Apparel,womencasualdressjumpersleeve,Sleeve,capsleeve,Cap sleeve,2016-05-21T00:00,TUL,1.7 d,
Apparel,womencasualdressjumpersleeve,Sleeve,3by4thsleeves,3/4th sleeves,2016-05-21T00:00,TUL,1.7 d,
Apparel,womencasualdressjumpersleeve,Sleeve,shoulderstraps,Shoulder straps,2016-05-21T00:00,TUL,1.7 d,
Apparel,womencasualskirtpattern,Pattern,solid,Solid,2016-05-21T00:00,TUL,1.7 d,
Apparel,womencasualskirtpattern,Pattern,print,Print,2016-05-21T00:00,TUL,1.7 d,
Apparel,womencasualskirtpattern,Pattern,others,Others,2016-05-21T00:00,TUL,1.7 d,
Apparel,womencasualskirtpattern,Pattern,floral,Floral,2016-05-21T00:00,TUL,1.7 d,
Apparel,womencasualskirtpattern,Pattern,stripes,Stripes,2016-05-21T00:00,TUL,1.7 d,
Apparel,womencasualskirtpattern,Pattern,checks,Checks,2016-05-21T00:00,TUL,1.7 d,
Apparel,womencasualskirtpattern,Pattern,self,Self,2016-05-21T00:00,TUL,1.7 d,
Apparel,womencasualskirtpattern,Pattern,embellished,Embellished,2016-05-21T00:00,TUL,1.7 d,
Apparel,womencasualskirtpattern,Pattern,embroidery,Embroidery,2016-05-21T00:00,TUL,1.7 d,
Apparel,womencasualtopwearneckcollar,Neck/Collar,rollcollar,Roll collar,2016-05-21T00:00,TUL,1.7 d,
Apparel,womencasualtopwearneckcollar,Neck/Collar,other,Other,2016-05-21T00:00,TUL,1.7 d,
Apparel,womencasualtopwearneckcollar,Neck/Collar,boatneck,Boat neck,2016-05-21T00:00,TUL,1.7 d,
Apparel,womencasualtopwearneckcollar,Neck/Collar,cowlneck,Cowl neck,2016-05-21T00:00,TUL,1.7 d,
Apparel,womencasualtopwearneckcollar,Neck/Collar,halterneck,Halter neck,2016-05-21T00:00,TUL,1.7 d,
Apparel,womencasualtopwearneckcollar,Neck/Collar,offshoulder,Off Shoulder,2016-05-21T00:00,TUL,1.7 d,
Apparel,womencasualtopwearneckcollar,Neck/Collar,oneshoulder,One Shoulder,2016-05-21T00:00,TUL,1.7 d,
Apparel,womencasualtopwearneckcollar,Neck/Collar,peterpancollar,Peter pan collar,2016-05-21T00:00,TUL,1.7 d,
Apparel,womencasualtopwearneckcollar,Neck/Collar,roundneck,Round neck,2016-05-21T00:00,TUL,1.7 d,
Apparel,womencasualtopwearneckcollar,Neck/Collar,scoopneck,Scoop neck,2016-05-21T00:00,TUL,1.7 d,
Apparel,womencasualtopwearneckcollar,Neck/Collar,shawlneck,Shawl neck,2016-05-21T00:00,TUL,1.7 d,
Apparel,womencasualtopwearneckcollar,Neck/Collar,shirtcollar,Shirt collar,2016-05-21T00:00,TUL,1.7 d,
Apparel,womencasualtopwearneckcollar,Neck/Collar,squareneck,Square neck,2016-05-21T00:00,TUL,1.7 d,
Apparel,womencasualtopwearneckcollar,Neck/Collar,vneck,V neck,2016-05-21T00:00,TUL,1.7 d,
Apparel,womencasualtopwearneckcollar,Neck/Collar,sweetheartneck,Sweet heart neck,2016-05-21T00:00,TUL,1.7 d,
Apparel,womencasualtopwearneckcollar,Neck/Collar,uneck,U neck,2016-05-21T00:00,TUL,1.7 d,
Apparel,womencasualtopwearneckcollar,Neck/Collar,bandneck,Band Neck,2016-05-21T00:00,TUL,1.7 d,
Apparel,womencasualtopwearneckcollar,Neck/Collar,sqaureneck,Sqaure neck,2016-05-21T00:00,TUL,1.7 d,
Apparel,womencasualtopwearneckcollar,Neck/Collar,turtleneck,Turtle neck,2016-05-21T00:00,TUL,1.7 d,
Apparel,womencasualtopwearneckcollar,Neck/Collar,crewneck,Crew neck,2016-05-21T00:00,TUL,1.7 d,
Apparel,womencasualtopwearneckcollar,Neck/Collar,henley,Henley,2016-05-21T00:00,TUL,1.7 d,
Apparel,womencasualtopwearneckcollar,Neck/Collar,hood,Hood,2016-05-21T00:00,TUL,1.7 d,
Apparel,womencasualtopwearneckcollar,Neck/Collar,strapless,Strapless,2016-05-21T00:00,TUL,1.7 d,
Apparel,womencasualtopwearneckcollar,Neck/Collar,mandarincollar,Mandarin collar,2016-05-21T00:00,TUL,1.7 d,
Apparel,womencasualtopwearneckcollar,Neck/Collar,mockcollar,Mock collar,2016-05-21T00:00,TUL,1.7 d,
Apparel,womencasualtopwearneckcollar,Neck/Collar,buttontodowncollar,Button-down collar,2016-05-21T00:00,TUL,1.7 d,
Apparel,womencasualtopwearneckcollar,Neck/Collar,cuttoawaycollar,Cut-away collar,2016-05-21T00:00,TUL,1.7 d,
Apparel,womencasualtopwearneckcollar,Neck/Collar,notchedlapel,Notched lapel,2016-05-21T00:00,TUL,1.7 d,
Apparel,womencasualtopwearneckcollar,Neck/Collar,peakedlapel,Peaked lapel,2016-05-21T00:00,TUL,1.7 d,
Apparel,womencasualtopwearsize,Size,l,L,2016-05-21T00:00,TUL,1.7 d,
Apparel,womencasualtopwearsize,Size,freesize,Free Size,2016-05-21T00:00,TUL,1.7 d,
Apparel,womencasualtopwearsize,Size,s,S,2016-05-21T00:00,TUL,1.7 d,
Apparel,womencasualtopwearsize,Size,xl,XL,2016-05-21T00:00,TUL,1.7 d,
Apparel,womencasualtopwearsize,Size,xs,XS,2016-05-21T00:00,TUL,1.7 d,
Apparel,womencasualtopwearsize,Size,xxl,XXL,2016-05-21T00:00,TUL,1.7 d,
Apparel,womencasualtopwearsize,Size,xxs,XXS,2016-05-21T00:00,TUL,1.7 d,
Apparel,womencasualtopwearsize,Size,2,2,2016-05-21T00:00,TUL,1.7 d,
Apparel,womencasualtopwearsize,Size,4,4,2016-05-21T00:00,TUL,1.7 d,
Apparel,womencasualtopwearsize,Size,6,6,2016-05-21T00:00,TUL,1.7 d,
Apparel,womencasualtopwearsize,Size,8,8,2016-05-21T00:00,TUL,1.7 d,
Apparel,womencasualtopwearsize,Size,10,10,2016-05-21T00:00,TUL,1.7 d,
Apparel,womencasualtopwearsize,Size,12,12,2016-05-21T00:00,TUL,1.7 d,
Apparel,womencasualtopwearsize,Size,14,14,2016-05-21T00:00,TUL,1.7 d,
Apparel,womencasualtopwearsize,Size,16,16,2016-05-21T00:00,TUL,1.7 d,
Apparel,womencasualtopwearsize,Size,18,18,2016-05-21T00:00,TUL,1.7 d,
Apparel,womencasualtopwearsize,Size,20,20,2016-05-21T00:00,TUL,1.7 d,
Apparel,womencasualtopwearsize,Size,28,28,2016-05-21T00:00,TUL,1.7 d,
Apparel,womencasualtopwearsize,Size,30,30,2016-05-21T00:00,TUL,1.7 d,
Apparel,womencasualtopwearsize,Size,32,32,2016-05-21T00:00,TUL,1.7 d,
Apparel,womencasualtopwearsize,Size,34,34,2016-05-21T00:00,TUL,1.7 d,
Apparel,womencasualtopwearsize,Size,36,36,2016-05-21T00:00,TUL,1.7 d,
Apparel,womencasualtopwearsize,Size,38,38,2016-05-21T00:00,TUL,1.7 d,
Apparel,womencasualtopwearsize,Size,40,40,2016-05-21T00:00,TUL,1.7 d,
Apparel,womencasualtopwearsize,Size,42,42,2016-05-21T00:00,TUL,1.7 d,
Apparel,womencasualtopwearsize,Size,44,44,2016-05-21T00:00,TUL,1.7 d,
Apparel,womencasualtopwearsize,Size,46,46,2016-05-21T00:00,TUL,1.7 d,
Apparel,womencasualtopwearsize,Size,0-3m,0 - 3 Months,2016-05-21T00:00,TUL,1.7 d,
Apparel,womencasualtopwearsize,Size,3-6m,3 - 6 Months,2016-05-21T00:00,TUL,1.7 d,
Apparel,womencasualtopwearsize,Size,6-9m,6 - 9 Months,2016-05-21T00:00,TUL,1.7 d,
Apparel,womencasualtopwearsize,Size,9-12m,9 - 12 Months,2016-05-21T00:00,TUL,1.7 d,
Apparel,womencasualtopwearsize,Size,12-18m,12 - 18 Months,2016-05-21T00:00,TUL,1.7 d,
Apparel,womencasualtopwearsize,Size,18-24m,18 - 24 Months,2016-05-21T00:00,TUL,1.7 d,
Apparel,womencasualtopwearsize,Size,24-48m,24 - 48 Months,2016-05-21T00:00,TUL,1.7 d,
Apparel,womencasualtopwearsize,Size,m,M,2016-05-21T00:00,TUL,1.7 d,
Apparel,womencasualtopwearsize,Size,6xl,6XL,2016-05-21T00:00,TUL,1.7 d,
Apparel,womencasualtopwearsize,Size,5xl,5XL,2016-05-21T00:00,TUL,1.7 d,
Apparel,womencasualtopwearsize,Size,4xl,4XL,2016-05-21T00:00,TUL,1.7 d,
Apparel,womencasualtopwearsize,Size,3xl,3XL,2016-05-21T00:00,TUL,1.7 d,
Apparel,womencasualtopwearsleeve,Sleeve,fullsleeves,Full Sleeves,2016-05-21T00:00,TUL,1.7 d,
Apparel,womencasualtopwearsleeve,Sleeve,shortsleeve,Short sleeve,2016-05-21T00:00,TUL,1.7 d,
Apparel,womencasualtopwearsleeve,Sleeve,shoulderstraps,Shoulder straps,2016-05-21T00:00,TUL,1.7 d,
Apparel,womencasualtopwearsleeve,Sleeve,sleeveless,Sleeveless,2016-05-21T00:00,TUL,1.7 d,
Apparel,womencasualtopwearsleeve,Sleeve,3by4thsleeve,3/4th sleeve,2016-05-21T00:00,TUL,1.7 d,
Apparel,womencasualtopwearsleeve,Sleeve,kimonosleeve,Kimono sleeve,2016-05-21T00:00,TUL,1.7 d,
Apparel,womencasualtopwearsleeve,Sleeve,elbowsleeves,Elbow sleeves,2016-05-21T00:00,TUL,1.7 d,
Apparel,womencasualtopwearsleeve,Sleeve,cuffsleeve,Cuff sleeve,2016-05-21T00:00,TUL,1.7 d,
Apparel,womencasualtopwearsleeve,Sleeve,capsleeves,Cap sleeves,2016-05-21T00:00,TUL,1.7 d,
Apparel,womencasualtopwearsleeve,Sleeve,offtoshoulder,Off- shoulder,2016-05-21T00:00,TUL,1.7 d,
Apparel,womencasualweardressesjumperssize,Size,37,37,2016-05-21T00:00,TUL,1.7 d,
Apparel,womencasualweardressesjumperssize,Size,38,38,2016-05-21T00:00,TUL,1.7 d,
Apparel,womencasualweardressesjumperssize,Size,39,39,2016-05-21T00:00,TUL,1.7 d,
Apparel,womencasualweardressesjumperssize,Size,40,40,2016-05-21T00:00,TUL,1.7 d,
Apparel,womencasualweardressesjumperssize,Size,41,41,2016-05-21T00:00,TUL,1.7 d,
Apparel,womencasualweardressesjumperssize,Size,42,42,2016-05-21T00:00,TUL,1.7 d,
Apparel,womencasualweardressesjumperssize,Size,43,43,2016-05-21T00:00,TUL,1.7 d,
Apparel,womencasualweardressesjumperssize,Size,44,44,2016-05-21T00:00,TUL,1.7 d,
Apparel,womencasualweardressesjumperssize,Size,45,45,2016-05-21T00:00,TUL,1.7 d,
Apparel,womencasualweardressesjumperssize,Size,46,46,2016-05-21T00:00,TUL,1.7 d,
Apparel,womencasualweardressesjumperssize,Size,47,47,2016-05-21T00:00,TUL,1.7 d,
Apparel,womencasualweardressesjumperssize,Size,48,48,2016-05-21T00:00,TUL,1.7 d,
Apparel,womencasualweardressesjumperssize,Size,3xl,3XL,2016-05-21T00:00,TUL,1.7 d,
Apparel,womencasualweardressesjumperssize,Size,4xl,4XL,2016-05-21T00:00,TUL,1.7 d,
Apparel,womencasualweardressesjumperssize,Size,5xl,5XL,2016-05-21T00:00,TUL,1.7 d,
Apparel,womencasualweardressesjumperssize,Size,6xl,6XL,2016-05-21T00:00,TUL,1.7 d,
Apparel,womencasualweardressesjumperssize,Size,freesize,Free Size,2016-05-21T00:00,TUL,1.7 d,
Apparel,womencasualweardressesjumperssize,Size,l,L,2016-05-21T00:00,TUL,1.7 d,
Apparel,womencasualweardressesjumperssize,Size,m,M,2016-05-21T00:00,TUL,1.7 d,
Apparel,womencasualweardressesjumperssize,Size,s,S,2016-05-21T00:00,TUL,1.7 d,
Apparel,womencasualweardressesjumperssize,Size,xl,XL,2016-05-21T00:00,TUL,1.7 d,
Apparel,womencasualweardressesjumperssize,Size,xs,XS,2016-05-21T00:00,TUL,1.7 d,
Apparel,womencasualweardressesjumperssize,Size,xxl,XXL,2016-05-21T00:00,TUL,1.7 d,
Apparel,womencasualweardressesjumperssize,Size,xxs,XXS,2016-05-21T00:00,TUL,1.7 d,
Apparel,womencasualweardressesjumperssize,Size,33,33,2016-05-21T00:00,TUL,1.7 d,
Apparel,womencasualweardressesjumperssize,Size,22,22,2016-05-21T00:00,TUL,1.7 d,
Apparel,womencasualweardressesjumperssize,Size,23,23,2016-05-21T00:00,TUL,1.7 d,
Apparel,womencasualweardressesjumperssize,Size,24,24,2016-05-21T00:00,TUL,1.7 d,
Apparel,womencasualweardressesjumperssize,Size,25,25,2016-05-21T00:00,TUL,1.7 d,
Apparel,womencasualweardressesjumperssize,Size,26,26,2016-05-21T00:00,TUL,1.7 d,
Apparel,womencasualweardressesjumperssize,Size,27,27,2016-05-21T00:00,TUL,1.7 d,
Apparel,womencasualweardressesjumperssize,Size,28,28,2016-05-21T00:00,TUL,1.7 d,
Apparel,womencasualweardressesjumperssize,Size,29,29,2016-05-21T00:00,TUL,1.7 d,
Apparel,womencasualweardressesjumperssize,Size,30,30,2016-05-21T00:00,TUL,1.7 d,
Apparel,womencasualweardressesjumperssize,Size,31,31,2016-05-21T00:00,TUL,1.7 d,
Apparel,womencasualweardressesjumperssize,Size,32,32,2016-05-21T00:00,TUL,1.7 d,
Apparel,womencasualweardressesjumperssize,Size,34,34,2016-05-21T00:00,TUL,1.7 d,
Apparel,womencasualweardressesjumperssize,Size,35,35,2016-05-21T00:00,TUL,1.7 d,
Apparel,womencasualweardressesjumperssize,Size,36,36,2016-05-21T00:00,TUL,1.7 d,
Apparel,womenethinicbottomwearpattern,Pattern,digital,Digital,2016-05-21T00:00,TUL,1.7 d,
Apparel,womenethinicbottomwearpattern,Pattern,embroidered,Embroidered,2016-05-21T00:00,TUL,1.7 d,
Apparel,womenethinicbottomwearpattern,Pattern,floral,Floral,2016-05-21T00:00,TUL,1.7 d,
Apparel,womenethinicbottomwearpattern,Pattern,geometric,Geometric,2016-05-21T00:00,TUL,1.7 d,
Apparel,womenethinicbottomwearpattern,Pattern,ikkat,Ikkat,2016-05-21T00:00,TUL,1.7 d,
Apparel,womenethinicbottomwearpattern,Pattern,paisley,Paisley,2016-05-21T00:00,TUL,1.7 d,
Apparel,womenethinicbottomwearpattern,Pattern,polkadots,Polka dots,2016-05-21T00:00,TUL,1.7 d,
Apparel,womenethinicbottomwearpattern,Pattern,printed,Printed,2016-05-21T00:00,TUL,1.7 d,
Apparel,womenethinicbottomwearpattern,Pattern,solid,Solid,2016-05-21T00:00,TUL,1.7 d,
Apparel,womenethinicbottomwearpattern,Pattern,stripes,Stripes,2016-05-21T00:00,TUL,1.7 d,
Apparel,womenethinicbottomwearpattern,Pattern,aztec,Aztec,2016-05-21T00:00,TUL,1.7 d,
Apparel,womenethinicbottomwearpattern,Pattern,bandhani,Bandhani,2016-05-21T00:00,TUL,1.7 d,
Apparel,womenethinicbottomwearpattern,Pattern,batic,Batic,2016-05-21T00:00,TUL,1.7 d,
Apparel,womenethinicbottomwearpattern,Pattern,blockprint,Block print,2016-05-21T00:00,TUL,1.7 d,
Apparel,womenethinicbottomwearpattern,Pattern,checks,Checks,2016-05-21T00:00,TUL,1.7 d,
Apparel,womenethinicsetneckcollar,Neck/Collar,cowlneck,Cowl neck,2016-05-21T00:00,TUL,1.7 d,
Apparel,womenethinicsetneckcollar,Neck/Collar,halterneck,Halter neck,2016-05-21T00:00,TUL,1.7 d,
Apparel,womenethinicsetneckcollar,Neck/Collar,oneshoulder,One Shoulder,2016-05-21T00:00,TUL,1.7 d,
Apparel,womenethinicsetneckcollar,Neck/Collar,bandneck,Band Neck,2016-05-21T00:00,TUL,1.7 d,
Apparel,womenethinicsetneckcollar,Neck/Collar,uneck,U neck,2016-05-21T00:00,TUL,1.7 d,
Apparel,womenethinicsetneckcollar,Neck/Collar,sweetheartneck,Sweet heart neck,2016-05-21T00:00,TUL,1.7 d,
Apparel,womenethinicsetneckcollar,Neck/Collar,vneck,V neck,2016-05-21T00:00,TUL,1.7 d,
Apparel,womenethinicsetneckcollar,Neck/Collar,squareneck,Square neck,2016-05-21T00:00,TUL,1.7 d,
Apparel,womenethinicsetneckcollar,Neck/Collar,shirtcollar,Shirt collar,2016-05-21T00:00,TUL,1.7 d,
Apparel,womenethinicsetneckcollar,Neck/Collar,shawlneck,Shawl neck,2016-05-21T00:00,TUL,1.7 d,
Apparel,womenethinicsetneckcollar,Neck/Collar,scoopneck,Scoop neck,2016-05-21T00:00,TUL,1.7 d,
Apparel,womenethinicsetneckcollar,Neck/Collar,roundneck,Round neck,2016-05-21T00:00,TUL,1.7 d,
Apparel,womenethinicsetneckcollar,Neck/Collar,peterpancollar,Peter pan collar,2016-05-21T00:00,TUL,1.7 d,
Apparel,womenethinicsetneckcollar,Neck/Collar,offshoulder,Off Shoulder,2016-05-21T00:00,TUL,1.7 d,
Apparel,womenethinicsetneckcollar,Neck/Collar,boatneck,Boat neck,2016-05-21T00:00,TUL,1.7 d,
Apparel,womenethinictopwearneckcollar,Neck/Collar,boatneck,Boat neck,2016-05-21T00:00,TUL,1.7 d,
Apparel,womenethinictopwearneckcollar,Neck/Collar,cowlneck,Cowl neck,2016-05-21T00:00,TUL,1.7 d,
Apparel,womenethinictopwearneckcollar,Neck/Collar,halterneck,Halter neck,2016-05-21T00:00,TUL,1.7 d,
Apparel,womenethinictopwearneckcollar,Neck/Collar,offshoulder,Off Shoulder,2016-05-21T00:00,TUL,1.7 d,
Apparel,womenethinictopwearneckcollar,Neck/Collar,oneshoulder,One Shoulder,2016-05-21T00:00,TUL,1.7 d,
Apparel,womenethinictopwearneckcollar,Neck/Collar,peterpancollar,Peter pan collar,2016-05-21T00:00,TUL,1.7 d,
Apparel,womenethinictopwearneckcollar,Neck/Collar,roundneck,Round neck,2016-05-21T00:00,TUL,1.7 d,
Apparel,womenethinictopwearneckcollar,Neck/Collar,scoopneck,Scoop neck,2016-05-21T00:00,TUL,1.7 d,
Apparel,womenethinictopwearneckcollar,Neck/Collar,shawlneck,Shawl neck,2016-05-21T00:00,TUL,1.7 d,
Apparel,womenethinictopwearneckcollar,Neck/Collar,shirtcollar,Shirt collar,2016-05-21T00:00,TUL,1.7 d,
Apparel,womenethinictopwearneckcollar,Neck/Collar,squareneck,Square neck,2016-05-21T00:00,TUL,1.7 d,
Apparel,womenethinictopwearneckcollar,Neck/Collar,vneck,V neck,2016-05-21T00:00,TUL,1.7 d,
Apparel,womenethinictopwearneckcollar,Neck/Collar,sweetheartneck,Sweet heart neck,2016-05-21T00:00,TUL,1.7 d,
Apparel,womenethinictopwearneckcollar,Neck/Collar,other,Other,2016-05-21T00:00,TUL,1.7 d,
Apparel,womenethinictopwearneckcollar,Neck/Collar,bandneck,Band Neck,2016-05-21T00:00,TUL,1.7 d,
Apparel,womenethinictopwearneckcollar,Neck/Collar,sqaureneck,Sqaure neck,2016-05-21T00:00,TUL,1.7 d,
Apparel,womenethinictopwearneckcollar,Neck/Collar,turtleneck,Turtle neck,2016-05-21T00:00,TUL,1.7 d,
Apparel,womenethinictopwearneckcollar,Neck/Collar,crewneck,Crew neck,2016-05-21T00:00,TUL,1.7 d,
Apparel,womenethinictopwearneckcollar,Neck/Collar,henley,Henley,2016-05-21T00:00,TUL,1.7 d,
Apparel,womenethinictopwearneckcollar,Neck/Collar,hood,Hood,2016-05-21T00:00,TUL,1.7 d,
Apparel,womenethinictopwearneckcollar,Neck/Collar,strapless,Strapless,2016-05-21T00:00,TUL,1.7 d,
Apparel,womenethinictopwearneckcollar,Neck/Collar,mandarincollar,Mandarin collar,2016-05-21T00:00,TUL,1.7 d,
Apparel,womenethinictopwearneckcollar,Neck/Collar,mockcollar,Mock collar,2016-05-21T00:00,TUL,1.7 d,
Apparel,womenethinictopwearneckcollar,Neck/Collar,buttontodowncollar,Button-down collar,2016-05-21T00:00,TUL,1.7 d,
Apparel,womenethinictopwearneckcollar,Neck/Collar,cuttoawaycollar,Cut-away collar,2016-05-21T00:00,TUL,1.7 d,
Apparel,womenethinictopwearneckcollar,Neck/Collar,notchedlapel,Notched lapel,2016-05-21T00:00,TUL,1.7 d,
Apparel,womenethinictopwearneckcollar,Neck/Collar,uneck,U neck,2016-05-21T00:00,TUL,1.7 d,
Apparel,womenethinictopwearneckcollar,Neck/Collar,rollcollar,Roll collar,2016-05-21T00:00,TUL,1.7 d,
Apparel,womenethinictopwearneckcollar,Neck/Collar,peakedlapel,Peaked lapel,2016-05-21T00:00,TUL,1.7 d,
Apparel,womenethinictopwearpattern,Pattern,checks,Checks,2016-05-21T00:00,TUL,1.7 d,
Apparel,womenethinictopwearpattern,Pattern,blockprint,Block print,2016-05-21T00:00,TUL,1.7 d,
Apparel,womenethinictopwearpattern,Pattern,batic,Batic,2016-05-21T00:00,TUL,1.7 d,
Apparel,womenethinictopwearpattern,Pattern,bandhani,Bandhani,2016-05-21T00:00,TUL,1.7 d,
Apparel,womenethinictopwearpattern,Pattern,aztec,Aztec,2016-05-21T00:00,TUL,1.7 d,
Apparel,womenethinictopwearpattern,Pattern,stripes,Stripes,2016-05-21T00:00,TUL,1.7 d,
Apparel,womenethinictopwearpattern,Pattern,solid,Solid,2016-05-21T00:00,TUL,1.7 d,
Apparel,womenethinictopwearpattern,Pattern,printed,Printed,2016-05-21T00:00,TUL,1.7 d,
Apparel,womenethinictopwearpattern,Pattern,polkadots,Polka dots,2016-05-21T00:00,TUL,1.7 d,
Apparel,womenethinictopwearpattern,Pattern,paisley,Paisley,2016-05-21T00:00,TUL,1.7 d,
Apparel,womenethinictopwearpattern,Pattern,ikkat,Ikkat,2016-05-21T00:00,TUL,1.7 d,
Apparel,womenethinictopwearpattern,Pattern,geometric,Geometric,2016-05-21T00:00,TUL,1.7 d,
Apparel,womenethinictopwearpattern,Pattern,floral,Floral,2016-05-21T00:00,TUL,1.7 d,
Apparel,womenethinictopwearpattern,Pattern,digital,Digital,2016-05-21T00:00,TUL,1.7 d,
Apparel,womenethinictopwearpattern,Pattern,embroidered,Embroidered,2016-05-21T00:00,TUL,1.7 d,
Apparel,womenethinicwearbottomwearsize,Size,22,22,2016-05-21T00:00,TUL,1.7 d,
Apparel,womenethinicwearbottomwearsize,Size,23,23,2016-05-21T00:00,TUL,1.7 d,
Apparel,womenethinicwearbottomwearsize,Size,24,24,2016-05-21T00:00,TUL,1.7 d,
Apparel,womenethinicwearbottomwearsize,Size,25,25,2016-05-21T00:00,TUL,1.7 d,
Apparel,womenethinicwearbottomwearsize,Size,26,26,2016-05-21T00:00,TUL,1.7 d,
Apparel,womenethinicwearbottomwearsize,Size,27,27,2016-05-21T00:00,TUL,1.7 d,
Apparel,womenethinicwearbottomwearsize,Size,28,28,2016-05-21T00:00,TUL,1.7 d,
Apparel,womenethinicwearbottomwearsize,Size,29,29,2016-05-21T00:00,TUL,1.7 d,
Apparel,womenethinicwearbottomwearsize,Size,30,30,2016-05-21T00:00,TUL,1.7 d,
Apparel,womenethinicwearbottomwearsize,Size,31,31,2016-05-21T00:00,TUL,1.7 d,
Apparel,womenethinicwearbottomwearsize,Size,32,32,2016-05-21T00:00,TUL,1.7 d,
Apparel,womenethinicwearbottomwearsize,Size,33,33,2016-05-21T00:00,TUL,1.7 d,
Apparel,womenethinicwearbottomwearsize,Size,34,34,2016-05-21T00:00,TUL,1.7 d,
Apparel,womenethinicwearbottomwearsize,Size,35,35,2016-05-21T00:00,TUL,1.7 d,
Apparel,womenethinicwearbottomwearsize,Size,36,36,2016-05-21T00:00,TUL,1.7 d,
Apparel,womenethinicwearbottomwearsize,Size,37,37,2016-05-21T00:00,TUL,1.7 d,
Apparel,womenethinicwearbottomwearsize,Size,38,38,2016-05-21T00:00,TUL,1.7 d,
Apparel,womenethinicwearbottomwearsize,Size,39,39,2016-05-21T00:00,TUL,1.7 d,
Apparel,womenethinicwearbottomwearsize,Size,40,40,2016-05-21T00:00,TUL,1.7 d,
Apparel,womenethinicwearbottomwearsize,Size,41,41,2016-05-21T00:00,TUL,1.7 d,
Apparel,womenethinicwearbottomwearsize,Size,42,42,2016-05-21T00:00,TUL,1.7 d,
Apparel,womenethinicwearbottomwearsize,Size,43,43,2016-05-21T00:00,TUL,1.7 d,
Apparel,womenethinicwearbottomwearsize,Size,44,44,2016-05-21T00:00,TUL,1.7 d,
Apparel,womenethinicwearbottomwearsize,Size,45,45,2016-05-21T00:00,TUL,1.7 d,
Apparel,womenethinicwearbottomwearsize,Size,46,46,2016-05-21T00:00,TUL,1.7 d,
Apparel,womenethinicwearbottomwearsize,Size,47,47,2016-05-21T00:00,TUL,1.7 d,
Apparel,womenethinicwearbottomwearsize,Size,48,48,2016-05-21T00:00,TUL,1.7 d,
Apparel,womenethinicwearbottomwearsize,Size,3xl,3XL,2016-05-21T00:00,TUL,1.7 d,
Apparel,womenethinicwearbottomwearsize,Size,4xl,4XL,2016-05-21T00:00,TUL,1.7 d,
Apparel,womenethinicwearbottomwearsize,Size,5xl,5XL,2016-05-21T00:00,TUL,1.7 d,
Apparel,womenethinicwearbottomwearsize,Size,6xl,6XL,2016-05-21T00:00,TUL,1.7 d,
Apparel,womenethinicwearbottomwearsize,Size,freesize,Free Size,2016-05-21T00:00,TUL,1.7 d,
Apparel,womenethinicwearbottomwearsize,Size,l,L,2016-05-21T00:00,TUL,1.7 d,
Apparel,womenethinicwearbottomwearsize,Size,m,M,2016-05-21T00:00,TUL,1.7 d,
Apparel,womenethinicwearbottomwearsize,Size,s,S,2016-05-21T00:00,TUL,1.7 d,
Apparel,womenethinicwearbottomwearsize,Size,xl,XL,2016-05-21T00:00,TUL,1.7 d,
Apparel,womenethinicwearbottomwearsize,Size,xs,XS,2016-05-21T00:00,TUL,1.7 d,
Apparel,womenethinicwearbottomwearsize,Size,xxl,XXL,2016-05-21T00:00,TUL,1.7 d,
Apparel,womenethinicwearbottomwearsize,Size,xxs,XXS,2016-05-21T00:00,TUL,1.7 d,
Apparel,womenethinicwearbottomwearsize,Size,0-3m,0 - 3 Months,2016-05-21T00:00,TUL,1.7 d,
Apparel,womenethinicwearbottomwearsize,Size,3-6m,3 - 6 Months,2016-05-21T00:00,TUL,1.7 d,
Apparel,womenethinicwearbottomwearsize,Size,6-9m,6 - 9 Months,2016-05-21T00:00,TUL,1.7 d,
Apparel,womenethinicwearbottomwearsize,Size,9-12m,9 - 12 Months,2016-05-21T00:00,TUL,1.7 d,
Apparel,womenethinicwearbottomwearsize,Size,12-18m,12 - 18 Months,2016-05-21T00:00,TUL,1.7 d,
Apparel,womenethinicwearbottomwearsize,Size,18-24m,18 - 24 Months,2016-05-21T00:00,TUL,1.7 d,
Apparel,womenethinicwearbottomwearsize,Size,24-48m,24 - 48 Months,2016-05-21T00:00,TUL,1.7 d,
Apparel,womenethinicwearbottomwearsize,Size,19inches,19 Inches,2016-05-21T00:00,TUL,1.7 d,
Apparel,womenethinicwearbottomwearsize,Size,19.5inches,19.5 Inches,2016-05-21T00:00,TUL,1.7 d,
Apparel,womenethinicwearbottomwearsize,Size,20inches,20 Inches,2016-05-21T00:00,TUL,1.7 d,
Apparel,womenethinicwearbottomwearsize,Size,20.5inches,20.5 Inches,2016-05-21T00:00,TUL,1.7 d,
Apparel,womenethinicwearbottomwearsize,Size,21inches,21 Inches,2016-05-21T00:00,TUL,1.7 d,
Apparel,womenethinicwearbottomwearsize,Size,21.5inches,21.5 Inches,2016-05-21T00:00,TUL,1.7 d,
Apparel,womenethinicwearbottomwearsize,Size,22inches,22 Inches,2016-05-21T00:00,TUL,1.7 d,
Apparel,womenethinicwearbottomwearsize,Size,22-22.5inches,22 - 22.5 Inches,2016-05-21T00:00,TUL,1.7 d,
Apparel,womenethinicwearbottomwearsize,Size,22.5-23inches,22.5 - 23 Inches,2016-05-21T00:00,TUL,1.7 d,
Apparel,womenethinicwearbottomwearsize,Size,23.5-24inches,23.5 - 24 Inches,2016-05-21T00:00,TUL,1.7 d,
Apparel,womenethinicwearbottomwearsize,Size,24.5-25inches,24.5 - 25 Inches,2016-05-21T00:00,TUL,1.7 d,
Apparel,womenethinicwearbottomwearsize,Size,25.5-26inches,25.5 - 26 Inches,2016-05-21T00:00,TUL,1.7 d,
Apparel,womenethinicwearbottomwearsize,Size,26.5-27inches,26.5 - 27 Inches,2016-05-21T00:00,TUL,1.7 d,
Apparel,womenethinicwearbottomwearsize,Size,27.5-28inches,27.5 - 28 Inches,2016-05-21T00:00,TUL,1.7 d,
Apparel,womenethinicwearbottomwearsize,Size,28.5-29inches,28.5 - 29 Inches,2016-05-21T00:00,TUL,1.7 d,
Apparel,womenethinicwearbottomwearsize,Size,29.5-30inches,29.5 - 30 Inches,2016-05-21T00:00,TUL,1.7 d,
Apparel,womenethinicwearbottomwearsize,Size,48cms,48 cms,2016-05-21T00:00,TUL,1.7 d,
Apparel,womenethinicwearbottomwearsize,Size,49.5cms,49.5 cms,2016-05-21T00:00,TUL,1.7 d,
Apparel,womenethinicwearbottomwearsize,Size,51cms,51 cms,2016-05-21T00:00,TUL,1.7 d,
Apparel,womenethinicwearbottomwearsize,Size,52cms,52 cms,2016-05-21T00:00,TUL,1.7 d,
Apparel,womenethinicwearbottomwearsize,Size,53.5cms,53.5 cms,2016-05-21T00:00,TUL,1.7 d,
Apparel,womenethinicwearbottomwearsize,Size,54.5cms,54.5 cms,2016-05-21T00:00,TUL,1.7 d,
Apparel,womenethinicwearbottomwearsize,Size,54.5-56cms,54.5 - 56 cms,2016-05-21T00:00,TUL,1.7 d,
Apparel,womenethinicwearbottomwearsize,Size,56cms,56 cms,2016-05-21T00:00,TUL,1.7 d,
Apparel,womenethinicwearbottomwearsize,Size,57cms,57 cms,2016-05-21T00:00,TUL,1.7 d,
Apparel,womenethinicwearbottomwearsize,Size,58.5cms,58.5 cms,2016-05-21T00:00,TUL,1.7 d,
Apparel,womenethinicwearbottomwearsize,Size,64.5-66cms,64.5 - 66 cms,2016-05-21T00:00,TUL,1.7 d,
Apparel,womenethinicwearbottomwearsize,Size,59.5-61cms,59.5 - 61 cms,2016-05-21T00:00,TUL,1.7 d,
Apparel,womenethinicwearbottomwearsize,Size,62.5-63cms,62.5 - 63 cms,2016-05-21T00:00,TUL,1.7 d,
Apparel,womenethinicwearsetsize,Size,xs,XS,2016-05-21T00:00,TUL,1.7 d,
Apparel,womenethinicwearsetsize,Size,xxl,XXL,2016-05-21T00:00,TUL,1.7 d,
Apparel,womenethinicwearsetsize,Size,s,S,2016-05-21T00:00,TUL,1.7 d,
Apparel,womenethinicwearsetsize,Size,m,M,2016-05-21T00:00,TUL,1.7 d,
Apparel,womenethinicwearsetsize,Size,l,L,2016-05-21T00:00,TUL,1.7 d,
Apparel,womenethinicwearsetsize,Size,freesize,Free Size,2016-05-21T00:00,TUL,1.7 d,
Apparel,womenethinicwearsetsize,Size,6xl,6XL,2016-05-21T00:00,TUL,1.7 d,
Apparel,womenethinicwearsetsize,Size,5xl,5XL,2016-05-21T00:00,TUL,1.7 d,
Apparel,womenethinicwearsetsize,Size,4xl,4XL,2016-05-21T00:00,TUL,1.7 d,
Apparel,womenethinicwearsetsize,Size,3xl,3XL,2016-05-21T00:00,TUL,1.7 d,
Apparel,womenethinicwearsetsize,Size,46,46,2016-05-21T00:00,TUL,1.7 d,
Apparel,womenethinicwearsetsize,Size,44,44,2016-05-21T00:00,TUL,1.7 d,
Apparel,womenethinicwearsetsize,Size,42,42,2016-05-21T00:00,TUL,1.7 d,
Apparel,womenethinicwearsetsize,Size,40,40,2016-05-21T00:00,TUL,1.7 d,
Apparel,womenethinicwearsetsize,Size,38,38,2016-05-21T00:00,TUL,1.7 d,
Apparel,womenethinicwearsetsize,Size,36,36,2016-05-21T00:00,TUL,1.7 d,
Apparel,womenethinicwearsetsize,Size,34,34,2016-05-21T00:00,TUL,1.7 d,
Apparel,womenethinicwearsetsize,Size,32,32,2016-05-21T00:00,TUL,1.7 d,
Apparel,womenethinicwearsetsize,Size,30,30,2016-05-21T00:00,TUL,1.7 d,
Apparel,womenethinicwearsetsize,Size,28,28,2016-05-21T00:00,TUL,1.7 d,
Apparel,womenethinicwearsetsize,Size,20,20,2016-05-21T00:00,TUL,1.7 d,
Apparel,womenethinicwearsetsize,Size,18,18,2016-05-21T00:00,TUL,1.7 d,
Apparel,womenethinicwearsetsize,Size,16,16,2016-05-21T00:00,TUL,1.7 d,
Apparel,womenethinicwearsetsize,Size,14,14,2016-05-21T00:00,TUL,1.7 d,
Apparel,womenethinicwearsetsize,Size,12,12,2016-05-21T00:00,TUL,1.7 d,
Apparel,womenethinicwearsetsize,Size,10,10,2016-05-21T00:00,TUL,1.7 d,
Apparel,womenethinicwearsetsize,Size,8,8,2016-05-21T00:00,TUL,1.7 d,
Apparel,womenethinicwearsetsize,Size,6,6,2016-05-21T00:00,TUL,1.7 d,
Apparel,womenethinicwearsetsize,Size,4,4,2016-05-21T00:00,TUL,1.7 d,
Apparel,womenethinicwearsetsize,Size,2,2,2016-05-21T00:00,TUL,1.7 d,
Apparel,womenethinicwearsetsize,Size,xxs,XXS,2016-05-21T00:00,TUL,1.7 d,
Apparel,womenethinicwearsetsize,Size,xl,XL,2016-05-21T00:00,TUL,1.7 d,
Apparel,womenethinicweartopwearsize,Size,womenethinicweartopwearsize2,2,2016-07-14T00:00,TUL,1.7 i,New LOV added for value 2 as part of LOV Cleanup exercise
Apparel,womenethinicweartopwearsize,Size,womenethinicweartopwearsize44,4,2016-05-21T00:00,TUL,1.7 d,LoV code changed to avoid clash with other categories
Apparel,womenethinicweartopwearsize,Size,womenethinicweartopwearsize42,6,2016-05-21T00:00,TUL,1.7 d,LoV code changed to avoid clash with other categories
Apparel,womenethinicweartopwearsize,Size,womenethinicweartopwearsize40,8,2016-05-21T00:00,TUL,1.7 d,LoV code changed to avoid clash with other categories
Apparel,womenethinicweartopwearsize,Size,womenethinicweartopwearsize38,10,2016-05-21T00:00,TUL,1.7 d,LoV code changed to avoid clash with other categories
Apparel,womenethinicweartopwearsize,Size,womenethinicweartopwearsize36,12,2016-05-21T00:00,TUL,1.7 d,LoV code changed to avoid clash with other categories
Apparel,womenethinicweartopwearsize,Size,womenethinicweartopwearsize34,14,2016-05-21T00:00,TUL,1.7 d,LoV code changed to avoid clash with other categories
Apparel,womenethinicweartopwearsize,Size,womenethinicweartopwearsize32,16,2016-05-21T00:00,TUL,1.7 d,LoV code changed to avoid clash with other categories
Apparel,womenethinicweartopwearsize,Size,womenethinicweartopwearsize30,18,2016-05-21T00:00,TUL,1.7 d,LoV code changed to avoid clash with other categories
Apparel,womenethinicweartopwearsize,Size,womenethinicweartopwearsize28,20,2016-05-21T00:00,TUL,1.7 d,LoV code changed to avoid clash with other categories
Apparel,womenethinicweartopwearsize,Size,womenethinicweartopwearsize20,28,2016-05-21T00:00,TUL,1.7 d,LoV code changed to avoid clash with other categories
Apparel,womenethinicweartopwearsize,Size,womenethinicweartopwearsize18,30,2016-05-21T00:00,TUL,1.7 d,LoV code changed to avoid clash with other categories
Apparel,womenethinicweartopwearsize,Size,womenethinicweartopwearsize16,32,2016-05-21T00:00,TUL,1.7 d,LoV code changed to avoid clash with other categories
Apparel,womenethinicweartopwearsize,Size,womenethinicweartopwearsize14,34,2016-05-21T00:00,TUL,1.7 d,LoV code changed to avoid clash with other categories
Apparel,womenethinicweartopwearsize,Size,womenethinicweartopwearsize12,36,2016-05-21T00:00,TUL,1.7 d,LoV code changed to avoid clash with other categories
Apparel,womenethinicweartopwearsize,Size,womenethinicweartopwearsize10,38,2016-05-21T00:00,TUL,1.7 d,LoV code changed to avoid clash with other categories
Apparel,womenethinicweartopwearsize,Size,womenethinicweartopwearsize8,40,2016-05-21T00:00,TUL,1.7 d,LoV code changed to avoid clash with other categories
Apparel,womenethinicweartopwearsize,Size,womenethinicweartopwearsize6,42,2016-05-21T00:00,TUL,1.7 d,LoV code changed to avoid clash with other categories
Apparel,womenethinicweartopwearsize,Size,womenethinicweartopwearsize4,44,2016-05-21T00:00,TUL,1.7 d,LoV code changed to avoid clash with other categories
Apparel,womenethinicweartopwearsize,Size,womenethinicweartopwearsize46,46,2016-05-21T00:00,TUL,1.7 d,
Apparel,womenethinicweartopwearsize,Size,0-3m,0 - 3 Months,2016-05-21T00:00,TUL,1.7 d,
Apparel,womenethinicweartopwearsize,Size,12-18m,12 - 18 Months,2016-05-21T00:00,TUL,1.7 d,
Apparel,womenethinicweartopwearsize,Size,18-24m,18 - 24 Months,2016-05-21T00:00,TUL,1.7 d,
Apparel,womenethinicweartopwearsize,Size,24-48m,24 - 48 Months,2016-05-21T00:00,TUL,1.7 d,
Apparel,womenethinicweartopwearsize,Size,3-6m,3 - 6 Months,2016-05-21T00:00,TUL,1.7 d,
Apparel,womenethinicweartopwearsize,Size,3xl,3XL,2016-05-21T00:00,TUL,1.7 d,
Apparel,womenethinicweartopwearsize,Size,4xl,4XL,2016-05-21T00:00,TUL,1.7 d,
Apparel,womenethinicweartopwearsize,Size,5xl,5XL,2016-05-21T00:00,TUL,1.7 d,
Apparel,womenethinicweartopwearsize,Size,6-9m,6 - 9 Months,2016-05-21T00:00,TUL,1.7 d,
Apparel,womenethinicweartopwearsize,Size,6xl,6XL,2016-05-21T00:00,TUL,1.7 d,
Apparel,womenethinicweartopwearsize,Size,9-12m,9 - 12 Months,2016-05-21T00:00,TUL,1.7 d,
Apparel,womenethinicweartopwearsize,Size,freesize,Free Size,2016-05-21T00:00,TUL,1.7 d,
Apparel,womenethinicweartopwearsize,Size,l,L,2016-05-21T00:00,TUL,1.7 d,
Apparel,womenethinicweartopwearsize,Size,m,M,2016-05-21T00:00,TUL,1.7 d,
Apparel,womenethinicweartopwearsize,Size,s,S,2016-05-21T00:00,TUL,1.7 d,
Apparel,womenethinicweartopwearsize,Size,xl,XL,2016-05-21T00:00,TUL,1.7 d,
Apparel,womenethinicweartopwearsize,Size,xs,XS,2016-05-21T00:00,TUL,1.7 d,
Apparel,womenethinicweartopwearsize,Size,xxl,XXL,2016-05-21T00:00,TUL,1.7 d,
Apparel,womenethinicweartopwearsize,Size,xxs,XXS,2016-05-21T00:00,TUL,1.7 d,
Apparel,womenfabric,Fabric Family,acrylic,Acrylic,2016-05-21T00:00,TUL,1.7 d,
Apparel,womenfabric,Fabric Family,blended,Blended,2016-05-21T00:00,TUL,1.7 d,
Apparel,womenfabric,Fabric Family,canvas,Canvas,2016-05-21T00:00,TUL,1.7 d,
Apparel,womenfabric,Fabric Family,chambray,Chambray,2016-05-21T00:00,TUL,1.7 d,
Apparel,womenfabric,Fabric Family,chiffon,Chiffon,2016-05-21T00:00,TUL,1.7 d,
Apparel,womenfabric,Fabric Family,corduroy,Corduroy,2016-05-21T00:00,TUL,1.7 d,
Apparel,womenfabric,Fabric Family,cotton,Cotton,2016-05-21T00:00,TUL,1.7 d,
Apparel,womenfabric,Fabric Family,cottonjersey,Cotton Jersey,2016-05-21T00:00,TUL,1.7 d,
Apparel,womenfabric,Fabric Family,cottonlycra,Cotton Lycra,2016-05-21T00:00,TUL,1.7 d,
Apparel,womenfabric,Fabric Family,cottonpolyblend,Cotton Polyblend,2016-05-21T00:00,TUL,1.7 d,
Apparel,womenfabric,Fabric Family,cottonsilk,Cotton Silk,2016-05-21T00:00,TUL,1.7 d,
Apparel,womenfabric,Fabric Family,crochet,Crochet,2016-05-21T00:00,TUL,1.7 d,
Apparel,womenfabric,Fabric Family,denim,Denim,2016-05-21T00:00,TUL,1.7 d,
Apparel,womenfabric,Fabric Family,down,Down,2016-05-21T00:00,TUL,1.7 d,
Apparel,womenfabric,Fabric Family,elastane,Elastane,2016-05-21T00:00,TUL,1.7 d,
Apparel,womenfabric,Fabric Family,fauxfur,Faux Fur,2016-05-21T00:00,TUL,1.7 d,
Apparel,womenfabric,Fabric Family,fauxleather,Faux leather,2016-05-21T00:00,TUL,1.7 d,
Apparel,womenfabric,Fabric Family,flax,Flax,2016-05-21T00:00,TUL,1.7 d,
Apparel,womenfabric,Fabric Family,fleece,Fleece,2016-05-21T00:00,TUL,1.7 d,
Apparel,womenfabric,Fabric Family,lace,Lace,2016-05-21T00:00,TUL,1.7 d,
Apparel,womenfabric,Fabric Family,leather,Leather,2016-05-21T00:00,TUL,1.7 d,
Apparel,womenfabric,Fabric Family,linen,Linen,2016-05-21T00:00,TUL,1.7 d,
Apparel,womenfabric,Fabric Family,linenblend,Linen Blend,2016-05-21T00:00,TUL,1.7 d,
Apparel,womenfabric,Fabric Family,lyocell,Lyocell,2016-05-21T00:00,TUL,1.7 d,
Apparel,womenfabric,Fabric Family,mesh,Mesh,2016-05-21T00:00,TUL,1.7 d,
Apparel,womenfabric,Fabric Family,microfibre,Microfibre,2016-05-21T00:00,TUL,1.7 d,
Apparel,womenfabric,Fabric Family,modal,Modal,2016-05-21T00:00,TUL,1.7 d,
Apparel,womenfabric,Fabric Family,nylon,Nylon,2016-05-21T00:00,TUL,1.7 d,
Apparel,womenfabric,Fabric Family,other,Other,2016-05-21T00:00,TUL,1.7 d,
Apparel,womenfabric,Fabric Family,pique,Pique,2016-05-21T00:00,TUL,1.7 d,
Apparel,womenfabric,Fabric Family,polyamide,Polyamide,2016-05-21T00:00,TUL,1.7 d,
Apparel,womenfabric,Fabric Family,polyster,Polyster,2016-05-21T00:00,TUL,1.7 d,
Apparel,womenfabric,Fabric Family,polyurethane,Polyurethane,2016-05-21T00:00,TUL,1.7 d,
Apparel,womenfabric,Fabric Family,pu,PU,2016-05-21T00:00,TUL,1.7 d,
Apparel,womenfabric,Fabric Family,pvc,PVC,2016-05-21T00:00,TUL,1.7 d,
Apparel,womenfabric,Fabric Family,ramie,Ramie,2016-05-21T00:00,TUL,1.7 d,
Apparel,womenfabric,Fabric Family,rayon,Rayon,2016-05-21T00:00,TUL,1.7 d,
Apparel,womenfabric,Fabric Family,rayonbyviscose,Rayon/Viscose,2016-05-21T00:00,TUL,1.7 d,
Apparel,womenfabric,Fabric Family,satin,Satin,2016-05-21T00:00,TUL,1.7 d,
Apparel,womenfabric,Fabric Family,seersucker,Seersucker,2016-05-21T00:00,TUL,1.7 d,
Apparel,womenfabric,Fabric Family,selfdesignbyjacquard,Self designed/Jacquard,2016-05-21T00:00,TUL,1.7 d,
Apparel,womenfabric,Fabric Family,silk,Silk,2016-05-21T00:00,TUL,1.7 d,
Apparel,womenfabric,Fabric Family,synthetic,Synthetic,2016-05-21T00:00,TUL,1.7 d,
Apparel,womenfabric,Fabric Family,taffeta,Taffeta,2016-05-21T00:00,TUL,1.7 d,
Apparel,womenfabric,Fabric Family,tencel,Tencel,2016-05-21T00:00,TUL,1.7 d,
Apparel,womenfabric,Fabric Family,terry,Terry,2016-05-21T00:00,TUL,1.7 d,
Apparel,womenfabric,Fabric Family,terylene,Terylene,2016-05-21T00:00,TUL,1.7 d,
Apparel,womenfabric,Fabric Family,tweed,Tweed,2016-05-21T00:00,TUL,1.7 d,
Apparel,womenfabric,Fabric Family,twill,Twill,2016-05-21T00:00,TUL,1.7 d,
Apparel,womenfabric,Fabric Family,velvet,Velvet,2016-05-21T00:00,TUL,1.7 d,
Apparel,womenfabric,Fabric Family,viscose,Viscose,2016-05-21T00:00,TUL,1.7 d,
Apparel,womenfabric,Fabric Family,wood,Wood,2016-05-21T00:00,TUL,1.7 d,
Apparel,womenfabric,Fabric Family,wool,Wool,2016-05-21T00:00,TUL,1.7 d,
Apparel,womenformalbottomwearpattern,Pattern,embellished,Embellished,2016-05-21T00:00,TUL,1.7 d,
Apparel,womenformalbottomwearpattern,Pattern,stripes,Stripes,2016-05-21T00:00,TUL,1.7 d,
Apparel,womenformalbottomwearpattern,Pattern,solid,Solid,2016-05-21T00:00,TUL,1.7 d,
Apparel,womenformalbottomwearpattern,Pattern,print,Print,2016-05-21T00:00,TUL,1.7 d,
Apparel,womenformalbottomwearpattern,Pattern,self,Self,2016-05-21T00:00,TUL,1.7 d,
Apparel,womenformalbottomwearpattern,Pattern,floral,Floral,2016-05-21T00:00,TUL,1.7 d,
Apparel,womenformalbottomwearpattern,Pattern,embroidery,Embroidery,2016-05-21T00:00,TUL,1.7 d,
Apparel,womenformalbottomwearpattern,Pattern,checks,Checks,2016-05-21T00:00,TUL,1.7 d,
Apparel,womenformalbottomwearpattern,Pattern,others,Others,2016-05-21T00:00,TUL,1.7 d,
Apparel,womenformalbottomwearsize,Size,3xl,3XL,2016-05-21T00:00,TUL,1.7 d,
Apparel,womenformalbottomwearsize,Size,4xl,4XL,2016-05-21T00:00,TUL,1.7 d,
Apparel,womenformalbottomwearsize,Size,5xl,5XL,2016-05-21T00:00,TUL,1.7 d,
Apparel,womenformalbottomwearsize,Size,6xl,6XL,2016-05-21T00:00,TUL,1.7 d,
Apparel,womenformalbottomwearsize,Size,freesize,Free Size,2016-05-21T00:00,TUL,1.7 d,
Apparel,womenformalbottomwearsize,Size,l,L,2016-05-21T00:00,TUL,1.7 d,
Apparel,womenformalbottomwearsize,Size,m,M,2016-05-21T00:00,TUL,1.7 d,
Apparel,womenformalbottomwearsize,Size,s,S,2016-05-21T00:00,TUL,1.7 d,
Apparel,womenformalbottomwearsize,Size,xl,XL,2016-05-21T00:00,TUL,1.7 d,
Apparel,womenformalbottomwearsize,Size,xs,XS,2016-05-21T00:00,TUL,1.7 d,
Apparel,womenformalbottomwearsize,Size,xxl,XXL,2016-05-21T00:00,TUL,1.7 d,
Apparel,womenformalbottomwearsize,Size,xxs,XXS,2016-05-21T00:00,TUL,1.7 d,
Apparel,womenformalbottomwearsize,Size,22,22,2016-05-21T00:00,TUL,1.7 d,
Apparel,womenformalbottomwearsize,Size,23,23,2016-05-21T00:00,TUL,1.7 d,
Apparel,womenformalbottomwearsize,Size,24,24,2016-05-21T00:00,TUL,1.7 d,
Apparel,womenformalbottomwearsize,Size,25,25,2016-05-21T00:00,TUL,1.7 d,
Apparel,womenformalbottomwearsize,Size,26,26,2016-05-21T00:00,TUL,1.7 d,
Apparel,womenformalbottomwearsize,Size,27,27,2016-05-21T00:00,TUL,1.7 d,
Apparel,womenformalbottomwearsize,Size,28,28,2016-05-21T00:00,TUL,1.7 d,
Apparel,womenformalbottomwearsize,Size,29,29,2016-05-21T00:00,TUL,1.7 d,
Apparel,womenformalbottomwearsize,Size,30,30,2016-05-21T00:00,TUL,1.7 d,
Apparel,womenformalbottomwearsize,Size,31,31,2016-05-21T00:00,TUL,1.7 d,
Apparel,womenformalbottomwearsize,Size,32,32,2016-05-21T00:00,TUL,1.7 d,
Apparel,womenformalbottomwearsize,Size,33,33,2016-05-21T00:00,TUL,1.7 d,
Apparel,womenformalbottomwearsize,Size,34,34,2016-05-21T00:00,TUL,1.7 d,
Apparel,womenformalbottomwearsize,Size,35,35,2016-05-21T00:00,TUL,1.7 d,
Apparel,womenformalbottomwearsize,Size,36,36,2016-05-21T00:00,TUL,1.7 d,
Apparel,womenformalbottomwearsize,Size,37,37,2016-05-21T00:00,TUL,1.7 d,
Apparel,womenformalbottomwearsize,Size,38,38,2016-05-21T00:00,TUL,1.7 d,
Apparel,womenformalbottomwearsize,Size,48,48,2016-05-21T00:00,TUL,1.7 d,
Apparel,womenformalbottomwearsize,Size,47,47,2016-05-21T00:00,TUL,1.7 d,
Apparel,womenformalbottomwearsize,Size,46,46,2016-05-21T00:00,TUL,1.7 d,
Apparel,womenformalbottomwearsize,Size,45,45,2016-05-21T00:00,TUL,1.7 d,
Apparel,womenformalbottomwearsize,Size,44,44,2016-05-21T00:00,TUL,1.7 d,
Apparel,womenformalbottomwearsize,Size,43,43,2016-05-21T00:00,TUL,1.7 d,
Apparel,womenformalbottomwearsize,Size,42,42,2016-05-21T00:00,TUL,1.7 d,
Apparel,womenformalbottomwearsize,Size,41,41,2016-05-21T00:00,TUL,1.7 d,
Apparel,womenformalbottomwearsize,Size,39,39,2016-05-21T00:00,TUL,1.7 d,
Apparel,womenformalbottomwearsize,Size,40,40,2016-05-21T00:00,TUL,1.7 d,
Apparel,womenformalsetdressneckcollar,Neck/Collar,boatneck,Boat neck,2016-05-21T00:00,TUL,1.7 d,
Apparel,womenformalsetdressneckcollar,Neck/Collar,cowlneck,Cowl neck,2016-05-21T00:00,TUL,1.7 d,
Apparel,womenformalsetdressneckcollar,Neck/Collar,halterneck,Halter neck,2016-05-21T00:00,TUL,1.7 d,
Apparel,womenformalsetdressneckcollar,Neck/Collar,offshoulder,Off Shoulder,2016-05-21T00:00,TUL,1.7 d,
Apparel,womenformalsetdressneckcollar,Neck/Collar,oneshoulder,One Shoulder,2016-05-21T00:00,TUL,1.7 d,
Apparel,womenformalsetdressneckcollar,Neck/Collar,peterpancollar,Peter pan collar,2016-05-21T00:00,TUL,1.7 d,
Apparel,womenformalsetdressneckcollar,Neck/Collar,roundneck,Round neck,2016-05-21T00:00,TUL,1.7 d,
Apparel,womenformalsetdressneckcollar,Neck/Collar,scoopneck,Scoop neck,2016-05-21T00:00,TUL,1.7 d,
Apparel,womenformalsetdressneckcollar,Neck/Collar,shawlneck,Shawl neck,2016-05-21T00:00,TUL,1.7 d,
Apparel,womenformalsetdressneckcollar,Neck/Collar,shirtcollar,Shirt collar,2016-05-21T00:00,TUL,1.7 d,
Apparel,womenformalsetdressneckcollar,Neck/Collar,squareneck,Square neck,2016-05-21T00:00,TUL,1.7 d,
Apparel,womenformalsetdressneckcollar,Neck/Collar,vneck,V neck,2016-05-21T00:00,TUL,1.7 d,
Apparel,womenformalsetdressneckcollar,Neck/Collar,sweetheartneck,Sweet heart neck,2016-05-21T00:00,TUL,1.7 d,
Apparel,womenformalsetdressneckcollar,Neck/Collar,uneck,U neck,2016-05-21T00:00,TUL,1.7 d,
Apparel,womenformalsetdressneckcollar,Neck/Collar,bandneck,Band Neck,2016-05-21T00:00,TUL,1.7 d,
Apparel,womenformalsetdressneckcollar,Neck/Collar,sqaureneck,Sqaure neck,2016-05-21T00:00,TUL,1.7 d,
Apparel,womenformalsetdressneckcollar,Neck/Collar,turtleneck,Turtle neck,2016-05-21T00:00,TUL,1.7 d,
Apparel,womenformalsetsuitneckcollar,Neck/Collar,peterpancollar,Peter pan collar,2016-05-21T00:00,TUL,1.7 d,
Apparel,womenformalsetsuitneckcollar,Neck/Collar,rollcollar,Roll collar,2016-05-21T00:00,TUL,1.7 d,
Apparel,womenformalsetsuitneckcollar,Neck/Collar,peakedlapel,Peaked lapel,2016-05-21T00:00,TUL,1.7 d,
Apparel,womenformalsetsuitneckcollar,Neck/Collar,notchedlapel,Notched lapel,2016-05-21T00:00,TUL,1.7 d,
Apparel,womenformalsetsuitneckcollar,Neck/Collar,shirtcollar,Shirt collar,2016-05-21T00:00,TUL,1.7 d,
Apparel,womenformalsetsuitpattern,Pattern,solid,Solid,2016-05-21T00:00,TUL,1.7 d,
Apparel,womenformalsetsuitpattern,Pattern,embellished,Embellished,2016-05-21T00:00,TUL,1.7 d,
Apparel,womenformalsetsuitpattern,Pattern,self,Self,2016-05-21T00:00,TUL,1.7 d,
Apparel,womenformalsetsuitpattern,Pattern,print,Print,2016-05-21T00:00,TUL,1.7 d,
Apparel,womenformalsetsuitpattern,Pattern,others,Others,2016-05-21T00:00,TUL,1.7 d,
Apparel,womenformalsetsuitpattern,Pattern,floral,Floral,2016-05-21T00:00,TUL,1.7 d,
Apparel,womenformalsetsuitpattern,Pattern,embroidery,Embroidery,2016-05-21T00:00,TUL,1.7 d,
Apparel,womenformalsetsuitpattern,Pattern,checks,Checks,2016-05-21T00:00,TUL,1.7 d,
Apparel,womenformalsetsuitpattern,Pattern,stripes,Stripes,2016-05-21T00:00,TUL,1.7 d,
Apparel,womenformaltopwearneckcollar,Neck/Collar,hood,Hood,2016-05-21T00:00,TUL,1.7 d,
Apparel,womenformaltopwearneckcollar,Neck/Collar,offshoulder,Off Shoulder,2016-05-21T00:00,TUL,1.7 d,
Apparel,womenformaltopwearneckcollar,Neck/Collar,sweetheartneck,Sweet heart neck,2016-05-21T00:00,TUL,1.7 d,
Apparel,womenformaltopwearneckcollar,Neck/Collar,squareneck,Square neck,2016-05-21T00:00,TUL,1.7 d,
Apparel,womenformaltopwearneckcollar,Neck/Collar,cowlneck,Cowl neck,2016-05-21T00:00,TUL,1.7 d,
Apparel,womenformaltopwearneckcollar,Neck/Collar,boatneck,Boat neck,2016-05-21T00:00,TUL,1.7 d,
Apparel,womenformaltopwearneckcollar,Neck/Collar,scoopneck,Scoop neck,2016-05-21T00:00,TUL,1.7 d,
Apparel,womenformaltopwearneckcollar,Neck/Collar,vneck,V neck,2016-05-21T00:00,TUL,1.7 d,
Apparel,womenformaltopwearneckcollar,Neck/Collar,crewneck,Crew neck,2016-05-21T00:00,TUL,1.7 d,
Apparel,womenformaltopwearneckcollar,Neck/Collar,spreadcollar,Spread collar,2016-05-21T00:00,TUL,1.7 d,
Apparel,womenformaltopwearneckcollar,Neck/Collar,slimcollar,Slim collar,2016-05-21T00:00,TUL,1.7 d,
Apparel,womenformaltopwearneckcollar,Neck/Collar,semitocutaway,Semi-cut away,2016-05-21T00:00,TUL,1.7 d,
Apparel,womenformaltopwearneckcollar,Neck/Collar,round,Round,2016-05-21T00:00,TUL,1.7 d,
Apparel,womenformaltopwearneckcollar,Neck/Collar,opencollar,Open collar,2016-05-21T00:00,TUL,1.7 d,
Apparel,womenformaltopwearneckcollar,Neck/Collar,mockcollar,Mock collar,2016-05-21T00:00,TUL,1.7 d,
Apparel,womenformaltopwearneckcollar,Neck/Collar,doublecollar,Double Collar,2016-05-21T00:00,TUL,1.7 d,
Apparel,womenformaltopwearneckcollar,Neck/Collar,cuttoawaycollar,Cut-away collar,2016-05-21T00:00,TUL,1.7 d,
Apparel,womenformaltopwearneckcollar,Neck/Collar,buttontodowncollar,Button-down collar,2016-05-21T00:00,TUL,1.7 d,
Apparel,womenformaltopwearneckcollar,Neck/Collar,halterneck,Halter neck,2016-05-21T00:00,TUL,1.7 d,
Apparel,womenformaltopwearneckcollar,Neck/Collar,other,Other,2016-05-21T00:00,TUL,1.7 d,
Apparel,womenformaltopwearneckcollar,Neck/Collar,rollcollar,Roll collar,2016-05-21T00:00,TUL,1.7 d,
Apparel,womenformaltopwearneckcollar,Neck/Collar,peakedlapel,Peaked lapel,2016-05-21T00:00,TUL,1.7 d,
Apparel,womenformaltopwearneckcollar,Neck/Collar,notchedlapel,Notched lapel,2016-05-21T00:00,TUL,1.7 d,
Apparel,womenformaltopwearneckcollar,Neck/Collar,mandarincollar,Mandarin collar,2016-05-21T00:00,TUL,1.7 d,
Apparel,womenformaltopwearneckcollar,Neck/Collar,shirtcollar,Shirt collar,2016-05-21T00:00,TUL,1.7 d,
Apparel,womenformaltopwearneckcollar,Neck/Collar,shawlcollar,Shawl collar,2016-05-21T00:00,TUL,1.7 d,
Apparel,womenformaltopwearneckcollar,Neck/Collar,strapless,Strapless,2016-05-21T00:00,TUL,1.7 d,
Apparel,womenformaltopwearneckcollar,Neck/Collar,oneshoulder,One Shoulder,2016-05-21T00:00,TUL,1.7 d,
Apparel,womenformaltopwearneckcollar,Neck/Collar,petertopancollar,Peter-Pan collar,2016-05-21T00:00,TUL,1.7 d,
Apparel,womenformaltopwearneckcollar,Neck/Collar,henley,Henley,2016-05-21T00:00,TUL,1.7 d,
Apparel,womenformaltopwearsize,Size,18,18,2016-05-21T00:00,TUL,1.7 d,
Apparel,womenformaltopwearsize,Size,16,16,2016-05-21T00:00,TUL,1.7 d,
Apparel,womenformaltopwearsize,Size,14,14,2016-05-21T00:00,TUL,1.7 d,
Apparel,womenformaltopwearsize,Size,12,12,2016-05-21T00:00,TUL,1.7 d,
Apparel,womenformaltopwearsize,Size,10,10,2016-05-21T00:00,TUL,1.7 d,
Apparel,womenformaltopwearsize,Size,36,36,2016-05-21T00:00,TUL,1.7 d,
Apparel,womenformaltopwearsize,Size,46,46,2016-05-21T00:00,TUL,1.7 d,
Apparel,womenformaltopwearsize,Size,44,44,2016-05-21T00:00,TUL,1.7 d,
Apparel,womenformaltopwearsize,Size,42,42,2016-05-21T00:00,TUL,1.7 d,
Apparel,womenformaltopwearsize,Size,40,40,2016-05-21T00:00,TUL,1.7 d,
Apparel,womenformaltopwearsize,Size,38,38,2016-05-21T00:00,TUL,1.7 d,
Apparel,womenformaltopwearsize,Size,34,34,2016-05-21T00:00,TUL,1.7 d,
Apparel,womenformaltopwearsize,Size,32,32,2016-05-21T00:00,TUL,1.7 d,
Apparel,womenformaltopwearsize,Size,30,30,2016-05-21T00:00,TUL,1.7 d,
Apparel,womenformaltopwearsize,Size,28,28,2016-05-21T00:00,TUL,1.7 d,
Apparel,womenformaltopwearsize,Size,20,20,2016-05-21T00:00,TUL,1.7 d,
Apparel,womenformaltopwearsize,Size,8,8,2016-05-21T00:00,TUL,1.7 d,
Apparel,womenformaltopwearsize,Size,6,6,2016-05-21T00:00,TUL,1.7 d,
Apparel,womenformaltopwearsize,Size,4,4,2016-05-21T00:00,TUL,1.7 d,
Apparel,womenformaltopwearsize,Size,2,2,2016-05-21T00:00,TUL,1.7 d,
Apparel,womenformaltopwearsize,Size,xxs,XXS,2016-05-21T00:00,TUL,1.7 d,
Apparel,womenformaltopwearsize,Size,xxl,XXL,2016-05-21T00:00,TUL,1.7 d,
Apparel,womenformaltopwearsize,Size,xs,XS,2016-05-21T00:00,TUL,1.7 d,
Apparel,womenformaltopwearsize,Size,xl,XL,2016-05-21T00:00,TUL,1.7 d,
Apparel,womenformaltopwearsize,Size,s,S,2016-05-21T00:00,TUL,1.7 d,
Apparel,womenformaltopwearsize,Size,m,M,2016-05-21T00:00,TUL,1.7 d,
Apparel,womenformaltopwearsize,Size,l,L,2016-05-21T00:00,TUL,1.7 d,
Apparel,womenformaltopwearsize,Size,freesize,Free Size,2016-05-21T00:00,TUL,1.7 d,
Apparel,womenformaltopwearsize,Size,6xl,6XL,2016-05-21T00:00,TUL,1.7 d,
Apparel,womenformaltopwearsize,Size,5xl,5XL,2016-05-21T00:00,TUL,1.7 d,
Apparel,womenformaltopwearsize,Size,3xl,3XL,2016-05-21T00:00,TUL,1.7 d,
Apparel,womenformaltopwearsize,Size,4xl,4XL,2016-05-21T00:00,TUL,1.7 d,
Apparel,womeninnerwearbrasize,Size,38g,38G,2016-05-21T00:00,TUL,1.7 d,
Apparel,womeninnerwearbrasize,Size,38gg,38GG,2016-05-21T00:00,TUL,1.7 d,
Apparel,womeninnerwearbrasize,Size,38h,38H,2016-05-21T00:00,TUL,1.7 d,
Apparel,womeninnerwearbrasize,Size,38hh,38HH,2016-05-21T00:00,TUL,1.7 d,
Apparel,womeninnerwearbrasize,Size,38j,38J,2016-05-21T00:00,TUL,1.7 d,
Apparel,womeninnerwearbrasize,Size,38jj,38JJ,2016-05-21T00:00,TUL,1.7 d,
Apparel,womeninnerwearbrasize,Size,38k,38K,2016-05-21T00:00,TUL,1.7 d,
Apparel,womeninnerwearbrasize,Size,40a,40A,2016-05-21T00:00,TUL,1.7 d,
Apparel,womeninnerwearbrasize,Size,40b,40B,2016-05-21T00:00,TUL,1.7 d,
Apparel,womeninnerwearbrasize,Size,40c,40C,2016-05-21T00:00,TUL,1.7 d,
Apparel,womeninnerwearbrasize,Size,40d,40D,2016-05-21T00:00,TUL,1.7 d,
Apparel,womeninnerwearbrasize,Size,40dd,40DD,2016-05-21T00:00,TUL,1.7 d,
Apparel,womeninnerwearbrasize,Size,40e,40E,2016-05-21T00:00,TUL,1.7 d,
Apparel,womeninnerwearbrasize,Size,40f,40F,2016-05-21T00:00,TUL,1.7 d,
Apparel,womeninnerwearbrasize,Size,40ff,40FF,2016-05-21T00:00,TUL,1.7 d,
Apparel,womeninnerwearbrasize,Size,40g,40G,2016-05-21T00:00,TUL,1.7 d,
Apparel,womeninnerwearbrasize,Size,40gg,40GG,2016-05-21T00:00,TUL,1.7 d,
Apparel,womeninnerwearbrasize,Size,40h,40H,2016-05-21T00:00,TUL,1.7 d,
Apparel,womeninnerwearbrasize,Size,40hh,40HH,2016-05-21T00:00,TUL,1.7 d,
Apparel,womeninnerwearbrasize,Size,40j,40J,2016-05-21T00:00,TUL,1.7 d,
Apparel,womeninnerwearbrasize,Size,40jj,40JJ,2016-05-21T00:00,TUL,1.7 d,
Apparel,womeninnerwearbrasize,Size,40k,40K,2016-05-21T00:00,TUL,1.7 d,
Apparel,womeninnerwearbrasize,Size,42a,42A,2016-05-21T00:00,TUL,1.7 d,
Apparel,womeninnerwearbrasize,Size,42b,42B,2016-05-21T00:00,TUL,1.7 d,
Apparel,womeninnerwearbrasize,Size,42c,42C,2016-05-21T00:00,TUL,1.7 d,
Apparel,womeninnerwearbrasize,Size,42d,42D,2016-05-21T00:00,TUL,1.7 d,
Apparel,womeninnerwearbrasize,Size,42dd,42DD,2016-05-21T00:00,TUL,1.7 d,
Apparel,womeninnerwearbrasize,Size,42e,42E,2016-05-21T00:00,TUL,1.7 d,
Apparel,womeninnerwearbrasize,Size,42f,42F,2016-05-21T00:00,TUL,1.7 d,
Apparel,womeninnerwearbrasize,Size,42ff,42FF,2016-05-21T00:00,TUL,1.7 d,
Apparel,womeninnerwearbrasize,Size,42g,42G,2016-05-21T00:00,TUL,1.7 d,
Apparel,womeninnerwearbrasize,Size,42gg,42GG,2016-05-21T00:00,TUL,1.7 d,
Apparel,womeninnerwearbrasize,Size,42h,42H,2016-05-21T00:00,TUL,1.7 d,
Apparel,womeninnerwearbrasize,Size,42hh,42HH,2016-05-21T00:00,TUL,1.7 d,
Apparel,womeninnerwearbrasize,Size,42j,42J,2016-05-21T00:00,TUL,1.7 d,
Apparel,womeninnerwearbrasize,Size,42jj,42JJ,2016-05-21T00:00,TUL,1.7 d,
Apparel,womeninnerwearbrasize,Size,42k,42K,2016-05-21T00:00,TUL,1.7 d,
Apparel,womeninnerwearbrasize,Size,44a,44A,2016-05-21T00:00,TUL,1.7 d,
Apparel,womeninnerwearbrasize,Size,44b,44B,2016-05-21T00:00,TUL,1.7 d,
Apparel,womeninnerwearbrasize,Size,44c,44C,2016-05-21T00:00,TUL,1.7 d,
Apparel,womeninnerwearbrasize,Size,44d,44D,2016-05-21T00:00,TUL,1.7 d,
Apparel,womeninnerwearbrasize,Size,44dd,44DD,2016-05-21T00:00,TUL,1.7 d,
Apparel,womeninnerwearbrasize,Size,44e,44E,2016-05-21T00:00,TUL,1.7 d,
Apparel,womeninnerwearbrasize,Size,44f,44F,2016-05-21T00:00,TUL,1.7 d,
Apparel,womeninnerwearbrasize,Size,44ff,44FF,2016-05-21T00:00,TUL,1.7 d,
Apparel,womeninnerwearbrasize,Size,44g,44G,2016-05-21T00:00,TUL,1.7 d,
Apparel,womeninnerwearbrasize,Size,44gg,44GG,2016-05-21T00:00,TUL,1.7 d,
Apparel,womeninnerwearbrasize,Size,44h,44H,2016-05-21T00:00,TUL,1.7 d,
Apparel,womeninnerwearbrasize,Size,44hh,44HH,2016-05-21T00:00,TUL,1.7 d,
Apparel,womeninnerwearbrasize,Size,44j,44J,2016-05-21T00:00,TUL,1.7 d,
Apparel,womeninnerwearbrasize,Size,44jj,44JJ,2016-05-21T00:00,TUL,1.7 d,
Apparel,womeninnerwearbrasize,Size,44k,44K,2016-05-21T00:00,TUL,1.7 d,
Apparel,womeninnerwearbrasize,Size,46a,46A,2016-05-21T00:00,TUL,1.7 d,
Apparel,womeninnerwearbrasize,Size,46b,46B,2016-05-21T00:00,TUL,1.7 d,
Apparel,womeninnerwearbrasize,Size,46c,46C,2016-05-21T00:00,TUL,1.7 d,
Apparel,womeninnerwearbrasize,Size,46d,46D,2016-05-21T00:00,TUL,1.7 d,
Apparel,womeninnerwearbrasize,Size,46dd,46DD,2016-05-21T00:00,TUL,1.7 d,
Apparel,womeninnerwearbrasize,Size,48j,48J,2016-05-21T00:00,TUL,1.7 d,
Apparel,womeninnerwearbrasize,Size,48jj,48JJ,2016-05-21T00:00,TUL,1.7 d,
Apparel,womeninnerwearbrasize,Size,48k,48K,2016-05-21T00:00,TUL,1.7 d,
Apparel,womeninnerwearbrasize,Size,50a,50A,2016-05-21T00:00,TUL,1.7 d,
Apparel,womeninnerwearbrasize,Size,50b,50B,2016-05-21T00:00,TUL,1.7 d,
Apparel,womeninnerwearbrasize,Size,50c,50C,2016-05-21T00:00,TUL,1.7 d,
Apparel,womeninnerwearbrasize,Size,50d,50D,2016-05-21T00:00,TUL,1.7 d,
Apparel,womeninnerwearbrasize,Size,50dd,50DD,2016-05-21T00:00,TUL,1.7 d,
Apparel,womeninnerwearbrasize,Size,50e,50E,2016-05-21T00:00,TUL,1.7 d,
Apparel,womeninnerwearbrasize,Size,50ff,50FF,2016-05-21T00:00,TUL,1.7 d,
Apparel,womeninnerwearbrasize,Size,50g,50G,2016-05-21T00:00,TUL,1.7 d,
Apparel,womeninnerwearbrasize,Size,50gg,50GG,2016-05-21T00:00,TUL,1.7 d,
Apparel,womeninnerwearbrasize,Size,50h,50H,2016-05-21T00:00,TUL,1.7 d,
Apparel,womeninnerwearbrasize,Size,50hh,50HH,2016-05-21T00:00,TUL,1.7 d,
Apparel,womeninnerwearbrasize,Size,50jj,50JJ,2016-05-21T00:00,TUL,1.7 d,
Apparel,womeninnerwearbrasize,Size,50f,50F,2016-05-21T00:00,TUL,1.7 d,
Apparel,womeninnerwearbrasize,Size,50j,50J,2016-05-21T00:00,TUL,1.7 d,
Apparel,womeninnerwearbrasize,Size,50k,50K,2016-05-21T00:00,TUL,1.7 d,
Apparel,womeninnerwearbrasize,Size,l,L,2016-05-21T00:00,TUL,1.7 d,
Apparel,womeninnerwearbrasize,Size,m,M,2016-05-21T00:00,TUL,1.7 d,
Apparel,womeninnerwearbrasize,Size,s,S,2016-05-21T00:00,TUL,1.7 d,
Apparel,womeninnerwearbrasize,Size,xl,XL,2016-05-21T00:00,TUL,1.7 d,
Apparel,womeninnerwearbrasize,Size,xs,XS,2016-05-21T00:00,TUL,1.7 d,
Apparel,womeninnerwearbrasize,Size,xxl,XXL,2016-05-21T00:00,TUL,1.7 d,
Apparel,womeninnerwearbrasize,Size,plussize,Plus Size,2016-05-21T00:00,TUL,1.7 d,
Apparel,womeninnerwearbrasize,Size,28a,28A,2016-05-21T00:00,TUL,1.7 d,
Apparel,womeninnerwearbrasize,Size,32aa,32AA,2016-05-21T00:00,TUL,1.7 d,
Apparel,womeninnerwearbrasize,Size,30aa,30AA,2016-05-21T00:00,TUL,1.7 d,
Apparel,womeninnerwearbrasize,Size,34a,34A,2016-05-21T00:00,TUL,1.7 d,
Apparel,womeninnerwearbrasize,Size,34aa,34AA,2016-05-21T00:00,TUL,1.7 d,
Apparel,womeninnerwearbrasize,Size,34b,34B,2016-05-21T00:00,TUL,1.7 d,
Apparel,womeninnerwearbrasize,Size,34c,34C,2016-05-21T00:00,TUL,1.7 d,
Apparel,womeninnerwearbrasize,Size,34d,34D,2016-05-21T00:00,TUL,1.7 d,
Apparel,womeninnerwearbrasize,Size,34e,34E,2016-05-21T00:00,TUL,1.7 d,
Apparel,womeninnerwearbrasize,Size,34dd,34DD,2016-05-21T00:00,TUL,1.7 d,
Apparel,womeninnerwearbrasize,Size,34f,34F,2016-05-21T00:00,TUL,1.7 d,
Apparel,womeninnerwearbrasize,Size,32h,32H,2016-05-21T00:00,TUL,1.7 d,
Apparel,womeninnerwearbrasize,Size,32hh,32HH,2016-05-21T00:00,TUL,1.7 d,
Apparel,womeninnerwearbrasize,Size,32j,32J,2016-05-21T00:00,TUL,1.7 d,
Apparel,womeninnerwearbrasize,Size,32jj,32JJ,2016-05-21T00:00,TUL,1.7 d,
Apparel,womeninnerwearbrasize,Size,32k,32K,2016-05-21T00:00,TUL,1.7 d,
Apparel,womeninnerwearbrasize,Size,36a,36A,2016-05-21T00:00,TUL,1.7 d,
Apparel,womeninnerwearbrasize,Size,36b,36B,2016-05-21T00:00,TUL,1.7 d,
Apparel,womeninnerwearbrasize,Size,36c,36C,2016-05-21T00:00,TUL,1.7 d,
Apparel,womeninnerwearbrasize,Size,36d,36D,2016-05-21T00:00,TUL,1.7 d,
Apparel,womeninnerwearbrasize,Size,36dd,36DD,2016-05-21T00:00,TUL,1.7 d,
Apparel,womeninnerwearbrasize,Size,36e,36E,2016-05-21T00:00,TUL,1.7 d,
Apparel,womeninnerwearbrasize,Size,36f,36F,2016-05-21T00:00,TUL,1.7 d,
Apparel,womeninnerwearbrasize,Size,36ff,36FF,2016-05-21T00:00,TUL,1.7 d,
Apparel,womeninnerwearbrasize,Size,36g,36G,2016-05-21T00:00,TUL,1.7 d,
Apparel,womeninnerwearbrasize,Size,36gg,36GG,2016-05-21T00:00,TUL,1.7 d,
Apparel,womeninnerwearbrasize,Size,36h,36H,2016-05-21T00:00,TUL,1.7 d,
Apparel,womeninnerwearbrasize,Size,36hh,36HH,2016-05-21T00:00,TUL,1.7 d,
Apparel,womeninnerwearbrasize,Size,36j,36J,2016-05-21T00:00,TUL,1.7 d,
Apparel,womeninnerwearbrasize,Size,36jj,36JJ,2016-05-21T00:00,TUL,1.7 d,
Apparel,womeninnerwearbrasize,Size,36k,36K,2016-05-21T00:00,TUL,1.7 d,
Apparel,womeninnerwearbrasize,Size,38a,38A,2016-05-21T00:00,TUL,1.7 d,
Apparel,womeninnerwearbrasize,Size,38b,38B,2016-05-21T00:00,TUL,1.7 d,
Apparel,womeninnerwearbrasize,Size,38c,38C,2016-05-21T00:00,TUL,1.7 d,
Apparel,womeninnerwearbrasize,Size,38d,38D,2016-05-21T00:00,TUL,1.7 d,
Apparel,womeninnerwearbrasize,Size,38dd,38DD,2016-05-21T00:00,TUL,1.7 d,
Apparel,womeninnerwearbrasize,Size,38e,38E,2016-05-21T00:00,TUL,1.7 d,
Apparel,womeninnerwearbrasize,Size,38f,38F,2016-05-21T00:00,TUL,1.7 d,
Apparel,womeninnerwearbrasize,Size,38ff,38FF,2016-05-21T00:00,TUL,1.7 d,
Apparel,womeninnerwearbrasize,Size,26,26,2016-05-21T00:00,TUL,1.7 d,
Apparel,womeninnerwearbrasize,Size,30,30,2016-05-21T00:00,TUL,1.7 d,
Apparel,womeninnerwearbrasize,Size,28b,28B,2016-05-21T00:00,TUL,1.7 d,
Apparel,womeninnerwearbrasize,Size,28c,28C,2016-05-21T00:00,TUL,1.7 d,
Apparel,womeninnerwearbrasize,Size,28dd,28DD,2016-05-21T00:00,TUL,1.7 d,
Apparel,womeninnerwearbrasize,Size,28e,28E,2016-05-21T00:00,TUL,1.7 d,
Apparel,womeninnerwearbrasize,Size,28f,28F,2016-05-21T00:00,TUL,1.7 d,
Apparel,womeninnerwearbrasize,Size,28g,28G,2016-05-21T00:00,TUL,1.7 d,
Apparel,womeninnerwearbrasize,Size,28h,28H,2016-05-21T00:00,TUL,1.7 d,
Apparel,womeninnerwearbrasize,Size,28j,28J,2016-05-21T00:00,TUL,1.7 d,
Apparel,womeninnerwearbrasize,Size,28k,28K,2016-05-21T00:00,TUL,1.7 d,
Apparel,womeninnerwearbrasize,Size,30a,30A,2016-05-21T00:00,TUL,1.7 d,
Apparel,womeninnerwearbrasize,Size,30b,30B,2016-05-21T00:00,TUL,1.7 d,
Apparel,womeninnerwearbrasize,Size,30c,30C,2016-05-21T00:00,TUL,1.7 d,
Apparel,womeninnerwearbrasize,Size,30d,30D,2016-05-21T00:00,TUL,1.7 d,
Apparel,womeninnerwearbrasize,Size,30dd,30DD,2016-05-21T00:00,TUL,1.7 d,
Apparel,womeninnerwearbrasize,Size,30e,30E,2016-05-21T00:00,TUL,1.7 d,
Apparel,womeninnerwearbrasize,Size,30f,30F,2016-05-21T00:00,TUL,1.7 d,
Apparel,womeninnerwearbrasize,Size,30ff,30FF,2016-05-21T00:00,TUL,1.7 d,
Apparel,womeninnerwearbrasize,Size,30g,30G,2016-05-21T00:00,TUL,1.7 d,
Apparel,womeninnerwearbrasize,Size,30h,30H,2016-05-21T00:00,TUL,1.7 d,
Apparel,womeninnerwearbrasize,Size,30hh,30HH,2016-05-21T00:00,TUL,1.7 d,
Apparel,womeninnerwearbrasize,Size,30j,30J,2016-05-21T00:00,TUL,1.7 d,
Apparel,womeninnerwearbrasize,Size,30jj,30JJ,2016-05-21T00:00,TUL,1.7 d,
Apparel,womeninnerwearbrasize,Size,30k,30K,2016-05-21T00:00,TUL,1.7 d,
Apparel,womeninnerwearbrasize,Size,32a,32A,2016-05-21T00:00,TUL,1.7 d,
Apparel,womeninnerwearbrasize,Size,32b,32B,2016-05-21T00:00,TUL,1.7 d,
Apparel,womeninnerwearbrasize,Size,32c,32C,2016-05-21T00:00,TUL,1.7 d,
Apparel,womeninnerwearbrasize,Size,32d,32D,2016-05-21T00:00,TUL,1.7 d,
Apparel,womeninnerwearbrasize,Size,32dd,32DD,2016-05-21T00:00,TUL,1.7 d,
Apparel,womeninnerwearbrasize,Size,32e,32E,2016-05-21T00:00,TUL,1.7 d,
Apparel,womeninnerwearbrasize,Size,32f,32F,2016-05-21T00:00,TUL,1.7 d,
Apparel,womeninnerwearbrasize,Size,32ff,32FF,2016-05-21T00:00,TUL,1.7 d,
Apparel,womeninnerwearbrasize,Size,32g,32G,2016-05-21T00:00,TUL,1.7 d,
Apparel,womeninnerwearbrasize,Size,32gg,32GG,2016-05-21T00:00,TUL,1.7 d,
Apparel,womeninnerwearbrasize,Size,46e,46E,2016-05-21T00:00,TUL,1.7 d,
Apparel,womeninnerwearbrasize,Size,46f,46F,2016-05-21T00:00,TUL,1.7 d,
Apparel,womeninnerwearbrasize,Size,46ff,46FF,2016-05-21T00:00,TUL,1.7 d,
Apparel,womeninnerwearbrasize,Size,46g,46G,2016-05-21T00:00,TUL,1.7 d,
Apparel,womeninnerwearbrasize,Size,46gg,46GG,2016-05-21T00:00,TUL,1.7 d,
Apparel,womeninnerwearbrasize,Size,46h,46H,2016-05-21T00:00,TUL,1.7 d,
Apparel,womeninnerwearbrasize,Size,46hh,46HH,2016-05-21T00:00,TUL,1.7 d,
Apparel,womeninnerwearbrasize,Size,46j,46J,2016-05-21T00:00,TUL,1.7 d,
Apparel,womeninnerwearbrasize,Size,46jj,46JJ,2016-05-21T00:00,TUL,1.7 d,
Apparel,womeninnerwearbrasize,Size,46k,46K,2016-05-21T00:00,TUL,1.7 d,
Apparel,womeninnerwearbrasize,Size,48a,48A,2016-05-21T00:00,TUL,1.7 d,
Apparel,womeninnerwearbrasize,Size,48b,48B,2016-05-21T00:00,TUL,1.7 d,
Apparel,womeninnerwearbrasize,Size,48c,48C,2016-05-21T00:00,TUL,1.7 d,
Apparel,womeninnerwearbrasize,Size,48d,48D,2016-05-21T00:00,TUL,1.7 d,
Apparel,womeninnerwearbrasize,Size,48dd,48DD,2016-05-21T00:00,TUL,1.7 d,
Apparel,womeninnerwearbrasize,Size,48e,48E,2016-05-21T00:00,TUL,1.7 d,
Apparel,womeninnerwearbrasize,Size,48f,48F,2016-05-21T00:00,TUL,1.7 d,
Apparel,womeninnerwearbrasize,Size,48ff,48FF,2016-05-21T00:00,TUL,1.7 d,
Apparel,womeninnerwearbrasize,Size,48g,48G,2016-05-21T00:00,TUL,1.7 d,
Apparel,womeninnerwearbrasize,Size,48gg,48GG,2016-05-21T00:00,TUL,1.7 d,
Apparel,womeninnerwearbrasize,Size,48h,48H,2016-05-21T00:00,TUL,1.7 d,
Apparel,womeninnerwearbrasize,Size,48hh,48HH,2016-05-21T00:00,TUL,1.7 d,
Apparel,womeninnerwearbrasize,Size,womeninnerwearbrasizexxxl,XXXL,2016-06-16T00:00,TUL,1.7 g,
Apparel,womeninnerwearbriefsize,Size,l,L,2016-05-21T00:00,TUL,1.7 d,
Apparel,womeninnerwearbriefsize,Size,m,M,2016-05-21T00:00,TUL,1.7 d,
Apparel,womeninnerwearbriefsize,Size,plussize,Plus Size,2016-05-21T00:00,TUL,1.7 d,
Apparel,womeninnerwearbriefsize,Size,xxl,XXL,2016-05-21T00:00,TUL,1.7 d,
Apparel,womeninnerwearbriefsize,Size,xl,XL,2016-05-21T00:00,TUL,1.7 d,
Apparel,womeninnerwearbriefsize,Size,xs,XS,2016-05-21T00:00,TUL,1.7 d,
Apparel,womeninnerwearbriefsize,Size,s,S,2016-05-21T00:00,TUL,1.7 d,
Apparel,womeninnerwearbriefsize,Size,womeninnerwearbriefsizexxxl,XXXL,2016-06-16T00:00,TUL,1.7 g,
Apparel,womenpattern,Pattern,checks,Checks,2016-05-21T00:00,TUL,1.7 d,
Apparel,womenpattern,Pattern,paisley,Paisley,2016-05-21T00:00,TUL,1.7 d,
Apparel,womenpattern,Pattern,floral,Floral,2016-05-21T00:00,TUL,1.7 d,
Apparel,womenpattern,Pattern,print,Print,2016-05-21T00:00,TUL,1.7 d,
Apparel,womenpattern,Pattern,solid,Solid,2016-05-21T00:00,TUL,1.7 d,
Apparel,womenpattern,Pattern,stripes,Stripes,2016-05-21T00:00,TUL,1.7 d,
Apparel,womenpattern,Pattern,embellished,Embellished,2016-05-21T00:00,TUL,1.7 d,
Apparel,womenpattern,Pattern,self,Self,2016-05-21T00:00,TUL,1.7 d,
Apparel,womenpattern,Pattern,graphic,Graphic,2016-05-21T00:00,TUL,1.7 d,
Apparel,womenpattern,Pattern,logo,Logo,2016-05-21T00:00,TUL,1.7 d,
Apparel,womenpattern,Pattern,geometric,Geometric,2016-05-21T00:00,TUL,1.7 d,
Apparel,womenpattern,Pattern,polkadot,Polka Dot,2016-05-21T00:00,TUL,1.7 d,
Apparel,womenpattern,Pattern,animalprint,Animal Print,2016-05-21T00:00,TUL,1.7 d,
Apparel,womenpattern,Pattern,quilted,Quilted,2016-05-21T00:00,TUL,1.7 d,
Apparel,womenpattern,Pattern,tie-dye,Tie - Dye,2016-05-21T00:00,TUL,1.7 d,
Apparel,womenpattern,Pattern,pinstripes,Pin Stripes,2016-05-21T00:00,TUL,1.7 d,
Apparel,womenpattern,Pattern,ombre,Ombre,2016-05-21T00:00,TUL,1.7 d,
Apparel,womenpattern,Pattern,plaid,Plaid,2016-05-21T00:00,TUL,1.7 d,
Apparel,womenpattern,Pattern,tropical,Tropical,2016-05-21T00:00,TUL,1.7 d,
Apparel,womenpattern,Pattern,distressed,Distressed,2016-05-21T00:00,TUL,1.7 d,
Apparel,womenpattern,Pattern,aztec,Aztec,2016-05-21T00:00,TUL,1.7 d,
Apparel,womenpattern,Pattern,chevron,Chevron,2016-05-21T00:00,TUL,1.7 d,
Apparel,womenpattern,Pattern,gingham,Gingham,2016-05-21T00:00,TUL,1.7 d,
Apparel,womenpattern,Pattern,metallic,Metallic,2016-05-21T00:00,TUL,1.7 d,
Apparel,womenpattern,Pattern,houndstooth,Houndstooth,2016-05-21T00:00,TUL,1.7 d,
Apparel,womenpattern,Pattern,camo,Camo,2016-05-21T00:00,TUL,1.7 d,
Apparel,womenpattern,Pattern,heart,Heart,2016-05-21T00:00,TUL,1.7 d,
Apparel,womenpattern,Pattern,jacquard,Jacquard,2016-05-21T00:00,TUL,1.7 d,
Apparel,womenpattern,Pattern,lace,Lace,2016-05-21T00:00,TUL,1.7 d,
Apparel,womenpattern,Pattern,brocade,Brocade,2016-05-21T00:00,TUL,1.7 d,
Apparel,womenpattern,Pattern,abstract,Abstract,2016-05-21T00:00,TUL,1.7 d,
Apparel,womenpattern,Pattern,patchwork,Patchwork,2016-05-21T00:00,TUL,1.7 d,
Apparel,womenpattern,Pattern,argyle,Argyle,2016-05-21T00:00,TUL,1.7 d,
Apparel,womenpattern,Pattern,crochet,Crochet,2016-05-21T00:00,TUL,1.7 d,
Apparel,womenpattern,Pattern,herringbone,Herringbone,2016-05-21T00:00,TUL,1.7 d,
Apparel,womenpattern,Pattern,tribal,Tribal,2016-05-21T00:00,TUL,1.7 d,
Apparel,womenpattern,Pattern,other,Other,2016-05-21T00:00,TUL,1.7 d,
Apparel,womenpattern,Pattern,others,Others,2016-05-21T00:00,TUL,1.7 d,
Apparel,womenpattern,Pattern,embroidery,Embroidery,2016-05-21T00:00,TUL,1.7 d,
Apparel,womensetcontents,Set Contents,trouserjacket,Trouser Jacket,2016-05-21T00:00,TUL,1.7 d,
Apparel,womensetcontents,Set Contents,skirtjacket,Skirt Jacket,2016-05-21T00:00,TUL,1.7 d,
Apparel,womensleepwearsize,Size,28j,28J,2016-05-21T00:00,TUL,1.7 d,
Apparel,womensleepwearsize,Size,28k,28K,2016-05-21T00:00,TUL,1.7 d,
Apparel,womensleepwearsize,Size,30a,30A,2016-05-21T00:00,TUL,1.7 d,
Apparel,womensleepwearsize,Size,30b,30B,2016-05-21T00:00,TUL,1.7 d,
Apparel,womensleepwearsize,Size,30c,30C,2016-05-21T00:00,TUL,1.7 d,
Apparel,womensleepwearsize,Size,30d,30D,2016-05-21T00:00,TUL,1.7 d,
Apparel,womensleepwearsize,Size,30dd,30DD,2016-05-21T00:00,TUL,1.7 d,
Apparel,womensleepwearsize,Size,30e,30E,2016-05-21T00:00,TUL,1.7 d,
Apparel,womensleepwearsize,Size,30f,30F,2016-05-21T00:00,TUL,1.7 d,
Apparel,womensleepwearsize,Size,30ff,30FF,2016-05-21T00:00,TUL,1.7 d,
Apparel,womensleepwearsize,Size,30h,30H,2016-05-21T00:00,TUL,1.7 d,
Apparel,womensleepwearsize,Size,30hh,30HH,2016-05-21T00:00,TUL,1.7 d,
Apparel,womensleepwearsize,Size,30j,30J,2016-05-21T00:00,TUL,1.7 d,
Apparel,womensleepwearsize,Size,30jj,30JJ,2016-05-21T00:00,TUL,1.7 d,
Apparel,womensleepwearsize,Size,30k,30K,2016-05-21T00:00,TUL,1.7 d,
Apparel,womensleepwearsize,Size,32a,32A,2016-05-21T00:00,TUL,1.7 d,
Apparel,womensleepwearsize,Size,32b,32B,2016-05-21T00:00,TUL,1.7 d,
Apparel,womensleepwearsize,Size,32c,32C,2016-05-21T00:00,TUL,1.7 d,
Apparel,womensleepwearsize,Size,32d,32D,2016-05-21T00:00,TUL,1.7 d,
Apparel,womensleepwearsize,Size,32dd,32DD,2016-05-21T00:00,TUL,1.7 d,
Apparel,womensleepwearsize,Size,32e,32E,2016-05-21T00:00,TUL,1.7 d,
Apparel,womensleepwearsize,Size,32f,32F,2016-05-21T00:00,TUL,1.7 d,
Apparel,womensleepwearsize,Size,32ff,32FF,2016-05-21T00:00,TUL,1.7 d,
Apparel,womensleepwearsize,Size,32g,32G,2016-05-21T00:00,TUL,1.7 d,
Apparel,womensleepwearsize,Size,32gg,32GG,2016-05-21T00:00,TUL,1.7 d,
Apparel,womensleepwearsize,Size,32h,32H,2016-05-21T00:00,TUL,1.7 d,
Apparel,womensleepwearsize,Size,32hh,32HH,2016-05-21T00:00,TUL,1.7 d,
Apparel,womensleepwearsize,Size,50e,50E,2016-05-21T00:00,TUL,1.7 d,
Apparel,womensleepwearsize,Size,50f,50F,2016-05-21T00:00,TUL,1.7 d,
Apparel,womensleepwearsize,Size,50ff,50FF,2016-05-21T00:00,TUL,1.7 d,
Apparel,womensleepwearsize,Size,50g,50G,2016-05-21T00:00,TUL,1.7 d,
Apparel,womensleepwearsize,Size,50gg,50GG,2016-05-21T00:00,TUL,1.7 d,
Apparel,womensleepwearsize,Size,50h,50H,2016-05-21T00:00,TUL,1.7 d,
Apparel,womensleepwearsize,Size,50hh,50HH,2016-05-21T00:00,TUL,1.7 d,
Apparel,womensleepwearsize,Size,50j,50J,2016-05-21T00:00,TUL,1.7 d,
Apparel,womensleepwearsize,Size,50jj,50JJ,2016-05-21T00:00,TUL,1.7 d,
Apparel,womensleepwearsize,Size,50k,50K,2016-05-21T00:00,TUL,1.7 d,
Apparel,womensleepwearsize,Size,plussize,Plus Size,2016-05-21T00:00,TUL,1.7 d,
Apparel,womensleepwearsize,Size,28a,28A,2016-05-21T00:00,TUL,1.7 d,
Apparel,womensleepwearsize,Size,32aa,32AA,2016-05-21T00:00,TUL,1.7 d,
Apparel,womensleepwearsize,Size,30aa,30AA,2016-05-21T00:00,TUL,1.7 d,
Apparel,womensleepwearsize,Size,34a,34A,2016-05-21T00:00,TUL,1.7 d,
Apparel,womensleepwearsize,Size,34aa,34AA,2016-05-21T00:00,TUL,1.7 d,
Apparel,womensleepwearsize,Size,34b,34B,2016-05-21T00:00,TUL,1.7 d,
Apparel,womensleepwearsize,Size,34c,34C,2016-05-21T00:00,TUL,1.7 d,
Apparel,womensleepwearsize,Size,34d,34D,2016-05-21T00:00,TUL,1.7 d,
Apparel,womensleepwearsize,Size,34e,34E,2016-05-21T00:00,TUL,1.7 d,
Apparel,womensleepwearsize,Size,34dd,34DD,2016-05-21T00:00,TUL,1.7 d,
Apparel,womensleepwearsize,Size,34f,34F,2016-05-21T00:00,TUL,1.7 d,
Apparel,womensleepwearsize,Size,26,26,2016-05-21T00:00,TUL,1.7 d,
Apparel,womensleepwearsize,Size,27,27,2016-05-21T00:00,TUL,1.7 d,
Apparel,womensleepwearsize,Size,28,28,2016-05-21T00:00,TUL,1.7 d,
Apparel,womensleepwearsize,Size,29,29,2016-05-21T00:00,TUL,1.7 d,
Apparel,womensleepwearsize,Size,30,30,2016-05-21T00:00,TUL,1.7 d,
Apparel,womensleepwearsize,Size,31,31,2016-05-21T00:00,TUL,1.7 d,
Apparel,womensleepwearsize,Size,32,32,2016-05-21T00:00,TUL,1.7 d,
Apparel,womensleepwearsize,Size,33,33,2016-05-21T00:00,TUL,1.7 d,
Apparel,womensleepwearsize,Size,34,34,2016-05-21T00:00,TUL,1.7 d,
Apparel,womensleepwearsize,Size,35,35,2016-05-21T00:00,TUL,1.7 d,
Apparel,womensleepwearsize,Size,36,36,2016-05-21T00:00,TUL,1.7 d,
Apparel,womensleepwearsize,Size,37,37,2016-05-21T00:00,TUL,1.7 d,
Apparel,womensleepwearsize,Size,38,38,2016-05-21T00:00,TUL,1.7 d,
Apparel,womensleepwearsize,Size,39,39,2016-05-21T00:00,TUL,1.7 d,
Apparel,womensleepwearsize,Size,40,40,2016-05-21T00:00,TUL,1.7 d,
Apparel,womensleepwearsize,Size,41,41,2016-05-21T00:00,TUL,1.7 d,
Apparel,womensleepwearsize,Size,42,42,2016-05-21T00:00,TUL,1.7 d,
Apparel,womensleepwearsize,Size,43,43,2016-05-21T00:00,TUL,1.7 d,
Apparel,womensleepwearsize,Size,44,44,2016-05-21T00:00,TUL,1.7 d,
Apparel,womensleepwearsize,Size,45,45,2016-05-21T00:00,TUL,1.7 d,
Apparel,womensleepwearsize,Size,46,46,2016-05-21T00:00,TUL,1.7 d,
Apparel,womensleepwearsize,Size,47,47,2016-05-21T00:00,TUL,1.7 d,
Apparel,womensleepwearsize,Size,48,48,2016-05-21T00:00,TUL,1.7 d,
Apparel,womensleepwearsize,Size,3xl,3XL,2016-05-21T00:00,TUL,1.7 d,
Apparel,womensleepwearsize,Size,4xl,4XL,2016-05-21T00:00,TUL,1.7 d,
Apparel,womensleepwearsize,Size,5xl,5XL,2016-05-21T00:00,TUL,1.7 d,
Apparel,womensleepwearsize,Size,6xl,6XL,2016-05-21T00:00,TUL,1.7 d,
Apparel,womensleepwearsize,Size,freesize,Free Size,2016-05-21T00:00,TUL,1.7 d,
Apparel,womensleepwearsize,Size,l,L,2016-05-21T00:00,TUL,1.7 d,
Apparel,womensleepwearsize,Size,m,M,2016-05-21T00:00,TUL,1.7 d,
Apparel,womensleepwearsize,Size,s,S,2016-05-21T00:00,TUL,1.7 d,
Apparel,womensleepwearsize,Size,xl,XL,2016-05-21T00:00,TUL,1.7 d,
Apparel,womensleepwearsize,Size,xs,XS,2016-05-21T00:00,TUL,1.7 d,
Apparel,womensleepwearsize,Size,xxl,XXL,2016-05-21T00:00,TUL,1.7 d,
Apparel,womensleepwearsize,Size,xxs,XXS,2016-05-21T00:00,TUL,1.7 d,
Apparel,womensleepwearsize,Size,28b,28B,2016-05-21T00:00,TUL,1.7 d,
Apparel,womensleepwearsize,Size,28c,28C,2016-05-21T00:00,TUL,1.7 d,
Apparel,womensleepwearsize,Size,28dd,28DD,2016-05-21T00:00,TUL,1.7 d,
Apparel,womensleepwearsize,Size,28e,28E,2016-05-21T00:00,TUL,1.7 d,
Apparel,womensleepwearsize,Size,28f,28F,2016-05-21T00:00,TUL,1.7 d,
Apparel,womensleepwearsize,Size,28g,28G,2016-05-21T00:00,TUL,1.7 d,
Apparel,womensleepwearsize,Size,28h,28H,2016-05-21T00:00,TUL,1.7 d,
Apparel,womensleepwearsize,Size,42b,42B,2016-05-21T00:00,TUL,1.7 d,
Apparel,womensleepwearsize,Size,42c,42C,2016-05-21T00:00,TUL,1.7 d,
Apparel,womensleepwearsize,Size,42d,42D,2016-05-21T00:00,TUL,1.7 d,
Apparel,womensleepwearsize,Size,42dd,42DD,2016-05-21T00:00,TUL,1.7 d,
Apparel,womensleepwearsize,Size,42e,42E,2016-05-21T00:00,TUL,1.7 d,
Apparel,womensleepwearsize,Size,42f,42F,2016-05-21T00:00,TUL,1.7 d,
Apparel,womensleepwearsize,Size,42ff,42FF,2016-05-21T00:00,TUL,1.7 d,
Apparel,womensleepwearsize,Size,42g,42G,2016-05-21T00:00,TUL,1.7 d,
Apparel,womensleepwearsize,Size,42gg,42GG,2016-05-21T00:00,TUL,1.7 d,
Apparel,womensleepwearsize,Size,42h,42H,2016-05-21T00:00,TUL,1.7 d,
Apparel,womensleepwearsize,Size,42hh,42HH,2016-05-21T00:00,TUL,1.7 d,
Apparel,womensleepwearsize,Size,42j,42J,2016-05-21T00:00,TUL,1.7 d,
Apparel,womensleepwearsize,Size,42jj,42JJ,2016-05-21T00:00,TUL,1.7 d,
Apparel,womensleepwearsize,Size,42k,42K,2016-05-21T00:00,TUL,1.7 d,
Apparel,womensleepwearsize,Size,44a,44A,2016-05-21T00:00,TUL,1.7 d,
Apparel,womensleepwearsize,Size,44b,44B,2016-05-21T00:00,TUL,1.7 d,
Apparel,womensleepwearsize,Size,44c,44C,2016-05-21T00:00,TUL,1.7 d,
Apparel,womensleepwearsize,Size,44d,44D,2016-05-21T00:00,TUL,1.7 d,
Apparel,womensleepwearsize,Size,44dd,44DD,2016-05-21T00:00,TUL,1.7 d,
Apparel,womensleepwearsize,Size,44e,44E,2016-05-21T00:00,TUL,1.7 d,
Apparel,womensleepwearsize,Size,44f,44F,2016-05-21T00:00,TUL,1.7 d,
Apparel,womensleepwearsize,Size,44ff,44FF,2016-05-21T00:00,TUL,1.7 d,
Apparel,womensleepwearsize,Size,44g,44G,2016-05-21T00:00,TUL,1.7 d,
Apparel,womensleepwearsize,Size,44gg,44GG,2016-05-21T00:00,TUL,1.7 d,
Apparel,womensleepwearsize,Size,44h,44H,2016-05-21T00:00,TUL,1.7 d,
Apparel,womensleepwearsize,Size,44hh,44HH,2016-05-21T00:00,TUL,1.7 d,
Apparel,womensleepwearsize,Size,44j,44J,2016-05-21T00:00,TUL,1.7 d,
Apparel,womensleepwearsize,Size,44jj,44JJ,2016-05-21T00:00,TUL,1.7 d,
Apparel,womensleepwearsize,Size,44k,44K,2016-05-21T00:00,TUL,1.7 d,
Apparel,womensleepwearsize,Size,46a,46A,2016-05-21T00:00,TUL,1.7 d,
Apparel,womensleepwearsize,Size,46b,46B,2016-05-21T00:00,TUL,1.7 d,
Apparel,womensleepwearsize,Size,46c,46C,2016-05-21T00:00,TUL,1.7 d,
Apparel,womensleepwearsize,Size,46d,46D,2016-05-21T00:00,TUL,1.7 d,
Apparel,womensleepwearsize,Size,46dd,46DD,2016-05-21T00:00,TUL,1.7 d,
Apparel,womensleepwearsize,Size,46e,46E,2016-05-21T00:00,TUL,1.7 d,
Apparel,womensleepwearsize,Size,46f,46F,2016-05-21T00:00,TUL,1.7 d,
Apparel,womensleepwearsize,Size,46ff,46FF,2016-05-21T00:00,TUL,1.7 d,
Apparel,womensleepwearsize,Size,46g,46G,2016-05-21T00:00,TUL,1.7 d,
Apparel,womensleepwearsize,Size,46gg,46GG,2016-05-21T00:00,TUL,1.7 d,
Apparel,womensleepwearsize,Size,46h,46H,2016-05-21T00:00,TUL,1.7 d,
Apparel,womensleepwearsize,Size,46hh,46HH,2016-05-21T00:00,TUL,1.7 d,
Apparel,womensleepwearsize,Size,46j,46J,2016-05-21T00:00,TUL,1.7 d,
Apparel,womensleepwearsize,Size,46jj,46JJ,2016-05-21T00:00,TUL,1.7 d,
Apparel,womensleepwearsize,Size,46k,46K,2016-05-21T00:00,TUL,1.7 d,
Apparel,womensleepwearsize,Size,48a,48A,2016-05-21T00:00,TUL,1.7 d,
Apparel,womensleepwearsize,Size,48b,48B,2016-05-21T00:00,TUL,1.7 d,
Apparel,womensleepwearsize,Size,48c,48C,2016-05-21T00:00,TUL,1.7 d,
Apparel,womensleepwearsize,Size,48d,48D,2016-05-21T00:00,TUL,1.7 d,
Apparel,womensleepwearsize,Size,48dd,48DD,2016-05-21T00:00,TUL,1.7 d,
Apparel,womensleepwearsize,Size,48e,48E,2016-05-21T00:00,TUL,1.7 d,
Apparel,womensleepwearsize,Size,48f,48F,2016-05-21T00:00,TUL,1.7 d,
Apparel,womensleepwearsize,Size,48ff,48FF,2016-05-21T00:00,TUL,1.7 d,
Apparel,womensleepwearsize,Size,48g,48G,2016-05-21T00:00,TUL,1.7 d,
Apparel,womensleepwearsize,Size,48gg,48GG,2016-05-21T00:00,TUL,1.7 d,
Apparel,womensleepwearsize,Size,48h,48H,2016-05-21T00:00,TUL,1.7 d,
Apparel,womensleepwearsize,Size,48hh,48HH,2016-05-21T00:00,TUL,1.7 d,
Apparel,womensleepwearsize,Size,48j,48J,2016-05-21T00:00,TUL,1.7 d,
Apparel,womensleepwearsize,Size,48jj,48JJ,2016-05-21T00:00,TUL,1.7 d,
Apparel,womensleepwearsize,Size,48k,48K,2016-05-21T00:00,TUL,1.7 d,
Apparel,womensleepwearsize,Size,50a,50A,2016-05-21T00:00,TUL,1.7 d,
Apparel,womensleepwearsize,Size,50b,50B,2016-05-21T00:00,TUL,1.7 d,
Apparel,womensleepwearsize,Size,50c,50C,2016-05-21T00:00,TUL,1.7 d,
Apparel,womensleepwearsize,Size,50d,50D,2016-05-21T00:00,TUL,1.7 d,
Apparel,womensleepwearsize,Size,50dd,50DD,2016-05-21T00:00,TUL,1.7 d,
Apparel,womensleepwearsize,Size,30g,30G,2016-05-21T00:00,TUL,1.7 d,
Apparel,womensleepwearsize,Size,32j,32J,2016-05-21T00:00,TUL,1.7 d,
Apparel,womensleepwearsize,Size,32jj,32JJ,2016-05-21T00:00,TUL,1.7 d,
Apparel,womensleepwearsize,Size,32k,32K,2016-05-21T00:00,TUL,1.7 d,
Apparel,womensleepwearsize,Size,36a,36A,2016-05-21T00:00,TUL,1.7 d,
Apparel,womensleepwearsize,Size,36b,36B,2016-05-21T00:00,TUL,1.7 d,
Apparel,womensleepwearsize,Size,36c,36C,2016-05-21T00:00,TUL,1.7 d,
Apparel,womensleepwearsize,Size,36d,36D,2016-05-21T00:00,TUL,1.7 d,
Apparel,womensleepwearsize,Size,36dd,36DD,2016-05-21T00:00,TUL,1.7 d,
Apparel,womensleepwearsize,Size,36e,36E,2016-05-21T00:00,TUL,1.7 d,
Apparel,womensleepwearsize,Size,36f,36F,2016-05-21T00:00,TUL,1.7 d,
Apparel,womensleepwearsize,Size,36ff,36FF,2016-05-21T00:00,TUL,1.7 d,
Apparel,womensleepwearsize,Size,36g,36G,2016-05-21T00:00,TUL,1.7 d,
Apparel,womensleepwearsize,Size,36gg,36GG,2016-05-21T00:00,TUL,1.7 d,
Apparel,womensleepwearsize,Size,36h,36H,2016-05-21T00:00,TUL,1.7 d,
Apparel,womensleepwearsize,Size,36hh,36HH,2016-05-21T00:00,TUL,1.7 d,
Apparel,womensleepwearsize,Size,36j,36J,2016-05-21T00:00,TUL,1.7 d,
Apparel,womensleepwearsize,Size,36jj,36JJ,2016-05-21T00:00,TUL,1.7 d,
Apparel,womensleepwearsize,Size,36k,36K,2016-05-21T00:00,TUL,1.7 d,
Apparel,womensleepwearsize,Size,38a,38A,2016-05-21T00:00,TUL,1.7 d,
Apparel,womensleepwearsize,Size,38b,38B,2016-05-21T00:00,TUL,1.7 d,
Apparel,womensleepwearsize,Size,38c,38C,2016-05-21T00:00,TUL,1.7 d,
Apparel,womensleepwearsize,Size,38d,38D,2016-05-21T00:00,TUL,1.7 d,
Apparel,womensleepwearsize,Size,38dd,38DD,2016-05-21T00:00,TUL,1.7 d,
Apparel,womensleepwearsize,Size,38e,38E,2016-05-21T00:00,TUL,1.7 d,
Apparel,womensleepwearsize,Size,38f,38F,2016-05-21T00:00,TUL,1.7 d,
Apparel,womensleepwearsize,Size,38ff,38FF,2016-05-21T00:00,TUL,1.7 d,
Apparel,womensleepwearsize,Size,38g,38G,2016-05-21T00:00,TUL,1.7 d,
Apparel,womensleepwearsize,Size,38gg,38GG,2016-05-21T00:00,TUL,1.7 d,
Apparel,womensleepwearsize,Size,38h,38H,2016-05-21T00:00,TUL,1.7 d,
Apparel,womensleepwearsize,Size,38hh,38HH,2016-05-21T00:00,TUL,1.7 d,
Apparel,womensleepwearsize,Size,38j,38J,2016-05-21T00:00,TUL,1.7 d,
Apparel,womensleepwearsize,Size,38jj,38JJ,2016-05-21T00:00,TUL,1.7 d,
Apparel,womensleepwearsize,Size,38k,38K,2016-05-21T00:00,TUL,1.7 d,
Apparel,womensleepwearsize,Size,40b,40B,2016-05-21T00:00,TUL,1.7 d,
Apparel,womensleepwearsize,Size,40c,40C,2016-05-21T00:00,TUL,1.7 d,
Apparel,womensleepwearsize,Size,40d,40D,2016-05-21T00:00,TUL,1.7 d,
Apparel,womensleepwearsize,Size,40dd,40DD,2016-05-21T00:00,TUL,1.7 d,
Apparel,womensleepwearsize,Size,40e,40E,2016-05-21T00:00,TUL,1.7 d,
Apparel,womensleepwearsize,Size,40a,40A,2016-05-21T00:00,TUL,1.7 d,
Apparel,womensleepwearsize,Size,40f,40F,2016-05-21T00:00,TUL,1.7 d,
Apparel,womensleepwearsize,Size,40ff,40FF,2016-05-21T00:00,TUL,1.7 d,
Apparel,womensleepwearsize,Size,40g,40G,2016-05-21T00:00,TUL,1.7 d,
Apparel,womensleepwearsize,Size,40gg,40GG,2016-05-21T00:00,TUL,1.7 d,
Apparel,womensleepwearsize,Size,40h,40H,2016-05-21T00:00,TUL,1.7 d,
Apparel,womensleepwearsize,Size,40hh,40HH,2016-05-21T00:00,TUL,1.7 d,
Apparel,womensleepwearsize,Size,40j,40J,2016-05-21T00:00,TUL,1.7 d,
Apparel,womensleepwearsize,Size,40jj,40JJ,2016-05-21T00:00,TUL,1.7 d,
Apparel,womensleepwearsize,Size,40k,40K,2016-05-21T00:00,TUL,1.7 d,
Apparel,womensleepwearsize,Size,42a,42A,2016-05-21T00:00,TUL,1.7 d,
Apparel,womensleeve,Sleeve,fullsleeves,Full Sleeves,2016-05-21T00:00,TUL,1.7 d,
Apparel,womensleeve,Sleeve,3by4thsleeve,3/4th sleeve,2016-05-21T00:00,TUL,1.7 d,
Apparel,womensleeve,Sleeve,capsleeves,Cap sleeves,2016-05-21T00:00,TUL,1.7 d,
Apparel,womensleeve,Sleeve,cuffsleeve,Cuff sleeve,2016-05-21T00:00,TUL,1.7 d,
Apparel,womensleeve,Sleeve,elbowsleeves,Elbow sleeves,2016-05-21T00:00,TUL,1.7 d,
Apparel,womensleeve,Sleeve,puffsleeve,Puff Sleeve,2016-05-21T00:00,TUL,1.7 d,
Apparel,womensleeve,Sleeve,shortsleeve,Short sleeve,2016-05-21T00:00,TUL,1.7 d,
Apparel,womensleeve,Sleeve,shoulderstraps,Shoulder straps,2016-05-21T00:00,TUL,1.7 d,
Apparel,womensleeve,Sleeve,sleeveless,Sleeveless,2016-05-21T00:00,TUL,1.7 d,
Apparel,womensleeve,Sleeve,offtoshoulder,Off- shoulder,2016-05-21T00:00,TUL,1.7 d,
Apparel,womensleeve,Sleeve,magyarsleeves,Magyar Sleeves,2016-05-21T00:00,TUL,1.7 d,
Apparel,womensleeve,Sleeve,kimonosleeve,Kimono sleeve,2016-05-21T00:00,TUL,1.7 d,
Apparel,womentopwearfit,Fit,extraskinny,Extra skinny,2016-05-21T00:00,TUL,1.7 d,
Apparel,womentopwearfit,Fit,loosefit,Loose fit,2016-05-21T00:00,TUL,1.7 d,
Apparel,womentopwearfit,Fit,slimfit,Slim fit,2016-05-21T00:00,TUL,1.7 d,
Apparel,womentopwearfit,Fit,relaxedfit,Relaxed Fit,2016-05-21T00:00,TUL,1.7 d,
Apparel,womentopwearfit,Fit,skinny,Skinny,2016-05-21T00:00,TUL,1.7 d,
Apparel,womentopwearfit,Fit,regularfit,Regular fit,2016-05-21T00:00,TUL,1.7 d,
Apparel,womencasualbottomwearjeanslowersize,Size,womencasualbottomwearjeanslowersize6,6,2016-05-21T00:00,TUL,1.7 d,
Apparel,womencasualbottomwearjeanslowersize,Size,womencasualbottomwearjeanslowersize8,8,2016-05-21T00:00,TUL,1.7 d,
Apparel,womencasualbottomwearjeanslowersize,Size,womencasualbottomwearjeanslowersize10,10,2016-05-21T00:00,TUL,1.7 d,
Apparel,womencasualbottomwearjeanslowersize,Size,womencasualbottomwearjeanslowersize12,12,2016-05-21T00:00,TUL,1.7 d,
Apparel,womencasualbottomwearjeanslowersize,Size,womencasualbottomwearjeanslowersize14,14,2016-05-21T00:00,TUL,1.7 d,
Apparel,womencasualbottomwearjeanslowersize,Size,womencasualbottomwearjeanslowersize16,16,2016-05-21T00:00,TUL,1.7 d,
Apparel,womencasualbottomwearjeanslowersize,Size,womencasualbottomwearjeanslowersize18,18,2016-05-21T00:00,TUL,1.7 d,
Apparel,womencasualbottomwearjeanslowersize,Size,womencasualbottomwearjeanslowersize20,20,2016-05-21T00:00,TUL,1.7 d,
Apparel,womencasualweardressesjumperssize,Size,womencasualweardressesjumperssize4,4,2016-05-21T00:00,TUL,1.7 d,
Apparel,womencasualweardressesjumperssize,Size,womencasualweardressesjumperssize6,6,2016-05-21T00:00,TUL,1.7 d,
Apparel,womencasualweardressesjumperssize,Size,womencasualweardressesjumperssize8,8,2016-05-21T00:00,TUL,1.7 d,
Apparel,womencasualweardressesjumperssize,Size,womencasualweardressesjumperssize10,10,2016-05-21T00:00,TUL,1.7 d,
Apparel,womencasualweardressesjumperssize,Size,womencasualweardressesjumperssize12,12,2016-05-21T00:00,TUL,1.7 d,
Apparel,womencasualweardressesjumperssize,Size,womencasualweardressesjumperssize14,14,2016-05-21T00:00,TUL,1.7 d,
Apparel,womencasualweardressesjumperssize,Size,womencasualweardressesjumperssize16,16,2016-05-21T00:00,TUL,1.7 d,
Apparel,womencasualweardressesjumperssize,Size,womencasualweardressesjumperssize18,18,2016-05-21T00:00,TUL,1.7 d,
Apparel,womencasualweardressesjumperssize,Size,womencasualweardressesjumperssize20,20,2016-05-21T00:00,TUL,1.7 d,
Apparel,womeninnerwearbriefsize,Size,womeninnerwearbriefsize8,8,2016-08-02T00:00,TUL,1.7j,LOV added as part of TISPRD-4248
Apparel,womeninnerwearbriefsize,Size,womeninnerwearbriefsize10,10,2016-08-02T00:00,TUL,1.7j,LOV added as part of TISPRD-4248
Apparel,womeninnerwearbriefsize,Size,womeninnerwearbriefsize12,12,2016-08-02T00:00,TUL,1.7j,LOV added as part of TISPRD-4248
Apparel,womeninnerwearbriefsize,Size,womeninnerwearbriefsize14,14,2016-08-02T00:00,TUL,1.7j,LOV added as part of TISPRD-4248
Apparel,womeninnerwearbriefsize,Size,womeninnerwearbriefsize16,16,2016-08-02T00:00,TUL,1.7j,LOV added as part of TISPRD-4248
Apparel,womeninnerwearbriefsize,Size,womeninnerwearbriefsize32B,32B,2016-08-02T00:00,TUL,1.7j,LOV added as part of TISPRD-4248
Apparel,womeninnerwearbriefsize,Size,womeninnerwearbriefsize32C,32C,2016-08-02T00:00,TUL,1.7j,LOV added as part of TISPRD-4248
Apparel,womeninnerwearbriefsize,Size,womeninnerwearbriefsize32D,32D,2016-08-02T00:00,TUL,1.7j,LOV added as part of TISPRD-4248
Apparel,womeninnerwearbriefsize,Size,womeninnerwearbriefsize34B,34B,2016-08-02T00:00,TUL,1.7j,LOV added as part of TISPRD-4248
Apparel,womeninnerwearbriefsize,Size,womeninnerwearbriefsize34C,34C,2016-08-02T00:00,TUL,1.7j,LOV added as part of TISPRD-4248
Apparel,womeninnerwearbriefsize,Size,womeninnerwearbriefsize36B,36B,2016-08-02T00:00,TUL,1.7j,LOV added as part of TISPRD-4248
Apparel,womeninnerwearbriefsize,Size,womeninnerwearbriefsize36C,36C,2016-08-02T00:00,TUL,1.7j,LOV added as part of TISPRD-4248
Apparel,womeninnerwearbriefsize,Size,womeninnerwearbriefsize30B,30B,2016-08-02T00:00,TUL,1.7j,LOV added as part of TISPRD-4248
Apparel,womeninnerwearbriefsize,Size,womeninnerwearbriefsize30C,30C,2016-08-02T00:00,TUL,1.7j,LOV added as part of TISPRD-4248
Apparel,womeninnerwearbriefsize,Size,womeninnerwearbriefsize34D,34D,2016-08-02T00:00,TUL,1.7j,LOV added as part of TISPRD-4248
Apparel,packcolor,Pack Color,beige,Beige,2016-08-08T00:00,PCM,1.7k,LOV added as part of LOV correction exercise
Apparel,packcolor,Pack Color,black,black,2016-08-08T00:00,PCM,1.7k,LOV added as part of LOV correction exercise
Apparel,packcolor,Pack Color,blue,Blue,2016-08-08T00:00,PCM,1.7k,LOV added as part of LOV correction exercise
Apparel,packcolor,Pack Color,brown,Brown,2016-08-08T00:00,PCM,1.7k,LOV added as part of LOV correction exercise
Apparel,packcolor,Pack Color,coral,Coral,2016-08-08T00:00,PCM,1.7k,LOV added as part of LOV correction exercise
Apparel,packcolor,Pack Color,gold,Gold,2016-08-08T00:00,PCM,1.7k,LOV added as part of LOV correction exercise
Apparel,packcolor,Pack Color,green,Green,2016-08-08T00:00,PCM,1.7k,LOV added as part of LOV correction exercise
Apparel,packcolor,Pack Color,grey,Grey,2016-08-08T00:00,PCM,1.7k,LOV added as part of LOV correction exercise
Apparel,packcolor,Pack Color,khaki,Khaki,2016-08-08T00:00,PCM,1.7k,LOV added as part of LOV correction exercise
Apparel,packcolor,Pack Color,maroon,Maroon,2016-08-08T00:00,PCM,1.7k,LOV added as part of LOV correction exercise
Apparel,packcolor,Pack Color,metallic,Metallic,2016-08-08T00:00,PCM,1.7k,LOV added as part of LOV correction exercise
Apparel,packcolor,Pack Color,multi,Multi,2016-08-08T00:00,PCM,1.7k,LOV added as part of LOV correction exercise
Apparel,packcolor,Pack Color,navy,Navy,2016-08-08T00:00,PCM,1.7k,LOV added as part of LOV correction exercise
Apparel,packcolor,Pack Color,orange,Orange,2016-08-08T00:00,PCM,1.7k,LOV added as part of LOV correction exercise
Apparel,packcolor,Pack Color,peach,Peach,2016-08-08T00:00,PCM,1.7k,LOV added as part of LOV correction exercise
Apparel,packcolor,Pack Color,pewter,Pewter,2016-08-08T00:00,PCM,1.7k,LOV added as part of LOV correction exercise
Apparel,packcolor,Pack Color,pink,Pink,2016-08-08T00:00,PCM,1.7k,LOV added as part of LOV correction exercise
Apparel,packcolor,Pack Color,purple,Purple,2016-08-08T00:00,PCM,1.7k,LOV added as part of LOV correction exercise
Apparel,packcolor,Pack Color,red,Red,2016-08-08T00:00,PCM,1.7k,LOV added as part of LOV correction exercise
Apparel,packcolor,Pack Color,silver,Silver,2016-08-08T00:00,PCM,1.7k,LOV added as part of LOV correction exercise
Apparel,packcolor,Pack Color,tan,Tan,2016-08-08T00:00,PCM,1.7k,LOV added as part of LOV correction exercise
Apparel,packcolor,Pack Color,turquoise,Turquoise,2016-08-08T00:00,PCM,1.7k,LOV added as part of LOV correction exercise
Apparel,packcolor,Pack Color,white,White,2016-08-08T00:00,PCM,1.7k,LOV added as part of LOV correction exercise
Apparel,packcolor,Pack Color,yellow,Yellow,2016-08-08T00:00,PCM,1.7k,LOV added as part of LOV correction exercise
Apparel,mencasualtopwearsize,Size,mencasualtopwearsize52,52,2016-08-12T00:00,PCM,1.7l,LOV added as part of LOV correction exercise
Apparel,fittopwearmen,Fit,extraslimfit,Extra Slim Fit,2016-08-29T00:00,PCM,1.7N,LOV added as part of implementation of TISPRD-5226
Apparel,collectiondateapparel,Collection Date,collectiondateapparelaug2018,Aug-2018,2018-07-31T00:00,PCM,1.7P,Added for Womens Kurta/Kurti as per TPR-9695,
Apparel,collectiondateapparel,Collection Date,collectiondateapparelsep2018,Sep-2018,2018-07-31T00:00,PCM,1.7P,Added for Womens Kurta/Kurti as per TPR-9695,
Apparel,collectiondateapparel,Collection Date,collectiondateappareloct2018,Oct-2018,2018-07-31T00:00,PCM,1.7P,Added for Womens Kurta/Kurti as per TPR-9695,
Apparel,seasonapparel,Season,seasonapparelss18,SS18,2018-09-05T00:00,PCM,1.7P,Added for Womens Kurta/Kurti as per TPR-9695
Apparel,seasonapparel,Season,seasonapparelaw18,AW18,2018-09-05T00:00,PCM,1.7P,Added for Womens Kurta/Kurti as per TPR-9695
Apparel,seasonapparel,Season,seasonapparelss19,SS19,2018-09-05T00:00,PCM,1.7P,Added for Womens Kurta/Kurti as per TPR-9695
Apparel,seasonapparel,Season,seasonapparelaw19,AW19,2018-09-05T00:00,PCM,1.7P,Added for Womens Kurta/Kurti as per TPR-9695
Apparel,lengthapparel,Length,lengthapparellong,Long,2018-09-05T00:00,PCM,1.7P,Added for Womens Kurta/Kurti as per TPR-9695
Apparel,lengthapparel,Length,lengthapparelshort,Short,2018-09-05T00:00,PCM,1.7P,Added for Womens Kurta/Kurti as per TPR-9695
Apparel,lengthapparel,Length,lengthapparelkneelength,Knee Length,2018-09-05T00:00,PCM,1.7P,Added for Womens Kurta/Kurti as per TPR-9695
Apparel,lengthapparel,Length,lengthapparelanklelength,Ankle Length,2018-09-05T00:00,PCM,1.7P,Added for Womens Kurta/Kurti as per TPR-9695
Apparel,lengthapparel,Length,lengthapparelcalf length,Calf Length,2018-09-05T00:00,PCM,1.7P,Added for Womens Kurta/Kurti as per TPR-9695
Apparel,lengthapparel,Length,lengthapparelhip length,Hip Length,2018-09-05T00:00,PCM,1.7P,Added for Womens Kurta/Kurti as per TPR-9695
Apparel,lengthapparel,Length,lengthapparelabove knee,Above Knee,2018-09-05T00:00,PCM,1.7P,Added for Womens Kurta/Kurti as per TPR-9695
Apparel,shapeapparel,Shape,shapeapparelbodycon,Bodycon,2018-09-05T00:00,PCM,1.7P,Added for Womens Kurta/Kurti as per TPR-9695
Apparel,shapeapparel,Shape,shapeapparelhourglass,Hourglass,2018-09-05T00:00,PCM,1.7P,Added for Womens Kurta/Kurti as per TPR-9695
Apparel,shapeapparel,Shape,shapeapparelwrap,Wrap,2018-09-05T00:00,PCM,1.7P,Added for Womens Kurta/Kurti as per TPR-9695
Apparel,shapeapparel,Shape,shapeapparelflared,Flared,2018-09-05T00:00,PCM,1.7P,Added for Womens Kurta/Kurti as per TPR-9695
Apparel,shapeapparel,Shape,shapeappareltiered,Tiered,2018-09-05T00:00,PCM,1.7P,Added for Womens Kurta/Kurti as per TPR-9695
Apparel,pocketapparel,Pocket,pocketapparelslitpocket,Slit Pocket,2018-09-05T00:00,PCM,1.7P,Added for Womens Kurta/Kurti as per TPR-9695
Apparel,pocketapparel,Pocket,pocketapparelnopocket,No Pocket,2018-09-05T00:00,PCM,1.7P,Added for Womens Kurta/Kurti as per TPR-9695
Apparel,pocketapparel,Pocket,pocketapparelcrosspocket,Cross Pocket,2018-09-05T00:00,PCM,1.7P,Added for Womens Kurta/Kurti as per TPR-9695
Apparel,keytrendsapparel,Key Trends,keytrendsapparelminimal,Minimal,2020-05-06T00:00,PCM,1.7p_UPF-37,Added as per UPF-37
Apparel,colorgroupapparel,Color Group,colorgroupapparelpastel,Pastel,2020-05-06T00:00,PCM,1.7p_UPF-37,Added as per UPF-37
Apparel,colorgroupapparel,Color Group,colorgroupapparelaqua,Aqua,2020-05-06T00:00,PCM,1.7p_UPF-37,Added as per UPF-37
Apparel,colorgroupapparel,Color Group,colorgroupapparelindigo,Indigo,2020-05-06T00:00,PCM,1.7p_UPF-37,Added as per UPF-37
Apparel,sportstypeapparel,Sports Type,sportstypeapparelfootball,Football,2020-05-06T00:00,PCM,1.7p_UPF-37,Added as per UPF-37
Apparel,sportstypeapparel,Sports Type,sportstypeapparelcricket,Cricket,2020-05-06T00:00,PCM,1.7p_UPF-37,Added as per UPF-37
Apparel,sportstypeapparel,Sports Type,sportstypeapparelbasketball,Basketball,2020-05-06T00:00,PCM,1.7p_UPF-37,Added as per UPF-37
Apparel,sleevestylingapparel,Sleeve Styling,sleevestylingapparelbellsleeves,Bell Sleeves,2020-05-06T00:00,PCM,1.7p_UPF-37,Added as per UPF-37
Apparel,sleevestylingapparel,Sleeve Styling,sleevestylingapparelpuffsleeves,Puff Sleeves,2020-05-06T00:00,PCM,1.7p_UPF-37,Added as per UPF-37
Apparel,bottomlengthapparel,Bottom Length,bottomlengthapparelcropped,Cropped,2020-05-06T00:00,PCM,1.7p_UPF-37,Added as per UPF-37
Apparel,bottomlengthapparel,Bottom Length,bottomlengthapparelregular,Regular,2020-05-06T00:00,PCM,1.7p_UPF-37,Added as per UPF-37
Apparel,blouseclosureapparel,Blouse Closure,blouseclosureapparelbutton,Button,2020-05-06T00:00,PCM,1.7p_UPF-37,Added as per UPF-37
Apparel,blouseclosureapparel,Blouse Closure,blouseclosureapparelzip,Zip,2020-05-06T00:00,PCM,1.7p_UPF-37,Added as per UPF-37
Apparel,stitchapparel,Stitch,stitchapparelsemi,Semi,2020-05-06T00:00,PCM,1.7p_UPF-37,Added as per UPF-37
Apparel,stitchapparel,Stitch,stitchapparelreadymade,Readymade,2020-05-06T00:00,PCM,1.7p_UPF-37,Added as per UPF-37
Apparel,stitchapparel,Stitch,stitchapparelunstitched,Unstitiched,2020-05-06T00:00,PCM,1.7p_UPF-37,Added as per UPF-37
Apparel,bottomclosureapparel,Bottom Closure,bottomclosureapparelhook,Hook,2020-05-06T00:00,PCM,1.7p_UPF-37,Added as per UPF-37
Apparel,bottomclosureapparel,Bottom Closure,bottomclosureapparelzip,Zip,2020-05-06T00:00,PCM,1.7p_UPF-37,Added as per UPF-37
Apparel,bottomclosureapparel,Bottom Closure,bottomclosureapparelelastic,Elastic,2020-05-06T00:00,PCM,1.7p_UPF-37,Added as per UPF-37
Apparel,dupattapatternapparel,Dupatta Pattern,dupattapatternapparelprinted,Printed,2020-05-06T00:00,PCM,1.7p_UPF-37,Added as per UPF-37
Apparel,dupattapatternapparel,Dupatta Pattern,dupattapatternapparelsolid,Solid,2020-05-06T00:00,PCM,1.7p_UPF-37,Added as per UPF-37
Apparel,dupattapatternapparel,Dupatta Pattern,dupattapatternapparelstriped,Striped,2020-05-06T00:00,PCM,1.7p_UPF-37,Added as per UPF-37
Apparel,bottomtypeapparel,Bottom Type,bottomtypeapparelpalazzo,Palazzo,2020-05-06T00:00,PCM,1.7p_UPF-37,Added as per UPF-37
Apparel,bottomtypeapparel,Bottom Type,bottomtypeapparelchuridar,Churidar,2020-05-06T00:00,PCM,1.7p_UPF-37,Added as per UPF-37
Apparel,bottomtypeapparel,Bottom Type,bottomtypeapparelculottes,Culottes,2020-05-06T00:00,PCM,1.7p_UPF-37,Added as per UPF-37
Apparel,seasonapparel,Season,seasonapparelaw20,AW20,2020-05-06T00:00,PCM,1.7p_UPF-37,Added as per UPF-37
Apparel,seasonapparel,Season,seasonapparelss21,SS21,2020-05-06T00:00,PCM,1.7p_UPF-37,Added as per UPF-37
Apparel,seasonapparel,Season,seasonapparelaw21,AW21,2020-05-06T00:00,PCM,1.7p_UPF-37,Added as per UPF-37
