"category_code","template_code","display_order","required","filterable","searchable","comparable","visible","editable","metadata"
"MPH1110","PF_0015","1","false","true","true","true","true","true","{""displayGroup"": ""Story Name""}"
"MPH1110101102","PF_0089","1","false","true","true","true","true","true","{""displayGroup"": ""Size""}"
"MPH1110101105","PF006","1","false","true","true","true","true","true","{""displayGroup"": ""Sleeve""}"
"MPH1110101107","PF006","1","false","true","true","true","true","true","{""displayGroup"": ""Sleeve""}"
"MPH1110101109","PF_0018","1","false","true","true","true","true","true","{""displayGroup"": ""Pattern""}"
"MPH1110101110","PF_0018","1","false","true","true","true","true","true","{""displayGroup"": ""Pattern""}"
"MPH1110101111","PF_0089","1","false","true","true","true","true","true","{""displayGroup"": ""Size""}"
"MPH1110101114","PF008","1","false","true","true","true","true","true","{""displayGroup"": ""Dress Length""}"
"MPH1110102100","womenpattern","1","false","true","true","true","true","true","{""displayGroup"": ""Pattern""}"
"MPH1110102103","womenpattern","1","false","true","true","true","true","true","{""displayGroup"": ""Pattern""}"
"MPH1110102104","womentopwearfit","1","false","true","true","true","true","true","{""displayGroup"": ""Fit""}"
"MPH1110103100","womencasualtopwearsize","1","false","true","true","true","true","true","{""displayGroup"": ""Size""}"
"MPH1110103100","womentopwearfit","2","false","true","true","true","true","true","{""displayGroup"": ""Fit""}"
"MPH1110103100","womencasualtopwearsleeve","3","false","true","true","true","true","true","{""displayGroup"": ""Sleeve""}"
"MPH1110104100","tshirttype","1","false","true","true","true","true","true","{""displayGroup"": ""Tshirt Type""}"
"MPH1110105100","wiring","1","false","true","true","true","true","true","{""displayGroup"": ""Wiring""}"
"MPH1110105101","wiring","1","false","true","true","true","true","true","{""displayGroup"": ""Wiring""}"
"MPH1110105103","wiring","1","false","true","true","true","true","true","{""displayGroup"": ""Wiring""}"
"MPH1110105105","womeninnerwearbrasize","1","false","true","true","true","true","true","{""displayGroup"": ""Size""}"
"MPH1110105106","womeninnerwearbriefsize","1","false","true","true","true","true","true","{""displayGroup"": ""Size""}"
"MPH1110105107","bratype","1","false","true","true","true","true","true","{""displayGroup"": ""Bra Type""}"
"MPH1110105107","sleepwearcoverage","2","false","true","true","true","true","true","{""displayGroup"": ""Length""}"
"MPH1110105109","bratype","1","false","true","true","true","true","true","{""displayGroup"": ""Bra Type""}"
"MPH1110105109","womeninnerwearbrasize","2","false","true","true","true","true","true","{""displayGroup"": ""Size""}"
"MPH1111","stylecode","1","false","true","true","true","true","true","{""displayGroup"": ""Style Code""}"
"MPH1111","fabricapparel","2","false","true","true","true","true","true","{""displayGroup"": ""Fabric""}"
"MPH1111100102","menformalsetsuitcollarneck","1","false","true","true","true","true","true","{""displayGroup"": ""Neck/Collar""}"
"MPH1111100102","mensetcontents","2","false","true","true","true","true","true","{""displayGroup"": ""Set Contents""}"
"MPH1111101100","brandfitname","1","false","true","true","true","true","true","{""displayGroup"": ""Brand Fit Name""}"
"MPH1111101101","brandfitname","1","false","true","true","true","true","true","{""displayGroup"": ""Brand Fit Name""}"
"MPH1111101102","brandfitname","1","false","true","true","true","true","true","{""displayGroup"": ""Brand Fit Name""}"
"MPH1111101104","mencasualbottomwearsize","1","false","true","true","true","true","true","{""displayGroup"": ""Size""}"
"MPH1111101106","mencasualtopwearsize","1","false","true","true","true","true","true","{""displayGroup"": ""Size""}"
"MPH1111101107","mencasualtopwearsize","1","false","true","true","true","true","true","{""displayGroup"": ""Size""}"
"MPH1111101108","brandfitname","1","false","true","true","true","true","true","{""displayGroup"": ""Brand Fit Name""}"
"MPH1111102101","fitbottomwearmen","1","false","true","true","true","true","true","{""displayGroup"": ""Fit""}"
"MPH1111103100","fittopwearmen","1","false","true","true","true","true","true","{""displayGroup"": ""Fit""}"
"MPH1111103104","menethinicweartopwearsize","1","false","true","true","true","true","true","{""displayGroup"": ""Size""}"
"MPH1111103104","mensleeve","2","false","true","true","true","true","true","{""displayGroup"": ""Sleeve""}"
"MPH1111104101","waistrise","1","false","true","true","true","true","true","{""displayGroup"": ""Waist Rise""}"
"MPH1111104102","meninnerwearsize","1","false","true","true","true","true","true","{""displayGroup"": ""Size""}"
"MPH1111104103","meninnerwearcollarneck","1","false","true","true","true","true","true","{""displayGroup"": ""Neck/Collar""}"
"MPH1110","unisexapparel","2","false","true","true","true","true","true","{""displayGroup"": ""Unisex""}"
"MPH1110","occasion","3","false","true","true","true","true","true","{""displayGroup"": ""Occasion""}"
"MPH1110100101","womenethinicweartopwearsize","1","false","true","true","true","true","true","{""displayGroup"": ""Size""}"
"MPH1110100101","collectionapparel","2","false","true","true","true","true","true","{""displayGroup"": ""Collection""}"
"MPH1110100103","womenethinictopwearpattern","1","false","true","true","true","true","true","{""displayGroup"": ""Pattern""}"
"MPH1110100104","womenethinicwearbottomwearsize","1","false","true","true","true","true","true","{""displayGroup"": ""Size""}"
"MPH1110101","womenfabric","1","false","true","true","true","true","true","{""displayGroup"": ""Fabric Family""}"
"MPH1110101100","womencasualtopwearneckcollar","1","false","true","true","true","true","true","{""displayGroup"": ""Neck/Collar""}"
"MPH1110101103","trousertype","1","false","true","true","true","true","true","{""displayGroup"": ""Trouser Type""}"
"MPH1110101104","waistrise","1","false","true","true","true","true","true","{""displayGroup"": ""Waist Rise""}"
"MPH1110101105","tshirttype","2","false","true","true","true","true","true","{""displayGroup"": ""Tshirt Type""}"
"MPH1110101106","womenpattern","1","false","true","true","true","true","true","{""displayGroup"": ""Pattern""}"
"MPH1110101107","womenpattern","2","false","true","true","true","true","true","{""displayGroup"": ""Pattern""}"
"MPH1110101107","womentopwearfit","3","false","true","true","true","true","true","{""displayGroup"": ""Fit""}"
"MPH1110101113","womenbottomwearfit","1","false","true","true","true","true","true","{""displayGroup"": ""Fit""}"
"MPH1110101114","womencasualdressjumpersleeve","2","false","true","true","true","true","true","{""displayGroup"": ""Sleeve""}"
"MPH1110102","brandfitname","1","false","true","true","true","true","true","{""displayGroup"": ""Brand Fit Name""}"
"MPH1110102101","womenbottomwearfit","1","false","true","true","true","true","true","{""displayGroup"": ""Fit""}"
"MPH1110102103","womentopwearfit","2","false","true","true","true","true","true","{""displayGroup"": ""Fit""}"
"MPH1110103","womenfabric","1","false","true","true","true","true","true","{""displayGroup"": ""Fabric Family""}"
"MPH1110103101","bracoverage","1","false","true","true","true","true","true","{""displayGroup"": ""Coverage""}"
"MPH1110104100","womenethinictopwearneckcollar","2","false","true","true","true","true","true","{""displayGroup"": ""Neck/Collar""}"
"MPH1110104103","womencasualtopwearsize","1","false","true","true","true","true","true","{""displayGroup"": ""Size""}"
"MPH1110104104","womenformalbottomwearsize","1","false","true","true","true","true","true","{""displayGroup"": ""Size""}"
"MPH1110104105","womenbriefpattern","1","false","true","true","true","true","true","{""displayGroup"": ""Pattern""}"
"MPH1110105100","womeninnerwearbrasize","2","false","true","true","true","true","true","{""displayGroup"": ""Size""}"
"MPH1110105100","womenbrapattern","3","false","true","true","true","true","true","{""displayGroup"": ""Pattern""}"
"MPH1110105100","womenbriefpattern","4","false","true","true","true","true","true","{""displayGroup"": ""Pattern""}"
"MPH1110105103","bracoverage","2","false","true","true","true","true","true","{""displayGroup"": ""Coverage""}"
"MPH1110105106","womenbriefpattern","2","false","true","true","true","true","true","{""displayGroup"": ""Pattern""}"
"MPH1110105108","womeninnerwearbrasize","1","false","true","true","true","true","true","{""displayGroup"": ""Size""}"
"MPH1111","menfabric","3","false","true","true","true","true","true","{""displayGroup"": ""Fabric Family""}"
"MPH1111","storyname","4","false","true","true","true","true","true","{""displayGroup"": ""Story Name""}"
"MPH1111","stylenote","5","false","true","true","true","true","true","{""displayGroup"": ""Style Note""}"
"MPH1111100100","mensleeve","1","false","true","true","true","true","true","{""displayGroup"": ""Sleeve""}"
"MPH1111100101","waistrise","1","false","true","true","true","true","true","{""displayGroup"": ""Waist Rise""}"
"MPH1111100101","fitbottomwearmen","2","false","true","true","true","true","true","{""displayGroup"": ""Fit""}"
"MPH1111101101","tshirttype","2","false","true","true","true","true","true","{""displayGroup"": ""Tshirt Type""}"
"MPH1111101101","mencasualtopwearsize","3","false","true","true","true","true","true","{""displayGroup"": ""Size""}"
"MPH1111101102","fitbottomwearmen","2","false","true","true","true","true","true","{""displayGroup"": ""Fit""}"
"MPH1111101103","trousertype","1","false","true","true","true","true","true","{""displayGroup"": ""Trouser Type""}"
"MPH1111101107","mensleeve","2","false","true","true","true","true","true","{""displayGroup"": ""Sleeve""}"
"MPH1111102100","mencasualtopwearsize","1","false","true","true","true","true","true","{""displayGroup"": ""Size""}"
"MPH1111102101","waistrise","2","false","true","true","true","true","true","{""displayGroup"": ""Waist Rise""}"
"MPH1111102102","mencasualwearsetsize","1","false","true","true","true","true","true","{""displayGroup"": ""Size""}"
"MPH1111102103","mencasualtopwearcollarneck","1","false","true","true","true","true","true","{""displayGroup"": ""Neck/Collar""}"
"MPH1111102103","mensleeve","2","false","true","true","true","true","true","{""displayGroup"": ""Sleeve""}"
"MPH1111103102","fitbottomwearmen","1","false","true","true","true","true","true","{""displayGroup"": ""Fit""}"
"MPH1111103104","fittopwearmen","3","false","true","true","true","true","true","{""displayGroup"": ""Fit""}"
"MPH1111104","washcare","1","false","true","true","true","true","true","{""displayGroup"": ""Wash Care""}"
"MPH1111104103","meninnerwearsize","2","false","true","true","true","true","true","{""displayGroup"": ""Size""}"
"MPH1111104105","waistrise","1","false","true","true","true","true","true","{""displayGroup"": ""Waist Rise""}"
"MPH1111104105","meninnerwearcollarneck","2","false","true","true","true","true","true","{""displayGroup"": ""Neck/Collar""}"
"MPH1111105","sockusage","1","false","true","true","true","true","true","{""displayGroup"": ""Usage""}"
"MPH1110","sizechart","4","false","true","true","true","true","true","{""displayGroup"": ""Size chart""}"
"MPH1110100100","womenethinicweartopwearsize","1","false","true","true","true","true","true","{""displayGroup"": ""Size""}"
"MPH1110100101","others2apparel","3","false","true","true","true","true","true","{""displayGroup"": ""Others 2""}"
"MPH1110100101","pocketapparel","4","false","true","true","true","true","true","{""displayGroup"": ""Pocket""}"
"MPH1110100102","womenethinicweartopwearsize","1","false","true","true","true","true","true","{""displayGroup"": ""Size""}"
"MPH1110100102","womenethinictopwearneckcollar","2","false","true","true","true","true","true","{""displayGroup"": ""Neck/Collar""}"
"MPH1110100102","womensetcontents","3","false","true","true","true","true","true","{""displayGroup"": ""Set Contents""}"
"MPH1110101100","womentopwearfit","2","false","true","true","true","true","true","{""displayGroup"": ""Fit""}"
"MPH1110101102","waistrise","2","false","true","true","true","true","true","{""displayGroup"": ""Waist Rise""}"
"MPH1110101102","womenpattern","3","false","true","true","true","true","true","{""displayGroup"": ""Pattern""}"
"MPH1110101103","waistrise","2","false","true","true","true","true","true","{""displayGroup"": ""Waist Rise""}"
"MPH1110101103","womencasualbottomwearjeanslowersize","3","false","true","true","true","true","true","{""displayGroup"": ""Size""}"
"MPH1110101104","womencasualbottomwearjeanslowersize","2","false","true","true","true","true","true","{""displayGroup"": ""Size""}"
"MPH1110101106","womencasualtopwearsize","2","false","true","true","true","true","true","{""displayGroup"": ""Size""}"
"MPH1110101109","womencasualdressjumpersleeve","2","false","true","true","true","true","true","{""displayGroup"": ""Sleeve""}"
"MPH1110101110","womencasualtopwearsleeve","2","false","true","true","true","true","true","{""displayGroup"": ""Sleeve""}"
"MPH1110102102","womensetcontents","1","false","true","true","true","true","true","{""displayGroup"": ""Set Contents""}"
"MPH1110102104","womenformaltopwearsize","2","false","true","true","true","true","true","{""displayGroup"": ""Size""}"
"MPH1110102104","womenformalsetdressneckcollar","3","false","true","true","true","true","true","{""displayGroup"": ""Neck/Collar""}"
"MPH1110103101","womenbrieftype","2","false","true","true","true","true","true","{""displayGroup"": ""Brief Type""}"
"MPH1110103101","womenbrapattern","3","false","true","true","true","true","true","{""displayGroup"": ""Pattern""}"
"MPH1110104","apparelsports","1","false","true","true","true","true","true","{""displayGroup"": ""Sports""}"
"MPH1110104102","womencasualtopwearsize","1","false","true","true","true","true","true","{""displayGroup"": ""Size""}"
"MPH1110105","womenfabric","1","false","true","true","true","true","true","{""displayGroup"": ""Fabric Family""}"
"MPH1110105100","padding","5","false","true","true","true","true","true","{""displayGroup"": ""Padding""}"
"MPH1110105100","bracoverage","6","false","true","true","true","true","true","{""displayGroup"": ""Coverage""}"
"MPH1110105101","padding","2","false","true","true","true","true","true","{""displayGroup"": ""Padding""}"
"MPH1110105101","womenethinictopwearneckcollar","3","false","true","true","true","true","true","{""displayGroup"": ""Neck/Collar""}"
"MPH1110105102","womensetcontents","1","false","true","true","true","true","true","{""displayGroup"": ""Set Contents""}"
"MPH1110105102","bracoverage","2","false","true","true","true","true","true","{""displayGroup"": ""Coverage""}"
"MPH1110105102","brafabricfamily","3","false","true","true","true","true","true","{""displayGroup"": ""Fabric Family""}"
"MPH1110105103","womeninnerwearbrasize","3","false","true","true","true","true","true","{""displayGroup"": ""Size""}"
"MPH1110105107","padding","3","false","true","true","true","true","true","{""displayGroup"": ""Padding""}"
"MPH1110105107","womenethinictopwearneckcollar","4","false","true","true","true","true","true","{""displayGroup"": ""Neck/Collar""}"
"MPH1110105109","bracoverage","3","false","true","true","true","true","true","{""displayGroup"": ""Coverage""}"
"MPH1111","multipack","6","false","true","true","true","true","true","{""displayGroup"": ""Multi Pack""}"
"MPH1111","occasion","7","false","true","true","true","true","true","{""displayGroup"": ""Occasion""}"
"MPH1111","colorapparel","8","false","true","true","true","true","true","{""displayGroup"": ""Color""}"
"MPH1111100101","menformalbottomwearsize","3","false","true","true","true","true","true","{""displayGroup"": ""Size""}"
"MPH1111100102","trousertype","3","false","true","true","true","true","true","{""displayGroup"": ""Trouser Type""}"
"MPH1111100102","fittopwearmen","4","false","true","true","true","true","true","{""displayGroup"": ""Fit""}"
"MPH1111100103","menformaltopwearsize","1","false","true","true","true","true","true","{""displayGroup"": ""Size""}"
"MPH1111100103","menformaltopwearcollarneck","2","false","true","true","true","true","true","{""displayGroup"": ""Neck/Collar""}"
"MPH1111101100","mencasualtopwearcollarneck","2","false","true","true","true","true","true","{""displayGroup"": ""Neck/Collar""}"
"MPH1111101101","fittopwearmen","4","false","true","true","true","true","true","{""displayGroup"": ""Fit""}"
"MPH1111101101","mensleeve","5","false","true","true","true","true","true","{""displayGroup"": ""Sleeve""}"
"MPH1111101102","waistrise","3","false","true","true","true","true","true","{""displayGroup"": ""Waist Rise""}"
"MPH1111101102","denimtreatments","4","false","true","true","true","true","true","{""displayGroup"": ""Denim Treatments""}"
"MPH1111101107","mencasualtopwearcollarneck","3","false","true","true","true","true","true","{""displayGroup"": ""Neck/Collar""}"
"MPH1111101108","waistrise","2","false","true","true","true","true","true","{""displayGroup"": ""Waist Rise""}"
"MPH1111102","apparelsports","1","false","true","true","true","true","true","{""displayGroup"": ""Sports""}"
"MPH1111102100","fittopwearmen","2","false","true","true","true","true","true","{""displayGroup"": ""Fit""}"
"MPH1111102100","mensleeve","3","false","true","true","true","true","true","{""displayGroup"": ""Sleeve""}"
"MPH1111102101","brandfitname","3","false","true","true","true","true","true","{""displayGroup"": ""Brand Fit Name""}"
"MPH1111103101","fittopwearmen","1","false","true","true","true","true","true","{""displayGroup"": ""Fit""}"
"MPH1111103103","mensetcontents","1","false","true","true","true","true","true","{""displayGroup"": ""Set Contents""}"
"MPH1111104100","brieftype","1","false","true","true","true","true","true","{""displayGroup"": ""Brief Type""}"
"MPH1111104101","fitbottomwearmen","2","false","true","true","true","true","true","{""displayGroup"": ""Fit""}"
"MPH1111104103","mensleeve","3","false","true","true","true","true","true","{""displayGroup"": ""Sleeve""}"
"MPH1110","multipack","5","false","true","true","true","true","true","{""displayGroup"": ""Multi Pack""}"
"MPH1110","displayproduct","6","false","true","true","true","true","true","{""displayGroup"": ""Display Product Name""}"
"MPH1110","colorapparel","7","false","true","true","true","true","true","{""displayGroup"": ""Color""}"
"MPH1110","packquantity","8","false","true","true","true","true","true","{""displayGroup"": ""Pack Quantity""}"
"MPH1110100105","womenethinicweartopwearsize","1","false","true","true","true","true","true","{""displayGroup"": ""Size""}"
"MPH1110101100","womencasualtopwearsize","3","false","true","true","true","true","true","{""displayGroup"": ""Size""}"
"MPH1110101100","womencasualtopwearsleeve","4","false","true","true","true","true","true","{""displayGroup"": ""Sleeve""}"
"MPH1110101101","womencasualtopwearsize","1","false","true","true","true","true","true","{""displayGroup"": ""Size""}"
"MPH1110101102","denimtreatments","4","false","true","true","true","true","true","{""displayGroup"": ""Denim Treatments""}"
"MPH1110101102","womenbottomwearfit","5","false","true","true","true","true","true","{""displayGroup"": ""Fit""}"
"MPH1110101103","womenpattern","4","false","true","true","true","true","true","{""displayGroup"": ""Pattern""}"
"MPH1110101104","womenpattern","3","false","true","true","true","true","true","{""displayGroup"": ""Pattern""}"
"MPH1110101105","womencasualtopwearneckcollar","3","false","true","true","true","true","true","{""displayGroup"": ""Neck/Collar""}"
"MPH1110101105","womentopwearfit","4","false","true","true","true","true","true","{""displayGroup"": ""Fit""}"
"MPH1110101107","womencasualtopwearsize","4","false","true","true","true","true","true","{""displayGroup"": ""Size""}"
"MPH1110101107","womencasualtopwearneckcollar","5","false","true","true","true","true","true","{""displayGroup"": ""Neck/Collar""}"
"MPH1110101108","waistrise","1","false","true","true","true","true","true","{""displayGroup"": ""Waist Rise""}"
"MPH1110101110","womencasualtopwearsize","3","false","true","true","true","true","true","{""displayGroup"": ""Size""}"
"MPH1110101110","womencasualtopwearneckcollar","4","false","true","true","true","true","true","{""displayGroup"": ""Neck/Collar""}"
"MPH1110101112","waistrise","1","false","true","true","true","true","true","{""displayGroup"": ""Waist Rise""}"
"MPH1110102101","trousertype","2","false","true","true","true","true","true","{""displayGroup"": ""Trouser Type""}"
"MPH1110102102","cut","2","false","true","true","true","true","true","{""displayGroup"": ""Cut""}"
"MPH1110102102","womenformalsetsuitneckcollar","3","false","true","true","true","true","true","{""displayGroup"": ""Neck/Collar""}"
"MPH1110103","womenpattern","2","false","true","true","true","true","true","{""displayGroup"": ""Pattern""}"
"MPH1110103102","womenethinictopwearneckcollar","1","false","true","true","true","true","true","{""displayGroup"": ""Neck/Collar""}"
"MPH1110104","womenfabric","2","false","true","true","true","true","true","{""displayGroup"": ""Fabric Family""}"
"MPH1110104102","womenformalbottomwearsize","2","false","true","true","true","true","true","{""displayGroup"": ""Size""}"
"MPH1110104106","womenethinictopwearneckcollar","1","false","true","true","true","true","true","{""displayGroup"": ""Neck/Collar""}"
"MPH1110105102","womeninnerwearbriefsize","4","false","true","true","true","true","true","{""displayGroup"": ""Size""}"
"MPH1110105102","womenbrapattern","5","false","true","true","true","true","true","{""displayGroup"": ""Pattern""}"
"MPH1110105103","bratype","4","false","true","true","true","true","true","{""displayGroup"": ""Bra Type""}"
"MPH1110105104","sleepwearcoverage","1","false","true","true","true","true","true","{""displayGroup"": ""Length""}"
"MPH1110105109","wiring","4","false","true","true","true","true","true","{""displayGroup"": ""Wiring""}"
"MPH1111","sizechart","9","false","true","true","true","true","true","{""displayGroup"": ""Size chart""}"
"MPH1111","modelfit","10","false","true","true","true","true","true","{""displayGroup"": ""Model fit""}"
"MPH1111","menpattern","11","false","true","true","true","true","true","{""displayGroup"": ""Pattern""}"
"MPH1111100102","menformalsetsuitsize","5","false","true","true","true","true","true","{""displayGroup"": ""Size""}"
"MPH1111101100","fittopwearmen","3","false","true","true","true","true","true","{""displayGroup"": ""Fit""}"
"MPH1111101105","mencasualtopwearsize","1","false","true","true","true","true","true","{""displayGroup"": ""Size""}"
"MPH1111101105","mencasualtopwearcollarneck","2","false","true","true","true","true","true","{""displayGroup"": ""Neck/Collar""}"
"MPH1111101105","mensleeve","3","false","true","true","true","true","true","{""displayGroup"": ""Sleeve""}"
"MPH1111101106","mencasualtopwearcollarneck","2","false","true","true","true","true","true","{""displayGroup"": ""Neck/Collar""}"
"MPH1111101108","fitbottomwearmen","3","false","true","true","true","true","true","{""displayGroup"": ""Fit""}"
"MPH1111102","washcare","2","false","true","true","true","true","true","{""displayGroup"": ""Wash Care""}"
"MPH1111102101","meninnerwearsize","4","false","true","true","true","true","true","{""displayGroup"": ""Size""}"
"MPH1111102102","mensleeve","2","false","true","true","true","true","true","{""displayGroup"": ""Sleeve""}"
"MPH1111103","washcare","1","false","true","true","true","true","true","{""displayGroup"": ""Wash Care""}"
"MPH1111103100","menethinicweartopwearsize","2","false","true","true","true","true","true","{""displayGroup"": ""Size""}"
"MPH1111103101","setitems","2","false","true","true","true","true","true","{""displayGroup"": ""Set Items""}"
"MPH1111103103","menethinicwearsetsize","2","false","true","true","true","true","true","{""displayGroup"": ""Size""}"
"MPH1111103103","menethinicwearcollarneck","3","false","true","true","true","true","true","{""displayGroup"": ""Neck/Collar""}"
"MPH1111103103","mensleeve","4","false","true","true","true","true","true","{""displayGroup"": ""Sleeve""}"
"MPH1111104102","brieftype","2","false","true","true","true","true","true","{""displayGroup"": ""Brief Type""}"
"MPH1111104102","brandfitname","3","false","true","true","true","true","true","{""displayGroup"": ""Brand Fit Name""}"
"MPH1111104104","waistrise","1","false","true","true","true","true","true","{""displayGroup"": ""Waist Rise""}"
"MPH1111104104","meninnerwearcollarneck","2","false","true","true","true","true","true","{""displayGroup"": ""Neck/Collar""}"
"MPH1111104104","fittopwearmen","3","false","true","true","true","true","true","{""displayGroup"": ""Fit""}"
"MPH1110","ageband","9","false","true","true","true","true","true","{""displayGroup"": ""Age Band""}"
"MPH1110100","womenfabric","1","false","true","true","true","true","true","{""displayGroup"": ""Fabric Family""}"
"MPH1110100101","womenethinictopwearneckcollar","5","false","true","true","true","true","true","{""displayGroup"": ""Neck/Collar""}"
"MPH1110100101","womentopwearfit","6","false","true","true","true","true","true","{""displayGroup"": ""Fit""}"
"MPH1110100101","womensleeve","7","false","true","true","true","true","true","{""displayGroup"": ""Sleeve""}"
"MPH1110100101","shapeapparel","8","false","true","true","true","true","true","{""displayGroup"": ""Shape""}"
"MPH1110100101","collectiondateapparel","9","false","true","true","true","true","true","{""displayGroup"": ""Collection Date""}"
"MPH1110100101","others3apparel","10","false","true","true","true","true","true","{""displayGroup"": ""Others 3""}"
"MPH1110100101","collectioninfoapparel","11","false","true","true","true","true","true","{""displayGroup"": ""Collection Info ""}"
"MPH1110100102","setitems","4","false","true","true","true","true","true","{""displayGroup"": ""Set Items""}"
"MPH1110100102","womensleeve","5","false","true","true","true","true","true","{""displayGroup"": ""Sleeve""}"
"MPH1110100104","womenbottomwearfit","2","false","true","true","true","true","true","{""displayGroup"": ""Fit""}"
"MPH1110101101","womentopwearfit","2","false","true","true","true","true","true","{""displayGroup"": ""Fit""}"
"MPH1110101105","womenpattern","5","false","true","true","true","true","true","{""displayGroup"": ""Pattern""}"
"MPH1110101106","womentopwearfit","3","false","true","true","true","true","true","{""displayGroup"": ""Fit""}"
"MPH1110101106","womencasualtopwearsleeve","4","false","true","true","true","true","true","{""displayGroup"": ""Sleeve""}"
"MPH1110101108","womenpattern","2","false","true","true","true","true","true","{""displayGroup"": ""Pattern""}"
"MPH1110101109","dressshape","3","false","true","true","true","true","true","{""displayGroup"": ""Dress Shape""}"
"MPH1110101109","womencasualweardressesjumperssize","4","false","true","true","true","true","true","{""displayGroup"": ""Size""}"
"MPH1110101112","womenbottomwearfit","2","false","true","true","true","true","true","{""displayGroup"": ""Fit""}"
"MPH1110101112","womenpattern","3","false","true","true","true","true","true","{""displayGroup"": ""Pattern""}"
"MPH1110101114","womencasualdressjumperneckcollar","3","false","true","true","true","true","true","{""displayGroup"": ""Neck/Collar""}"
"MPH1110101114","womenpattern","4","false","true","true","true","true","true","{""displayGroup"": ""Pattern""}"
"MPH1110102","washcare","2","false","true","true","true","true","true","{""displayGroup"": ""Wash Care""}"
"MPH1110102","womenfabric","3","false","true","true","true","true","true","{""displayGroup"": ""Fabric Family""}"
"MPH1110102101","womenformalbottomwearsize","3","false","true","true","true","true","true","{""displayGroup"": ""Size""}"
"MPH1110102102","womenformaltopwearsize","4","false","true","true","true","true","true","{""displayGroup"": ""Size""}"
"MPH1110102102","womensleeve","5","false","true","true","true","true","true","{""displayGroup"": ""Sleeve""}"
"MPH1110102103","womenformaltopwearsize","3","false","true","true","true","true","true","{""displayGroup"": ""Size""}"
"MPH1110102104","womenpattern","4","false","true","true","true","true","true","{""displayGroup"": ""Pattern""}"
"MPH1110103101","womeninnerwearbrasize","4","false","true","true","true","true","true","{""displayGroup"": ""Size""}"
"MPH1110103101","womenbriefpattern","5","false","true","true","true","true","true","{""displayGroup"": ""Pattern""}"
"MPH1110104100","womentopwearfit","3","false","true","true","true","true","true","{""displayGroup"": ""Fit""}"
"MPH1110104100","womensleeve","4","false","true","true","true","true","true","{""displayGroup"": ""Sleeve""}"
"MPH1110104102","womenethinictopwearneckcollar","3","false","true","true","true","true","true","{""displayGroup"": ""Neck/Collar""}"
"MPH1110104102","womentopwearfit","4","false","true","true","true","true","true","{""displayGroup"": ""Fit""}"
"MPH1110104102","womenbottomwearfit","5","false","true","true","true","true","true","{""displayGroup"": ""Fit""}"
"MPH1110104102","womensleeve","6","false","true","true","true","true","true","{""displayGroup"": ""Sleeve""}"
"MPH1110105","womenpattern","2","false","true","true","true","true","true","{""displayGroup"": ""Pattern""}"
"MPH1110105100","womenbrieftype","7","false","true","true","true","true","true","{""displayGroup"": ""Brief Type""}"
"MPH1110105100","brafabricfamily","8","false","true","true","true","true","true","{""displayGroup"": ""Fabric Family""}"
"MPH1110105101","womensetcontents","4","false","true","true","true","true","true","{""displayGroup"": ""Set Contents""}"
"MPH1110105101","bracoverage","5","false","true","true","true","true","true","{""displayGroup"": ""Coverage""}"
"MPH1110105102","padding","6","false","true","true","true","true","true","{""displayGroup"": ""Padding""}"
"MPH1110105107","wiring","5","false","true","true","true","true","true","{""displayGroup"": ""Wiring""}"
"MPH1110105109","padding","5","false","true","true","true","true","true","{""displayGroup"": ""Padding""}"
"MPH1110106","sockusage","1","false","true","true","true","true","true","{""displayGroup"": ""Usage""}"
"MPH1111","weightapparel","12","false","true","true","true","true","true","{""displayGroup"": ""Weight""}"
"MPH1111","featureapparel","13","false","true","true","true","true","true","{""displayGroup"": ""Feature""}"
"MPH1111100100","fittopwearmen","2","false","true","true","true","true","true","{""displayGroup"": ""Fit""}"
"MPH1111100101","trousertype","4","false","true","true","true","true","true","{""displayGroup"": ""Trouser Type""}"
"MPH1111100102","mensleeve","6","false","true","true","true","true","true","{""displayGroup"": ""Sleeve""}"
"MPH1111101","washcare","1","false","true","true","true","true","true","{""displayGroup"": ""Wash Care""}"
"MPH1111101101","mencasualtopwearcollarneck","6","false","true","true","true","true","true","{""displayGroup"": ""Neck/Collar""}"
"MPH1111101103","waistrise","2","false","true","true","true","true","true","{""displayGroup"": ""Waist Rise""}"
"MPH1111101103","brandfitname","3","false","true","true","true","true","true","{""displayGroup"": ""Brand Fit Name""}"
"MPH1111101104","fitbottomwearmen","2","false","true","true","true","true","true","{""displayGroup"": ""Fit""}"
"MPH1111101104","brandfitname","3","false","true","true","true","true","true","{""displayGroup"": ""Brand Fit Name""}"
"MPH1111101106","mensleeve","3","false","true","true","true","true","true","{""displayGroup"": ""Sleeve""}"
"MPH1111102104","waistrise","1","false","true","true","true","true","true","{""displayGroup"": ""Waist Rise""}"
"MPH1111102105","fittopwearmen","1","false","true","true","true","true","true","{""displayGroup"": ""Fit""}"
"MPH1111103103","setitems","5","false","true","true","true","true","true","{""displayGroup"": ""Set Items""}"
"MPH1111104100","meninnerwearsize","2","false","true","true","true","true","true","{""displayGroup"": ""Size""}"
"MPH1111104101","brieftype","3","false","true","true","true","true","true","{""displayGroup"": ""Brief Type""}"
"MPH1111104101","meninnerwearsize","4","false","true","true","true","true","true","{""displayGroup"": ""Size""}"
"MPH1111104103","brieftype","4","false","true","true","true","true","true","{""displayGroup"": ""Brief Type""}"
"MPH1111104103","fittopwearmen","5","false","true","true","true","true","true","{""displayGroup"": ""Fit""}"
"MPH1111104105","meninnerwearsize","3","false","true","true","true","true","true","{""displayGroup"": ""Size""}"
"MPH1110100100","withblouse","2","false","true","true","true","true","true","{""displayGroup"": ""With Blouse""}"
"MPH1110100101","womenethinictopwearpattern","12","false","true","true","true","true","true","{""displayGroup"": ""Pattern""}"
"MPH1110100101","others1apparel","13","false","true","true","true","true","true","{""displayGroup"": ""Others 1""}"
"MPH1110100102","womentopwearfit","6","false","true","true","true","true","true","{""displayGroup"": ""Fit""}"
"MPH1110101","washcare","2","false","true","true","true","true","true","{""displayGroup"": ""Wash Care""}"
"MPH1110101101","womencasualtopwearsleeve","3","false","true","true","true","true","true","{""displayGroup"": ""Sleeve""}"
"MPH1110101105","womencasualtopwearsize","6","false","true","true","true","true","true","{""displayGroup"": ""Size""}"
"MPH1110101106","womencasualtopwearneckcollar","5","false","true","true","true","true","true","{""displayGroup"": ""Neck/Collar""}"
"MPH1110101109","womencasualdressjumperneckcollar","5","false","true","true","true","true","true","{""displayGroup"": ""Neck/Collar""}"
"MPH1110101109","womentopwearfit","6","false","true","true","true","true","true","{""displayGroup"": ""Fit""}"
"MPH1110101111","skirtshape","2","false","true","true","true","true","true","{""displayGroup"": ""Skirt Shape""}"
"MPH1110101113","womencasualbottomwearjeanslowersize","2","false","true","true","true","true","true","{""displayGroup"": ""Size""}"
"MPH1110101114","dressshape","5","false","true","true","true","true","true","{""displayGroup"": ""Dress Shape""}"
"MPH1110102100","womenformaltopwearsize","2","false","true","true","true","true","true","{""displayGroup"": ""Size""}"
"MPH1110102100","womenformaltopwearneckcollar","3","false","true","true","true","true","true","{""displayGroup"": ""Neck/Collar""}"
"MPH1110102101","waistrise","4","false","true","true","true","true","true","{""displayGroup"": ""Waist Rise""}"
"MPH1110102102","womentopwearfit","6","false","true","true","true","true","true","{""displayGroup"": ""Fit""}"
"MPH1110103100","womenethinictopwearneckcollar","4","false","true","true","true","true","true","{""displayGroup"": ""Neck/Collar""}"
"MPH1110103102","womeninnerwearbriefsize","2","false","true","true","true","true","true","{""displayGroup"": ""Size""}"
"MPH1110104105","womeninnerwearbriefsize","2","false","true","true","true","true","true","{""displayGroup"": ""Size""}"
"MPH1110105101","bratype","6","false","true","true","true","true","true","{""displayGroup"": ""Bra Type""}"
"MPH1110105102","bratype","7","false","true","true","true","true","true","{""displayGroup"": ""Bra Type""}"
"MPH1110105102","womenbrieftype","8","false","true","true","true","true","true","{""displayGroup"": ""Brief Type""}"
"MPH1111","unisexapparel","14","false","true","true","true","true","true","{""displayGroup"": ""Unisex""}"
"MPH1111","ageband","15","false","true","true","true","true","true","{""displayGroup"": ""Age Band""}"
"MPH1111100100","menformaltopwearsize","3","false","true","true","true","true","true","{""displayGroup"": ""Size""}"
"MPH1111100103","mensleeve","3","false","true","true","true","true","true","{""displayGroup"": ""Sleeve""}"
"MPH1111101103","fitbottomwearmen","4","false","true","true","true","true","true","{""displayGroup"": ""Fit""}"
"MPH1111101105","tshirttype","4","false","true","true","true","true","true","{""displayGroup"": ""Tshirt Type""}"
"MPH1111101105","fittopwearmen","5","false","true","true","true","true","true","{""displayGroup"": ""Fit""}"
"MPH1111101108","mencasualbottomwearsize","4","false","true","true","true","true","true","{""displayGroup"": ""Size""}"
"MPH1111102100","brandfitname","4","false","true","true","true","true","true","{""displayGroup"": ""Brand Fit Name""}"
"MPH1111102103","mencasualtopwearsize","3","false","true","true","true","true","true","{""displayGroup"": ""Size""}"
"MPH1111102103","fittopwearmen","4","false","true","true","true","true","true","{""displayGroup"": ""Fit""}"
"MPH1111103101","menethinicwearcollarneck","3","false","true","true","true","true","true","{""displayGroup"": ""Neck/Collar""}"
"MPH1111104102","fitbottomwearmen","4","false","true","true","true","true","true","{""displayGroup"": ""Fit""}"
"MPH1110","stylenote","10","false","true","true","true","true","true","{""displayGroup"": ""Style Note""}"
"MPH1110","weightapparel","11","false","true","true","true","true","true","{""displayGroup"": ""Weight""}"
"MPH1110100100","womenethinictopwearpattern","3","false","true","true","true","true","true","{""displayGroup"": ""Pattern""}"
"MPH1110100101","seasonapparel","14","false","true","true","true","true","true","{""displayGroup"": ""Season""}"
"MPH1110100101","lengthapparel","15","false","true","true","true","true","true","{""displayGroup"": ""Length""}"
"MPH1110100103","womenethinicweartopwearsize","2","false","true","true","true","true","true","{""displayGroup"": ""Size""}"
"MPH1110100104","womenethinicbottomwearpattern","3","false","true","true","true","true","true","{""displayGroup"": ""Pattern""}"
"MPH1110101100","tshirttype","5","false","true","true","true","true","true","{""displayGroup"": ""Tshirt Type""}"
"MPH1110101100","womenpattern","6","false","true","true","true","true","true","{""displayGroup"": ""Pattern""}"
"MPH1110101104","womenbottomwearfit","4","false","true","true","true","true","true","{""displayGroup"": ""Fit""}"
"MPH1110101109","dresslength","7","false","true","true","true","true","true","{""displayGroup"": ""Dress Length""}"
"MPH1110101111","skirtlength","3","false","true","true","true","true","true","{""displayGroup"": ""Skirt Length""}"
"MPH1110101112","womencasualbottomwearjeanslowersize","4","false","true","true","true","true","true","{""displayGroup"": ""Size""}"
"MPH1110101113","womenpattern","3","false","true","true","true","true","true","{""displayGroup"": ""Pattern""}"
"MPH1110101114","womencasualweardressesjumperssize","6","false","true","true","true","true","true","{""displayGroup"": ""Size""}"
"MPH1110102101","womenformalbottomwearpattern","5","false","true","true","true","true","true","{""displayGroup"": ""Pattern""}"
"MPH1110102102","womenbottomwearfit","7","false","true","true","true","true","true","{""displayGroup"": ""Fit""}"
"MPH1110102103","womensleeve","4","false","true","true","true","true","true","{""displayGroup"": ""Sleeve""}"
"MPH1110103","washcare","3","false","true","true","true","true","true","{""displayGroup"": ""Wash Care""}"
"MPH1110103100","womensleeve","5","false","true","true","true","true","true","{""displayGroup"": ""Sleeve""}"
"MPH1110104","washcare","3","false","true","true","true","true","true","{""displayGroup"": ""Wash Care""}"
"MPH1110104","womenpattern","4","false","true","true","true","true","true","{""displayGroup"": ""Pattern""}"
"MPH1110104101","womenformalbottomwearsize","1","false","true","true","true","true","true","{""displayGroup"": ""Size""}"
"MPH1110104104","waistrise","2","false","true","true","true","true","true","{""displayGroup"": ""Waist Rise""}"
"MPH1110104106","womeninnerwearbriefsize","2","false","true","true","true","true","true","{""displayGroup"": ""Size""}"
"MPH1110105100","bratype","9","false","true","true","true","true","true","{""displayGroup"": ""Bra Type""}"
"MPH1110105104","womeninnerwearbriefsize","2","false","true","true","true","true","true","{""displayGroup"": ""Size""}"
"MPH1110105104","womenethinictopwearneckcollar","3","false","true","true","true","true","true","{""displayGroup"": ""Neck/Collar""}"
"MPH1110105104","nightweartype","4","false","true","true","true","true","true","{""displayGroup"": ""Nightwear Type""}"
"MPH1110105105","nightweartype","2","false","true","true","true","true","true","{""displayGroup"": ""Nightwear Type""}"
"MPH1110105105","womenbrieftype","3","false","true","true","true","true","true","{""displayGroup"": ""Brief Type""}"
"MPH1110105107","womeninnerwearbrasize","6","false","true","true","true","true","true","{""displayGroup"": ""Size""}"
"MPH1110105107","nightweartype","7","false","true","true","true","true","true","{""displayGroup"": ""Nightwear Type""}"
"MPH1110106100","womensleepwearsize","1","false","true","true","true","true","true","{""displayGroup"": ""Size""}"
"MPH1111","displayproduct","16","false","true","true","true","true","true","{""displayGroup"": ""Display Product Name""}"
"MPH1111100","brandfitname","1","false","true","true","true","true","true","{""displayGroup"": ""Brand Fit Name""}"
"MPH1111100100","menformaltopwearcollarneck","4","false","true","true","true","true","true","{""displayGroup"": ""Neck/Collar""}"
"MPH1111100102","waistrise","7","false","true","true","true","true","true","{""displayGroup"": ""Waist Rise""}"
"MPH1111100103","fittopwearmen","4","false","true","true","true","true","true","{""displayGroup"": ""Fit""}"
"MPH1111101100","mensleeve","4","false","true","true","true","true","true","{""displayGroup"": ""Sleeve""}"
"MPH1111101102","mencasualbottomwearsize","5","false","true","true","true","true","true","{""displayGroup"": ""Size""}"
"MPH1111101106","fittopwearmen","4","false","true","true","true","true","true","{""displayGroup"": ""Fit""}"
"MPH1111101107","fittopwearmen","4","false","true","true","true","true","true","{""displayGroup"": ""Fit""}"
"MPH1111102100","mencasualtopwearcollarneck","5","false","true","true","true","true","true","{""displayGroup"": ""Neck/Collar""}"
"MPH1111102104","fitbottomwearmen","2","false","true","true","true","true","true","{""displayGroup"": ""Fit""}"
"MPH1111102105","meninnerwearsize","2","false","true","true","true","true","true","{""displayGroup"": ""Size""}"
"MPH1111103101","mensleeve","4","false","true","true","true","true","true","{""displayGroup"": ""Sleeve""}"
"MPH1111103102","menethinicwearbottomwearsize","2","false","true","true","true","true","true","{""displayGroup"": ""Size""}"
"MPH1111105100","mensleepwearsize","1","false","true","true","true","true","true","{""displayGroup"": ""Size""}"
"MPH1110","modelfit","12","false","true","true","true","true","true","{""displayGroup"": ""Model fit""}"
"MPH1110","packcolor","13","false","true","true","true","true","true","{""displayGroup"": ""Pack Color""}"
"MPH1110","colorfamilyapparel","14","false","true","true","true","true","true","{""displayGroup"": ""Color Family""}"
"MPH1110","featureapparel","15","false","true","true","true","true","true","{""displayGroup"": ""Feature""}"
"MPH1110","stylecode","16","false","true","true","true","true","true","{""displayGroup"": ""Style Code""}"
"MPH1110","fabricapparel","17","false","true","true","true","true","true","{""displayGroup"": ""Fabric""}"
"MPH1110100","washcare","2","false","true","true","true","true","true","{""displayGroup"": ""Wash Care""}"
"MPH1110100102","womenethinictopwearpattern","7","false","true","true","true","true","true","{""displayGroup"": ""Pattern""}"
"MPH1110100102","womenethinicbottomwearpattern","8","false","true","true","true","true","true","{""displayGroup"": ""Pattern""}"
"MPH1110101101","womencasualtopwearneckcollar","4","false","true","true","true","true","true","{""displayGroup"": ""Neck/Collar""}"
"MPH1110101101","womenpattern","5","false","true","true","true","true","true","{""displayGroup"": ""Pattern""}"
"MPH1110101102","jeanslength","6","false","true","true","true","true","true","{""displayGroup"": ""Length""}"
"MPH1110101103","womenbottomwearfit","5","false","true","true","true","true","true","{""displayGroup"": ""Fit""}"
"MPH1110101108","womencasualbottomwearjeanslowersize","3","false","true","true","true","true","true","{""displayGroup"": ""Size""}"
"MPH1110101108","womenbottomwearfit","4","false","true","true","true","true","true","{""displayGroup"": ""Fit""}"
"MPH1110101111","womencasualskirtpattern","4","false","true","true","true","true","true","{""displayGroup"": ""Pattern""}"
"MPH1110101113","waistrise","4","false","true","true","true","true","true","{""displayGroup"": ""Waist Rise""}"
"MPH1110102100","womentopwearfit","4","false","true","true","true","true","true","{""displayGroup"": ""Fit""}"
"MPH1110102100","womensleeve","5","false","true","true","true","true","true","{""displayGroup"": ""Sleeve""}"
"MPH1110102102","womenformalsetsuitpattern","8","false","true","true","true","true","true","{""displayGroup"": ""Pattern""}"
"MPH1110102103","womenformaltopwearneckcollar","5","false","true","true","true","true","true","{""displayGroup"": ""Neck/Collar""}"
"MPH1110102104","dressshape","5","false","true","true","true","true","true","{""displayGroup"": ""Dress Shape""}"
"MPH1110102104","dresslength","6","false","true","true","true","true","true","{""displayGroup"": ""Dress Length""}"
"MPH1110102104","womensleeve","7","false","true","true","true","true","true","{""displayGroup"": ""Sleeve""}"
"MPH1110103101","brafabricfamily","6","false","true","true","true","true","true","{""displayGroup"": ""Fabric Family""}"
"MPH1110104100","womencasualtopwearsize","5","false","true","true","true","true","true","{""displayGroup"": ""Size""}"
"MPH1110104101","waistrise","2","false","true","true","true","true","true","{""displayGroup"": ""Waist Rise""}"
"MPH1110104101","womenbottomwearfit","3","false","true","true","true","true","true","{""displayGroup"": ""Fit""}"
"MPH1110104103","womenbottomwearfit","2","false","true","true","true","true","true","{""displayGroup"": ""Fit""}"
"MPH1110104103","womensleeve","3","false","true","true","true","true","true","{""displayGroup"": ""Sleeve""}"
"MPH1110104104","womenbottomwearfit","3","false","true","true","true","true","true","{""displayGroup"": ""Fit""}"
"MPH1110104106","brafabricfamily","3","false","true","true","true","true","true","{""displayGroup"": ""Fabric Family""}"
"MPH1110104106","womenbrapattern","4","false","true","true","true","true","true","{""displayGroup"": ""Pattern""}"
"MPH1110105","washcare","3","false","true","true","true","true","true","{""displayGroup"": ""Wash Care""}"
"MPH1110105101","womeninnerwearbrasize","7","false","true","true","true","true","true","{""displayGroup"": ""Size""}"
"MPH1110105102","wiring","9","false","true","true","true","true","true","{""displayGroup"": ""Wiring""}"
"MPH1110105102","womeninnerwearbrasize","10","false","true","true","true","true","true","{""displayGroup"": ""Size""}"
"MPH1110105102","womenbriefpattern","11","false","true","true","true","true","true","{""displayGroup"": ""Pattern""}"
"MPH1110105103","padding","5","false","true","true","true","true","true","{""displayGroup"": ""Padding""}"
"MPH1110105103","brafabricfamily","6","false","true","true","true","true","true","{""displayGroup"": ""Fabric Family""}"
"MPH1110105105","sleepwearcoverage","4","false","true","true","true","true","true","{""displayGroup"": ""Length""}"
"MPH1110105109","brafabricfamily","6","false","true","true","true","true","true","{""displayGroup"": ""Fabric Family""}"
"MPH1111","packcolor","17","false","true","true","true","true","true","{""displayGroup"": ""Pack Color""}"
"MPH1111","colorfamilyapparel","18","false","true","true","true","true","true","{""displayGroup"": ""Color Family""}"
"MPH1111","packquantity","19","false","true","true","true","true","true","{""displayGroup"": ""Pack Quantity""}"
"MPH1111100","washcare","2","false","true","true","true","true","true","{""displayGroup"": ""Wash Care""}"
"MPH1111101100","tshirttype","5","false","true","true","true","true","true","{""displayGroup"": ""Tshirt Type""}"
"MPH1111101100","mencasualtopwearsize","6","false","true","true","true","true","true","{""displayGroup"": ""Size""}"
"MPH1111101103","mencasualbottomwearsize","5","false","true","true","true","true","true","{""displayGroup"": ""Size""}"
"MPH1111101104","waistrise","4","false","true","true","true","true","true","{""displayGroup"": ""Waist Rise""}"
"MPH1111102102","fittopwearmen","3","false","true","true","true","true","true","{""displayGroup"": ""Fit""}"
"MPH1111102104","mencasualbottomwearsize","3","false","true","true","true","true","true","{""displayGroup"": ""Size""}"
"MPH1111103100","menethinicwearcollarneck","3","false","true","true","true","true","true","{""displayGroup"": ""Neck/Collar""}"
"MPH1111103100","mensleeve","4","false","true","true","true","true","true","{""displayGroup"": ""Sleeve""}"
"MPH1111103101","menethinicwearsetsize","5","false","true","true","true","true","true","{""displayGroup"": ""Size""}"
"MPH1111103103","fittopwearmen","6","false","true","true","true","true","true","{""displayGroup"": ""Fit""}"
"MPH1111104100","fitbottomwearmen","3","false","true","true","true","true","true","{""displayGroup"": ""Fit""}"
"MPH1111104103","brandfitname","6","false","true","true","true","true","true","{""displayGroup"": ""Brand Fit Name""}"
"MPH1111104104","mensleepwearsize","4","false","true","true","true","true","true","{""displayGroup"": ""Size""}"
"MPH1111104104","mensleeve","5","false","true","true","true","true","true","{""displayGroup"": ""Sleeve""}"
"MPH1111104105","fitbottomwearmen","4","false","true","true","true","true","true","{""displayGroup"": ""Fit""}"
"MPH1111101109","mencasualtopwearsize","1","false","true","true","true","true","true","{""displayGroup"": ""Size""}"
"MPH1111101110","mencasualtopwearsize","1","false","true","true","true","true","true","{""displayGroup"": ""Size""}"
"MPH1111102106 ","mencasualtopwearsize","1","false","true","true","true","true","true","{""displayGroup"": ""Size""}"
"MPH1111102107","mencasualtopwearsize","1","false","true","true","true","true","true","{""displayGroup"": ""Size""}"
"MPH1111100106","menformalbottomwearsize","1","false","true","true","true","true","true","{""displayGroup"": ""Size""}"
"MPH1111100104","menformaltopwearsize","1","false","true","true","true","true","true","{""displayGroup"": ""Size""}"
"MPH1111100105","menformaltopwearsize","1","false","true","true","true","true","true","{""displayGroup"": ""Size""}"
"MPH1110100100","ageband","4","false","true","true","true","true","true","{""displayGroup"": ""Age Band""}"
"MPH1110100101","ageband","16","false","true","true","true","true","true","{""displayGroup"": ""Age Band""}"
"MPH1110100102","ageband","9","false","true","true","true","true","true","{""displayGroup"": ""Age Band""}"
"MPH1110100103","ageband","3","false","true","true","true","true","true","{""displayGroup"": ""Age Band""}"
"MPH1110100104","ageband","4","false","true","true","true","true","true","{""displayGroup"": ""Age Band""}"
"MPH1110100105","ageband","2","false","true","true","true","true","true","{""displayGroup"": ""Age Band""}"
"MPH1110100106","ageband","1","false","true","true","true","true","true","{""displayGroup"": ""Age Band""}"
"MPH1110100107","ageband","1","false","true","true","true","true","true","{""displayGroup"": ""Age Band""}"
"MPH1110100108","ageband","1","false","true","true","true","true","true","{""displayGroup"": ""Age Band""}"
"MPH1110101100","ageband","7","false","true","true","true","true","true","{""displayGroup"": ""Age Band""}"
"MPH1110101101","ageband","6","false","true","true","true","true","true","{""displayGroup"": ""Age Band""}"
"MPH1110101102","ageband","7","false","true","true","true","true","true","{""displayGroup"": ""Age Band""}"
"MPH1110101103","ageband","6","false","true","true","true","true","true","{""displayGroup"": ""Age Band""}"
"MPH1110101104","ageband","5","false","true","true","true","true","true","{""displayGroup"": ""Age Band""}"
"MPH1110101105","ageband","7","false","true","true","true","true","true","{""displayGroup"": ""Age Band""}"
"MPH1110101106","ageband","6","false","true","true","true","true","true","{""displayGroup"": ""Age Band""}"
"MPH1110101107","ageband","6","false","true","true","true","true","true","{""displayGroup"": ""Age Band""}"
"MPH1110101108","ageband","5","false","true","true","true","true","true","{""displayGroup"": ""Age Band""}"
"MPH1110101109","ageband","8","false","true","true","true","true","true","{""displayGroup"": ""Age Band""}"
"MPH1110101110","ageband","5","false","true","true","true","true","true","{""displayGroup"": ""Age Band""}"
"MPH1110101111","ageband","5","false","true","true","true","true","true","{""displayGroup"": ""Age Band""}"
"MPH1110101112","ageband","5","false","true","true","true","true","true","{""displayGroup"": ""Age Band""}"
"MPH1110101113","ageband","5","false","true","true","true","true","true","{""displayGroup"": ""Age Band""}"
"MPH1110101114","ageband","7","false","true","true","true","true","true","{""displayGroup"": ""Age Band""}"
"MPH1110102100","ageband","6","false","true","true","true","true","true","{""displayGroup"": ""Age Band""}"
"MPH1110102101","ageband","6","false","true","true","true","true","true","{""displayGroup"": ""Age Band""}"
"MPH1110102102","ageband","9","false","true","true","true","true","true","{""displayGroup"": ""Age Band""}"
"MPH1110102103","ageband","6","false","true","true","true","true","true","{""displayGroup"": ""Age Band""}"
"MPH1110102104","ageband","8","false","true","true","true","true","true","{""displayGroup"": ""Age Band""}"
"MPH1110103100","ageband","6","false","true","true","true","true","true","{""displayGroup"": ""Age Band""}"
"MPH1110103101","ageband","7","false","true","true","true","true","true","{""displayGroup"": ""Age Band""}"
"MPH1110103102","ageband","3","false","true","true","true","true","true","{""displayGroup"": ""Age Band""}"
"MPH1110103103","ageband","1","false","true","true","true","true","true","{""displayGroup"": ""Age Band""}"
"MPH1110104100","ageband","6","false","true","true","true","true","true","{""displayGroup"": ""Age Band""}"
"MPH1110104101","ageband","4","false","true","true","true","true","true","{""displayGroup"": ""Age Band""}"
"MPH1110104102","ageband","7","false","true","true","true","true","true","{""displayGroup"": ""Age Band""}"
"MPH1110104103","ageband","4","false","true","true","true","true","true","{""displayGroup"": ""Age Band""}"
"MPH1110104104","ageband","4","false","true","true","true","true","true","{""displayGroup"": ""Age Band""}"
"MPH1110104105","ageband","3","false","true","true","true","true","true","{""displayGroup"": ""Age Band""}"
"MPH1110104106","ageband","5","false","true","true","true","true","true","{""displayGroup"": ""Age Band""}"
"MPH1110105100","ageband","10","false","true","true","true","true","true","{""displayGroup"": ""Age Band""}"
"MPH1110105101","ageband","8","false","true","true","true","true","true","{""displayGroup"": ""Age Band""}"
"MPH1110105102","ageband","12","false","true","true","true","true","true","{""displayGroup"": ""Age Band""}"
"MPH1110105103","ageband","7","false","true","true","true","true","true","{""displayGroup"": ""Age Band""}"
"MPH1110105104","ageband","5","false","true","true","true","true","true","{""displayGroup"": ""Age Band""}"
"MPH1110105105","ageband","5","false","true","true","true","true","true","{""displayGroup"": ""Age Band""}"
"MPH1110105106","ageband","3","false","true","true","true","true","true","{""displayGroup"": ""Age Band""}"
"MPH1110105107","ageband","8","false","true","true","true","true","true","{""displayGroup"": ""Age Band""}"
"MPH1110105108","ageband","2","false","true","true","true","true","true","{""displayGroup"": ""Age Band""}"
"MPH1110105109","ageband","7","false","true","true","true","true","true","{""displayGroup"": ""Age Band""}"
"MPH1110106100","ageband","2","false","true","true","true","true","true","{""displayGroup"": ""Age Band""}"
"MPH1111100100","ageband","5","false","true","true","true","true","true","{""displayGroup"": ""Age Band""}"
"MPH1111100101","ageband","5","false","true","true","true","true","true","{""displayGroup"": ""Age Band""}"
"MPH1111100102","ageband","8","false","true","true","true","true","true","{""displayGroup"": ""Age Band""}"
"MPH1111100103","ageband","5","false","true","true","true","true","true","{""displayGroup"": ""Age Band""}"
"MPH1111101100","ageband","7","false","true","true","true","true","true","{""displayGroup"": ""Age Band""}"
"MPH1111101101","ageband","7","false","true","true","true","true","true","{""displayGroup"": ""Age Band""}"
"MPH1111101102","ageband","6","false","true","true","true","true","true","{""displayGroup"": ""Age Band""}"
"MPH1111101103","ageband","6","false","true","true","true","true","true","{""displayGroup"": ""Age Band""}"
"MPH1111101104","ageband","5","false","true","true","true","true","true","{""displayGroup"": ""Age Band""}"
"MPH1111101105","ageband","6","false","true","true","true","true","true","{""displayGroup"": ""Age Band""}"
"MPH1111101106","ageband","5","false","true","true","true","true","true","{""displayGroup"": ""Age Band""}"
"MPH1111101107","ageband","5","false","true","true","true","true","true","{""displayGroup"": ""Age Band""}"
"MPH1111101108","ageband","5","false","true","true","true","true","true","{""displayGroup"": ""Age Band""}"
"MPH1111101109","ageband","2","false","true","true","true","true","true","{""displayGroup"": ""Age Band""}"
"MPH1111102100","ageband","6","false","true","true","true","true","true","{""displayGroup"": ""Age Band""}"
"MPH1111102101","ageband","5","false","true","true","true","true","true","{""displayGroup"": ""Age Band""}"
"MPH1111102102","ageband","4","false","true","true","true","true","true","{""displayGroup"": ""Age Band""}"
"MPH1111102103","ageband","5","false","true","true","true","true","true","{""displayGroup"": ""Age Band""}"
"MPH1111102104 ","ageband","1","false","true","true","true","true","true","{""displayGroup"": ""Age Band""}"
"MPH1111102105","ageband","3","false","true","true","true","true","true","{""displayGroup"": ""Age Band""}"
"MPH1111103100","ageband","5","false","true","true","true","true","true","{""displayGroup"": ""Age Band""}"
"MPH1111103101","ageband","6","false","true","true","true","true","true","{""displayGroup"": ""Age Band""}"
"MPH1111103102","ageband","3","false","true","true","true","true","true","{""displayGroup"": ""Age Band""}"
"MPH1111103103","ageband","7","false","true","true","true","true","true","{""displayGroup"": ""Age Band""}"
"MPH1111103104","ageband","4","false","true","true","true","true","true","{""displayGroup"": ""Age Band""}"
"MPH1111103105","ageband","1","false","true","true","true","true","true","{""displayGroup"": ""Age Band""}"
"MPH1111103106","ageband","1","false","true","true","true","true","true","{""displayGroup"": ""Age Band""}"
"MPH1111103107","ageband","1","false","true","true","true","true","true","{""displayGroup"": ""Age Band""}"
"MPH1111103108","ageband","1","false","true","true","true","true","true","{""displayGroup"": ""Age Band""}"
"MPH1111103109","ageband","1","false","true","true","true","true","true","{""displayGroup"": ""Age Band""}"
"MPH1111104100","ageband","4","false","true","true","true","true","true","{""displayGroup"": ""Age Band""}"
"MPH1111104101","ageband","5","false","true","true","true","true","true","{""displayGroup"": ""Age Band""}"
"MPH1111104102","ageband","5","false","true","true","true","true","true","{""displayGroup"": ""Age Band""}"
"MPH1111104103","ageband","7","false","true","true","true","true","true","{""displayGroup"": ""Age Band""}"
"MPH1111104104","ageband","6","false","true","true","true","true","true","{""displayGroup"": ""Age Band""}"
"MPH1111104105","ageband","5","false","true","true","true","true","true","{""displayGroup"": ""Age Band""}"
"MPH1111104106","ageband","1","false","true","true","true","true","true","{""displayGroup"": ""Age Band""}"
"MPH1111105100","ageband","2","false","true","true","true","true","true","{""displayGroup"": ""Age Band""}"
"MPH1110104100","apparelsports","7","false","true","true","true","true","true","{""displayGroup"": ""Sports""}"
"MPH1110104101","apparelsports","5","false","true","true","true","true","true","{""displayGroup"": ""Sports""}"
"MPH1110104102","apparelsports","8","false","true","true","true","true","true","{""displayGroup"": ""Sports""}"
"MPH1110104103","apparelsports","5","false","true","true","true","true","true","{""displayGroup"": ""Sports""}"
"MPH1110104104","apparelsports","5","false","true","true","true","true","true","{""displayGroup"": ""Sports""}"
"MPH1110104105","apparelsports","4","false","true","true","true","true","true","{""displayGroup"": ""Sports""}"
"MPH1110104106","apparelsports","6","false","true","true","true","true","true","{""displayGroup"": ""Sports""}"
"MPH1111102100","apparelsports","7","false","true","true","true","true","true","{""displayGroup"": ""Sports""}"
"MPH1111102101","apparelsports","6","false","true","true","true","true","true","{""displayGroup"": ""Sports""}"
"MPH1111102102","apparelsports","5","false","true","true","true","true","true","{""displayGroup"": ""Sports""}"
"MPH1111102103","apparelsports","6","false","true","true","true","true","true","{""displayGroup"": ""Sports""}"
"MPH1111102105","apparelsports","4","false","true","true","true","true","true","{""displayGroup"": ""Sports""}"
"MPH1111102104 ","apparelsports","2","false","true","true","true","true","true","{""displayGroup"": ""Sports""}"
"MPH1111100100","menfabric","6","false","true","true","true","true","true","{""displayGroup"": ""Fabric Family""}"
"MPH1111100101","menfabric","6","false","true","true","true","true","true","{""displayGroup"": ""Fabric Family""}"
"MPH1111100102","menfabric","9","false","true","true","true","true","true","{""displayGroup"": ""Fabric Family""}"
"MPH1111100103","menfabric","6","false","true","true","true","true","true","{""displayGroup"": ""Fabric Family""}"
"MPH1111101100","menfabric","8","false","true","true","true","true","true","{""displayGroup"": ""Fabric Family""}"
"MPH1111101101","menfabric","8","false","true","true","true","true","true","{""displayGroup"": ""Fabric Family""}"
"MPH1111101102","menfabric","7","false","true","true","true","true","true","{""displayGroup"": ""Fabric Family""}"
"MPH1111101103","menfabric","7","false","true","true","true","true","true","{""displayGroup"": ""Fabric Family""}"
"MPH1111101104","menfabric","6","false","true","true","true","true","true","{""displayGroup"": ""Fabric Family""}"
"MPH1111101105","menfabric","7","false","true","true","true","true","true","{""displayGroup"": ""Fabric Family""}"
"MPH1111101106","menfabric","6","false","true","true","true","true","true","{""displayGroup"": ""Fabric Family""}"
"MPH1111101107","menfabric","6","false","true","true","true","true","true","{""displayGroup"": ""Fabric Family""}"
"MPH1111101108","menfabric","6","false","true","true","true","true","true","{""displayGroup"": ""Fabric Family""}"
"MPH1111101109","menfabric","3","false","true","true","true","true","true","{""displayGroup"": ""Fabric Family""}"
"MPH1111102100","menfabric","8","false","true","true","true","true","true","{""displayGroup"": ""Fabric Family""}"
"MPH1111102101","menfabric","7","false","true","true","true","true","true","{""displayGroup"": ""Fabric Family""}"
"MPH1111102102","menfabric","6","false","true","true","true","true","true","{""displayGroup"": ""Fabric Family""}"
"MPH1111102103","menfabric","7","false","true","true","true","true","true","{""displayGroup"": ""Fabric Family""}"
"MPH1111102105","menfabric","5","false","true","true","true","true","true","{""displayGroup"": ""Fabric Family""}"
"MPH1111102104 ","menfabric","3","false","true","true","true","true","true","{""displayGroup"": ""Fabric Family""}"
"MPH1111103100","menfabric","6","false","true","true","true","true","true","{""displayGroup"": ""Fabric Family""}"
"MPH1111103101","menfabric","7","false","true","true","true","true","true","{""displayGroup"": ""Fabric Family""}"
"MPH1111103102","menfabric","4","false","true","true","true","true","true","{""displayGroup"": ""Fabric Family""}"
"MPH1111103103","menfabric","8","false","true","true","true","true","true","{""displayGroup"": ""Fabric Family""}"
"MPH1111103104","menfabric","5","false","true","true","true","true","true","{""displayGroup"": ""Fabric Family""}"
"MPH1111103105","menfabric","2","false","true","true","true","true","true","{""displayGroup"": ""Fabric Family""}"
"MPH1111103106","menfabric","2","false","true","true","true","true","true","{""displayGroup"": ""Fabric Family""}"
"MPH1111103107","menfabric","2","false","true","true","true","true","true","{""displayGroup"": ""Fabric Family""}"
"MPH1111103108","menfabric","2","false","true","true","true","true","true","{""displayGroup"": ""Fabric Family""}"
"MPH1111103109","menfabric","2","false","true","true","true","true","true","{""displayGroup"": ""Fabric Family""}"
"MPH1111104100","menfabric","5","false","true","true","true","true","true","{""displayGroup"": ""Fabric Family""}"
"MPH1111104101","menfabric","6","false","true","true","true","true","true","{""displayGroup"": ""Fabric Family""}"
"MPH1111104102","menfabric","6","false","true","true","true","true","true","{""displayGroup"": ""Fabric Family""}"
"MPH1111104103","menfabric","8","false","true","true","true","true","true","{""displayGroup"": ""Fabric Family""}"
"MPH1111104104","menfabric","7","false","true","true","true","true","true","{""displayGroup"": ""Fabric Family""}"
"MPH1111104105","menfabric","6","false","true","true","true","true","true","{""displayGroup"": ""Fabric Family""}"
"MPH1111104106","menfabric","2","false","true","true","true","true","true","{""displayGroup"": ""Fabric Family""}"
"MPH1111105100","menfabric","3","false","true","true","true","true","true","{""displayGroup"": ""Fabric Family""}"
"MPH1111104106","meninnerwearsize","3","false","true","true","true","true","true","{""displayGroup"": ""Size""}"
"MPH1111104107","meninnerwearsize","1","false","true","true","true","true","true","{""displayGroup"": ""Size""}"
"MPH1111104108","meninnerwearsize","1","false","true","true","true","true","true","{""displayGroup"": ""Size""}"
"MPH1111104109","mensleepwearsize","1","false","true","true","true","true","true","{""displayGroup"": ""Size""}"
"MPH1111103112","menethinicwearbottomwearsize","1","false","true","true","true","true","true","{""displayGroup"": ""Size""}"
"MPH1111103105","menethinicweartopwearsize","3","false","true","true","true","true","true","{""displayGroup"": ""Size""}"
"MPH1111103106","menethinicweartopwearsize","3","false","true","true","true","true","true","{""displayGroup"": ""Size""}"
"MPH1111103107","menethinicweartopwearsize","3","false","true","true","true","true","true","{""displayGroup"": ""Size""}"
"MPH1111103108","menethinicweartopwearsize","3","false","true","true","true","true","true","{""displayGroup"": ""Size""}"
"MPH1111103109","menethinicweartopwearsize","3","false","true","true","true","true","true","{""displayGroup"": ""Size""}"
"MPH1111103110","menethinicweartopwearsize","1","false","true","true","true","true","true","{""displayGroup"": ""Size""}"
"MPH1111103111","menethinicweartopwearsize","1","false","true","true","true","true","true","{""displayGroup"": ""Size""}"
"MPH1111101111","mencasualbottomwearsize","1","false","true","true","true","true","true","{""displayGroup"": ""Size""}"
"MPH1111101112","mencasualbottomwearsize","1","false","true","true","true","true","true","{""displayGroup"": ""Size""}"
"MPH1111102104 ","mencasualbottomwearsize","4","false","true","true","true","true","true","{""displayGroup"": ""Size""}"
"MPH1111102108 ","mencasualbottomwearsize","1","false","true","true","true","true","true","{""displayGroup"": ""Size""}"
"MPH1110100100","keytrendsapparel","5","false","true","true","true","true","true","{""displayGroup"": ""Key Trends""}"
"MPH1110100101","keytrendsapparel","17","false","true","true","true","true","true","{""displayGroup"": ""Key Trends""}"
"MPH1110100102","keytrendsapparel","10","false","true","true","true","true","true","{""displayGroup"": ""Key Trends""}"
"MPH1110100103","keytrendsapparel","4","false","true","true","true","true","true","{""displayGroup"": ""Key Trends""}"
"MPH1110100104","keytrendsapparel","5","false","true","true","true","true","true","{""displayGroup"": ""Key Trends""}"
"MPH1110100105","keytrendsapparel","3","false","true","true","true","true","true","{""displayGroup"": ""Key Trends""}"
"MPH1110100106","keytrendsapparel","2","false","true","true","true","true","true","{""displayGroup"": ""Key Trends""}"
"MPH1110100107","keytrendsapparel","2","false","true","true","true","true","true","{""displayGroup"": ""Key Trends""}"
"MPH1110100108","keytrendsapparel","2","false","true","true","true","true","true","{""displayGroup"": ""Key Trends""}"
"MPH1110101100","keytrendsapparel","8","false","true","true","true","true","true","{""displayGroup"": ""Key Trends""}"
"MPH1110101101","keytrendsapparel","7","false","true","true","true","true","true","{""displayGroup"": ""Key Trends""}"
"MPH1110101102","keytrendsapparel","8","false","true","true","true","true","true","{""displayGroup"": ""Key Trends""}"
"MPH1110101103","keytrendsapparel","7","false","true","true","true","true","true","{""displayGroup"": ""Key Trends""}"
"MPH1110101104","keytrendsapparel","6","false","true","true","true","true","true","{""displayGroup"": ""Key Trends""}"
"MPH1110101105","keytrendsapparel","8","false","true","true","true","true","true","{""displayGroup"": ""Key Trends""}"
"MPH1110101106","keytrendsapparel","7","false","true","true","true","true","true","{""displayGroup"": ""Key Trends""}"
"MPH1110101107","keytrendsapparel","7","false","true","true","true","true","true","{""displayGroup"": ""Key Trends""}"
"MPH1110101108","keytrendsapparel","6","false","true","true","true","true","true","{""displayGroup"": ""Key Trends""}"
"MPH1110101109","keytrendsapparel","9","false","true","true","true","true","true","{""displayGroup"": ""Key Trends""}"
"MPH1110101110","keytrendsapparel","6","false","true","true","true","true","true","{""displayGroup"": ""Key Trends""}"
"MPH1110101111","keytrendsapparel","6","false","true","true","true","true","true","{""displayGroup"": ""Key Trends""}"
"MPH1110101112","keytrendsapparel","6","false","true","true","true","true","true","{""displayGroup"": ""Key Trends""}"
"MPH1110101113","keytrendsapparel","6","false","true","true","true","true","true","{""displayGroup"": ""Key Trends""}"
"MPH1110101114","keytrendsapparel","8","false","true","true","true","true","true","{""displayGroup"": ""Key Trends""}"
"MPH1110102100","keytrendsapparel","7","false","true","true","true","true","true","{""displayGroup"": ""Key Trends""}"
"MPH1110102101","keytrendsapparel","7","false","true","true","true","true","true","{""displayGroup"": ""Key Trends""}"
"MPH1110102102","keytrendsapparel","10","false","true","true","true","true","true","{""displayGroup"": ""Key Trends""}"
"MPH1110102103","keytrendsapparel","7","false","true","true","true","true","true","{""displayGroup"": ""Key Trends""}"
"MPH1110102104","keytrendsapparel","9","false","true","true","true","true","true","{""displayGroup"": ""Key Trends""}"
"MPH1110103100","keytrendsapparel","7","false","true","true","true","true","true","{""displayGroup"": ""Key Trends""}"
"MPH1110103101","keytrendsapparel","8","false","true","true","true","true","true","{""displayGroup"": ""Key Trends""}"
"MPH1110103102","keytrendsapparel","4","false","true","true","true","true","true","{""displayGroup"": ""Key Trends""}"
"MPH1110103103","keytrendsapparel","2","false","true","true","true","true","true","{""displayGroup"": ""Key Trends""}"
"MPH1110104100","keytrendsapparel","8","false","true","true","true","true","true","{""displayGroup"": ""Key Trends""}"
"MPH1110104101","keytrendsapparel","6","false","true","true","true","true","true","{""displayGroup"": ""Key Trends""}"
"MPH1110104102","keytrendsapparel","9","false","true","true","true","true","true","{""displayGroup"": ""Key Trends""}"
"MPH1110104103","keytrendsapparel","6","false","true","true","true","true","true","{""displayGroup"": ""Key Trends""}"
"MPH1110104104","keytrendsapparel","6","false","true","true","true","true","true","{""displayGroup"": ""Key Trends""}"
"MPH1110104105","keytrendsapparel","5","false","true","true","true","true","true","{""displayGroup"": ""Key Trends""}"
"MPH1110104106","keytrendsapparel","7","false","true","true","true","true","true","{""displayGroup"": ""Key Trends""}"
"MPH1110105100","keytrendsapparel","11","false","true","true","true","true","true","{""displayGroup"": ""Key Trends""}"
"MPH1110105101","keytrendsapparel","9","false","true","true","true","true","true","{""displayGroup"": ""Key Trends""}"
"MPH1110105102","keytrendsapparel","13","false","true","true","true","true","true","{""displayGroup"": ""Key Trends""}"
"MPH1110105103","keytrendsapparel","8","false","true","true","true","true","true","{""displayGroup"": ""Key Trends""}"
"MPH1110105104","keytrendsapparel","6","false","true","true","true","true","true","{""displayGroup"": ""Key Trends""}"
"MPH1110105105","keytrendsapparel","6","false","true","true","true","true","true","{""displayGroup"": ""Key Trends""}"
"MPH1110105106","keytrendsapparel","4","false","true","true","true","true","true","{""displayGroup"": ""Key Trends""}"
"MPH1110105107","keytrendsapparel","9","false","true","true","true","true","true","{""displayGroup"": ""Key Trends""}"
"MPH1110105108","keytrendsapparel","3","false","true","true","true","true","true","{""displayGroup"": ""Key Trends""}"
"MPH1110105109","keytrendsapparel","8","false","true","true","true","true","true","{""displayGroup"": ""Key Trends""}"
"MPH1110106100","keytrendsapparel","3","false","true","true","true","true","true","{""displayGroup"": ""Key Trends""}"
"MPH1111100100","keytrendsapparel","7","false","true","true","true","true","true","{""displayGroup"": ""Key Trends""}"
"MPH1111100101","keytrendsapparel","7","false","true","true","true","true","true","{""displayGroup"": ""Key Trends""}"
"MPH1111100102","keytrendsapparel","10","false","true","true","true","true","true","{""displayGroup"": ""Key Trends""}"
"MPH1111100103","keytrendsapparel","7","false","true","true","true","true","true","{""displayGroup"": ""Key Trends""}"
"MPH1111101100","keytrendsapparel","9","false","true","true","true","true","true","{""displayGroup"": ""Key Trends""}"
"MPH1111101101","keytrendsapparel","9","false","true","true","true","true","true","{""displayGroup"": ""Key Trends""}"
"MPH1111101102","keytrendsapparel","8","false","true","true","true","true","true","{""displayGroup"": ""Key Trends""}"
"MPH1111101103","keytrendsapparel","8","false","true","true","true","true","true","{""displayGroup"": ""Key Trends""}"
"MPH1111101104","keytrendsapparel","7","false","true","true","true","true","true","{""displayGroup"": ""Key Trends""}"
"MPH1111101105","keytrendsapparel","8","false","true","true","true","true","true","{""displayGroup"": ""Key Trends""}"
"MPH1111101106","keytrendsapparel","7","false","true","true","true","true","true","{""displayGroup"": ""Key Trends""}"
"MPH1111101107","keytrendsapparel","7","false","true","true","true","true","true","{""displayGroup"": ""Key Trends""}"
"MPH1111101108","keytrendsapparel","7","false","true","true","true","true","true","{""displayGroup"": ""Key Trends""}"
"MPH1111101109","keytrendsapparel","4","false","true","true","true","true","true","{""displayGroup"": ""Key Trends""}"
"MPH1111102100","keytrendsapparel","9","false","true","true","true","true","true","{""displayGroup"": ""Key Trends""}"
"MPH1111102101","keytrendsapparel","8","false","true","true","true","true","true","{""displayGroup"": ""Key Trends""}"
"MPH1111102102","keytrendsapparel","7","false","true","true","true","true","true","{""displayGroup"": ""Key Trends""}"
"MPH1111102103","keytrendsapparel","8","false","true","true","true","true","true","{""displayGroup"": ""Key Trends""}"
"MPH1111102105","keytrendsapparel","6","false","true","true","true","true","true","{""displayGroup"": ""Key Trends""}"
"MPH1111102104 ","keytrendsapparel","5","false","true","true","true","true","true","{""displayGroup"": ""Key Trends""}"
"MPH1111103100","keytrendsapparel","7","false","true","true","true","true","true","{""displayGroup"": ""Key Trends""}"
"MPH1111103101","keytrendsapparel","8","false","true","true","true","true","true","{""displayGroup"": ""Key Trends""}"
"MPH1111103102","keytrendsapparel","5","false","true","true","true","true","true","{""displayGroup"": ""Key Trends""}"
"MPH1111103103","keytrendsapparel","9","false","true","true","true","true","true","{""displayGroup"": ""Key Trends""}"
"MPH1111103104","keytrendsapparel","6","false","true","true","true","true","true","{""displayGroup"": ""Key Trends""}"
"MPH1111103105","keytrendsapparel","4","false","true","true","true","true","true","{""displayGroup"": ""Key Trends""}"
"MPH1111103106","keytrendsapparel","4","false","true","true","true","true","true","{""displayGroup"": ""Key Trends""}"
"MPH1111103107","keytrendsapparel","4","false","true","true","true","true","true","{""displayGroup"": ""Key Trends""}"
"MPH1111103108","keytrendsapparel","4","false","true","true","true","true","true","{""displayGroup"": ""Key Trends""}"
"MPH1111103109","keytrendsapparel","4","false","true","true","true","true","true","{""displayGroup"": ""Key Trends""}"
"MPH1111104100","keytrendsapparel","6","false","true","true","true","true","true","{""displayGroup"": ""Key Trends""}"
"MPH1111104101","keytrendsapparel","7","false","true","true","true","true","true","{""displayGroup"": ""Key Trends""}"
"MPH1111104102","keytrendsapparel","7","false","true","true","true","true","true","{""displayGroup"": ""Key Trends""}"
"MPH1111104103","keytrendsapparel","9","false","true","true","true","true","true","{""displayGroup"": ""Key Trends""}"
"MPH1111104104","keytrendsapparel","8","false","true","true","true","true","true","{""displayGroup"": ""Key Trends""}"
"MPH1111104105","keytrendsapparel","7","false","true","true","true","true","true","{""displayGroup"": ""Key Trends""}"
"MPH1111104106","keytrendsapparel","4","false","true","true","true","true","true","{""displayGroup"": ""Key Trends""}"
"MPH1111105100","keytrendsapparel","4","false","true","true","true","true","true","{""displayGroup"": ""Key Trends""}"
"MPH1110","seasonapparel","18","false","true","true","true","true","true","{""displayGroup"": ""Season""}"
"MPH1111","seasonapparel","20","false","true","true","true","true","true","{""displayGroup"": ""Season""}"
"MPH1111102100","sportstypeapparel","10","false","true","true","true","true","true","{""displayGroup"": ""Sports Type""}"
"MPH1111102101","sportstypeapparel","9","false","true","true","true","true","true","{""displayGroup"": ""Sports Type""}"
"MPH1111102102","sportstypeapparel","8","false","true","true","true","true","true","{""displayGroup"": ""Sports Type""}"
"MPH1111102103","sportstypeapparel","9","false","true","true","true","true","true","{""displayGroup"": ""Sports Type""}"
"MPH1111102105","sportstypeapparel","7","false","true","true","true","true","true","{""displayGroup"": ""Sports Type""}"
"MPH1111102104 ","sportstypeapparel","6","false","true","true","true","true","true","{""displayGroup"": ""Sports Type""}"
"MPH1110100100","colorgroupapparel","6","false","true","true","true","true","true","{""displayGroup"": ""Color Group""}"
"MPH1110100101","colorgroupapparel","18","false","true","true","true","true","true","{""displayGroup"": ""Color Group""}"
"MPH1110100102","colorgroupapparel","11","false","true","true","true","true","true","{""displayGroup"": ""Color Group""}"
"MPH1110100103","colorgroupapparel","5","false","true","true","true","true","true","{""displayGroup"": ""Color Group""}"
"MPH1110100104","colorgroupapparel","6","false","true","true","true","true","true","{""displayGroup"": ""Color Group""}"
"MPH1110100105","colorgroupapparel","4","false","true","true","true","true","true","{""displayGroup"": ""Color Group""}"
"MPH1110100106","colorgroupapparel","3","false","true","true","true","true","true","{""displayGroup"": ""Color Group""}"
"MPH1110100107","colorgroupapparel","3","false","true","true","true","true","true","{""displayGroup"": ""Color Group""}"
"MPH1110100108","colorgroupapparel","3","false","true","true","true","true","true","{""displayGroup"": ""Color Group""}"
"MPH1110101100","colorgroupapparel","9","false","true","true","true","true","true","{""displayGroup"": ""Color Group""}"
"MPH1110101101","colorgroupapparel","8","false","true","true","true","true","true","{""displayGroup"": ""Color Group""}"
"MPH1110101102","colorgroupapparel","9","false","true","true","true","true","true","{""displayGroup"": ""Color Group""}"
"MPH1110101103","colorgroupapparel","8","false","true","true","true","true","true","{""displayGroup"": ""Color Group""}"
"MPH1110101104","colorgroupapparel","7","false","true","true","true","true","true","{""displayGroup"": ""Color Group""}"
"MPH1110101105","colorgroupapparel","9","false","true","true","true","true","true","{""displayGroup"": ""Color Group""}"
"MPH1110101106","colorgroupapparel","8","false","true","true","true","true","true","{""displayGroup"": ""Color Group""}"
"MPH1110101107","colorgroupapparel","8","false","true","true","true","true","true","{""displayGroup"": ""Color Group""}"
"MPH1110101108","colorgroupapparel","7","false","true","true","true","true","true","{""displayGroup"": ""Color Group""}"
"MPH1110101109","colorgroupapparel","10","false","true","true","true","true","true","{""displayGroup"": ""Color Group""}"
"MPH1110101110","colorgroupapparel","7","false","true","true","true","true","true","{""displayGroup"": ""Color Group""}"
"MPH1110101111","colorgroupapparel","7","false","true","true","true","true","true","{""displayGroup"": ""Color Group""}"
"MPH1110101112","colorgroupapparel","7","false","true","true","true","true","true","{""displayGroup"": ""Color Group""}"
"MPH1110101113","colorgroupapparel","7","false","true","true","true","true","true","{""displayGroup"": ""Color Group""}"
"MPH1110101114","colorgroupapparel","9","false","true","true","true","true","true","{""displayGroup"": ""Color Group""}"
"MPH1110102100","colorgroupapparel","8","false","true","true","true","true","true","{""displayGroup"": ""Color Group""}"
"MPH1110102101","colorgroupapparel","8","false","true","true","true","true","true","{""displayGroup"": ""Color Group""}"
"MPH1110102102","colorgroupapparel","11","false","true","true","true","true","true","{""displayGroup"": ""Color Group""}"
"MPH1110102103","colorgroupapparel","8","false","true","true","true","true","true","{""displayGroup"": ""Color Group""}"
"MPH1110102104","colorgroupapparel","10","false","true","true","true","true","true","{""displayGroup"": ""Color Group""}"
"MPH1110103100","colorgroupapparel","8","false","true","true","true","true","true","{""displayGroup"": ""Color Group""}"
"MPH1110103101","colorgroupapparel","9","false","true","true","true","true","true","{""displayGroup"": ""Color Group""}"
"MPH1110103102","colorgroupapparel","5","false","true","true","true","true","true","{""displayGroup"": ""Color Group""}"
"MPH1110103103","colorgroupapparel","3","false","true","true","true","true","true","{""displayGroup"": ""Color Group""}"
"MPH1110104100","colorgroupapparel","9","false","true","true","true","true","true","{""displayGroup"": ""Color Group""}"
"MPH1110104101","colorgroupapparel","7","false","true","true","true","true","true","{""displayGroup"": ""Color Group""}"
"MPH1110104102","colorgroupapparel","10","false","true","true","true","true","true","{""displayGroup"": ""Color Group""}"
"MPH1110104103","colorgroupapparel","7","false","true","true","true","true","true","{""displayGroup"": ""Color Group""}"
"MPH1110104104","colorgroupapparel","7","false","true","true","true","true","true","{""displayGroup"": ""Color Group""}"
"MPH1110104105","colorgroupapparel","6","false","true","true","true","true","true","{""displayGroup"": ""Color Group""}"
"MPH1110104106","colorgroupapparel","8","false","true","true","true","true","true","{""displayGroup"": ""Color Group""}"
"MPH1110105100","colorgroupapparel","12","false","true","true","true","true","true","{""displayGroup"": ""Color Group""}"
"MPH1110105101","colorgroupapparel","10","false","true","true","true","true","true","{""displayGroup"": ""Color Group""}"
"MPH1110105102","colorgroupapparel","14","false","true","true","true","true","true","{""displayGroup"": ""Color Group""}"
"MPH1110105103","colorgroupapparel","9","false","true","true","true","true","true","{""displayGroup"": ""Color Group""}"
"MPH1110105104","colorgroupapparel","7","false","true","true","true","true","true","{""displayGroup"": ""Color Group""}"
"MPH1110105105","colorgroupapparel","7","false","true","true","true","true","true","{""displayGroup"": ""Color Group""}"
"MPH1110105106","colorgroupapparel","5","false","true","true","true","true","true","{""displayGroup"": ""Color Group""}"
"MPH1110105107","colorgroupapparel","10","false","true","true","true","true","true","{""displayGroup"": ""Color Group""}"
"MPH1110105108","colorgroupapparel","4","false","true","true","true","true","true","{""displayGroup"": ""Color Group""}"
"MPH1110105109","colorgroupapparel","9","false","true","true","true","true","true","{""displayGroup"": ""Color Group""}"
"MPH1110106100","colorgroupapparel","4","false","true","true","true","true","true","{""displayGroup"": ""Color Group""}"
"MPH1111100100","colorgroupapparel","8","false","true","true","true","true","true","{""displayGroup"": ""Color Group""}"
"MPH1111100101","colorgroupapparel","8","false","true","true","true","true","true","{""displayGroup"": ""Color Group""}"
"MPH1111100102","colorgroupapparel","11","false","true","true","true","true","true","{""displayGroup"": ""Color Group""}"
"MPH1111100103","colorgroupapparel","8","false","true","true","true","true","true","{""displayGroup"": ""Color Group""}"
"MPH1111101100","colorgroupapparel","10","false","true","true","true","true","true","{""displayGroup"": ""Color Group""}"
"MPH1111101101","colorgroupapparel","10","false","true","true","true","true","true","{""displayGroup"": ""Color Group""}"
"MPH1111101102","colorgroupapparel","9","false","true","true","true","true","true","{""displayGroup"": ""Color Group""}"
"MPH1111101103","colorgroupapparel","9","false","true","true","true","true","true","{""displayGroup"": ""Color Group""}"
"MPH1111101104","colorgroupapparel","8","false","true","true","true","true","true","{""displayGroup"": ""Color Group""}"
"MPH1111101105","colorgroupapparel","9","false","true","true","true","true","true","{""displayGroup"": ""Color Group""}"
"MPH1111101106","colorgroupapparel","8","false","true","true","true","true","true","{""displayGroup"": ""Color Group""}"
"MPH1111101107","colorgroupapparel","8","false","true","true","true","true","true","{""displayGroup"": ""Color Group""}"
"MPH1111101108","colorgroupapparel","8","false","true","true","true","true","true","{""displayGroup"": ""Color Group""}"
"MPH1111101109","colorgroupapparel","5","false","true","true","true","true","true","{""displayGroup"": ""Color Group""}"
"MPH1111102100","colorgroupapparel","11","false","true","true","true","true","true","{""displayGroup"": ""Color Group""}"
"MPH1111102101","colorgroupapparel","10","false","true","true","true","true","true","{""displayGroup"": ""Color Group""}"
"MPH1111102102","colorgroupapparel","9","false","true","true","true","true","true","{""displayGroup"": ""Color Group""}"
"MPH1111102103","colorgroupapparel","10","false","true","true","true","true","true","{""displayGroup"": ""Color Group""}"
"MPH1111102105","colorgroupapparel","8","false","true","true","true","true","true","{""displayGroup"": ""Color Group""}"
"MPH1111102104 ","colorgroupapparel","7","false","true","true","true","true","true","{""displayGroup"": ""Color Group""}"
"MPH1111103100","colorgroupapparel","8","false","true","true","true","true","true","{""displayGroup"": ""Color Group""}"
"MPH1111103101","colorgroupapparel","9","false","true","true","true","true","true","{""displayGroup"": ""Color Group""}"
"MPH1111103102","colorgroupapparel","6","false","true","true","true","true","true","{""displayGroup"": ""Color Group""}"
"MPH1111103103","colorgroupapparel","10","false","true","true","true","true","true","{""displayGroup"": ""Color Group""}"
"MPH1111103104","colorgroupapparel","7","false","true","true","true","true","true","{""displayGroup"": ""Color Group""}"
"MPH1111103105","colorgroupapparel","5","false","true","true","true","true","true","{""displayGroup"": ""Color Group""}"
"MPH1111103106","colorgroupapparel","5","false","true","true","true","true","true","{""displayGroup"": ""Color Group""}"
"MPH1111103107","colorgroupapparel","5","false","true","true","true","true","true","{""displayGroup"": ""Color Group""}"
"MPH1111103108","colorgroupapparel","5","false","true","true","true","true","true","{""displayGroup"": ""Color Group""}"
"MPH1111103109","colorgroupapparel","5","false","true","true","true","true","true","{""displayGroup"": ""Color Group""}"
"MPH1111104100","colorgroupapparel","7","false","true","true","true","true","true","{""displayGroup"": ""Color Group""}"
"MPH1111104101","colorgroupapparel","8","false","true","true","true","true","true","{""displayGroup"": ""Color Group""}"
"MPH1111104102","colorgroupapparel","8","false","true","true","true","true","true","{""displayGroup"": ""Color Group""}"
"MPH1111104103","colorgroupapparel","10","false","true","true","true","true","true","{""displayGroup"": ""Color Group""}"
"MPH1111104104","colorgroupapparel","9","false","true","true","true","true","true","{""displayGroup"": ""Color Group""}"
"MPH1111104105","colorgroupapparel","8","false","true","true","true","true","true","{""displayGroup"": ""Color Group""}"
"MPH1111104106","colorgroupapparel","5","false","true","true","true","true","true","{""displayGroup"": ""Color Group""}"
"MPH1111105100","colorgroupapparel","5","false","true","true","true","true","true","{""displayGroup"": ""Color Group""}"
"MPH1110100108","others2apparel","4","false","true","true","true","true","true","{""displayGroup"": ""Others 2""}"
"MPH1111101110","others2apparel","2","false","true","true","true","true","true","{""displayGroup"": ""Others 2""}"
"MPH1111101111","others2apparel","2","false","true","true","true","true","true","{""displayGroup"": ""Others 2""}"
"MPH1111101112","others2apparel","2","false","true","true","true","true","true","{""displayGroup"": ""Others 2""}"
"MPH1111104107","others2apparel","2","false","true","true","true","true","true","{""displayGroup"": ""Others 2""}"
"MPH1111104108","others2apparel","2","false","true","true","true","true","true","{""displayGroup"": ""Others 2""}"
"MPH1111104109","others2apparel","2","false","true","true","true","true","true","{""displayGroup"": ""Others 2""}"
"MPH1110100108","others1apparel","5","false","true","true","true","true","true","{""displayGroup"": ""Others 1""}"
"MPH1111101110","others1apparel","3","false","true","true","true","true","true","{""displayGroup"": ""Others 1""}"
"MPH1111101111","others1apparel","3","false","true","true","true","true","true","{""displayGroup"": ""Others 1""}"
"MPH1111101112","others1apparel","3","false","true","true","true","true","true","{""displayGroup"": ""Others 1""}"
"MPH1111104107","others1apparel","3","false","true","true","true","true","true","{""displayGroup"": ""Others 1""}"
"MPH1111104108","others1apparel","3","false","true","true","true","true","true","{""displayGroup"": ""Others 1""}"
"MPH1111104109","others1apparel","3","false","true","true","true","true","true","{""displayGroup"": ""Others 1""}"
"MPH1110100108","collectiondateapparel","6","false","true","true","true","true","true","{""displayGroup"": ""Collection Date""}"
"MPH1110100108","others3apparel","7","false","true","true","true","true","true","{""displayGroup"": ""Others 3""}"
"MPH1111101110","others3apparel","4","false","true","true","true","true","true","{""displayGroup"": ""Others 3""}"
"MPH1111101111","others3apparel","4","false","true","true","true","true","true","{""displayGroup"": ""Others 3""}"
"MPH1111101112","others3apparel","4","false","true","true","true","true","true","{""displayGroup"": ""Others 3""}"
"MPH1111104107","others3apparel","4","false","true","true","true","true","true","{""displayGroup"": ""Others 3""}"
"MPH1111104108","others3apparel","4","false","true","true","true","true","true","{""displayGroup"": ""Others 3""}"
"MPH1111104109","others3apparel","4","false","true","true","true","true","true","{""displayGroup"": ""Others 3""}"
"MPH1110102105","womenformaltopwearsize","1","false","true","true","true","true","true","{""displayGroup"": ""Size""}"
"MPH1110102106","womenformaltopwearsize","1","false","true","true","true","true","true","{""displayGroup"": ""Size""}"
"MPH1110100100","washcare","7","false","true","true","true","true","true","{""displayGroup"": ""Wash Care""}"
"MPH1110100101","washcare","19","false","true","true","true","true","true","{""displayGroup"": ""Wash Care""}"
"MPH1110100102","washcare","12","false","true","true","true","true","true","{""displayGroup"": ""Wash Care""}"
"MPH1110100103","washcare","6","false","true","true","true","true","true","{""displayGroup"": ""Wash Care""}"
"MPH1110100104","washcare","7","false","true","true","true","true","true","{""displayGroup"": ""Wash Care""}"
"MPH1110100105","washcare","5","false","true","true","true","true","true","{""displayGroup"": ""Wash Care""}"
"MPH1110100106","washcare","4","false","true","true","true","true","true","{""displayGroup"": ""Wash Care""}"
"MPH1110100107","washcare","4","false","true","true","true","true","true","{""displayGroup"": ""Wash Care""}"
"MPH1110100108","washcare","8","false","true","true","true","true","true","{""displayGroup"": ""Wash Care""}"
"MPH1110101100","washcare","10","false","true","true","true","true","true","{""displayGroup"": ""Wash Care""}"
"MPH1110101101","washcare","9","false","true","true","true","true","true","{""displayGroup"": ""Wash Care""}"
"MPH1110101102","washcare","10","false","true","true","true","true","true","{""displayGroup"": ""Wash Care""}"
"MPH1110101103","washcare","9","false","true","true","true","true","true","{""displayGroup"": ""Wash Care""}"
"MPH1110101104","washcare","8","false","true","true","true","true","true","{""displayGroup"": ""Wash Care""}"
"MPH1110101105","washcare","10","false","true","true","true","true","true","{""displayGroup"": ""Wash Care""}"
"MPH1110101106","washcare","9","false","true","true","true","true","true","{""displayGroup"": ""Wash Care""}"
"MPH1110101107","washcare","9","false","true","true","true","true","true","{""displayGroup"": ""Wash Care""}"
"MPH1110101108","washcare","8","false","true","true","true","true","true","{""displayGroup"": ""Wash Care""}"
"MPH1110101109","washcare","11","false","true","true","true","true","true","{""displayGroup"": ""Wash Care""}"
"MPH1110101110","washcare","8","false","true","true","true","true","true","{""displayGroup"": ""Wash Care""}"
"MPH1110101111","washcare","8","false","true","true","true","true","true","{""displayGroup"": ""Wash Care""}"
"MPH1110101112","washcare","8","false","true","true","true","true","true","{""displayGroup"": ""Wash Care""}"
"MPH1110101113","washcare","8","false","true","true","true","true","true","{""displayGroup"": ""Wash Care""}"
"MPH1110101114","washcare","10","false","true","true","true","true","true","{""displayGroup"": ""Wash Care""}"
"MPH1110102100","washcare","9","false","true","true","true","true","true","{""displayGroup"": ""Wash Care""}"
"MPH1110102101","washcare","9","false","true","true","true","true","true","{""displayGroup"": ""Wash Care""}"
"MPH1110102102","washcare","12","false","true","true","true","true","true","{""displayGroup"": ""Wash Care""}"
"MPH1110102103","washcare","9","false","true","true","true","true","true","{""displayGroup"": ""Wash Care""}"
"MPH1110102104","washcare","11","false","true","true","true","true","true","{""displayGroup"": ""Wash Care""}"
"MPH1110103100","washcare","9","false","true","true","true","true","true","{""displayGroup"": ""Wash Care""}"
"MPH1110103101","washcare","10","false","true","true","true","true","true","{""displayGroup"": ""Wash Care""}"
"MPH1110103102","washcare","6","false","true","true","true","true","true","{""displayGroup"": ""Wash Care""}"
"MPH1110103103","washcare","4","false","true","true","true","true","true","{""displayGroup"": ""Wash Care""}"
"MPH1110104100","washcare","10","false","true","true","true","true","true","{""displayGroup"": ""Wash Care""}"
"MPH1110104101","washcare","8","false","true","true","true","true","true","{""displayGroup"": ""Wash Care""}"
"MPH1110104102","washcare","11","false","true","true","true","true","true","{""displayGroup"": ""Wash Care""}"
"MPH1110104103","washcare","8","false","true","true","true","true","true","{""displayGroup"": ""Wash Care""}"
"MPH1110104104","washcare","8","false","true","true","true","true","true","{""displayGroup"": ""Wash Care""}"
"MPH1110104105","washcare","7","false","true","true","true","true","true","{""displayGroup"": ""Wash Care""}"
"MPH1110104106","washcare","9","false","true","true","true","true","true","{""displayGroup"": ""Wash Care""}"
"MPH1110105100","washcare","13","false","true","true","true","true","true","{""displayGroup"": ""Wash Care""}"
"MPH1110105101","washcare","11","false","true","true","true","true","true","{""displayGroup"": ""Wash Care""}"
"MPH1110105102","washcare","15","false","true","true","true","true","true","{""displayGroup"": ""Wash Care""}"
"MPH1110105103","washcare","10","false","true","true","true","true","true","{""displayGroup"": ""Wash Care""}"
"MPH1110105104","washcare","8","false","true","true","true","true","true","{""displayGroup"": ""Wash Care""}"
"MPH1110105105","washcare","8","false","true","true","true","true","true","{""displayGroup"": ""Wash Care""}"
"MPH1110105106","washcare","6","false","true","true","true","true","true","{""displayGroup"": ""Wash Care""}"
"MPH1110105107","washcare","11","false","true","true","true","true","true","{""displayGroup"": ""Wash Care""}"
"MPH1110105108","washcare","5","false","true","true","true","true","true","{""displayGroup"": ""Wash Care""}"
"MPH1110105109","washcare","10","false","true","true","true","true","true","{""displayGroup"": ""Wash Care""}"
"MPH1111100100","washcare","9","false","true","true","true","true","true","{""displayGroup"": ""Wash Care""}"
"MPH1111100101","washcare","9","false","true","true","true","true","true","{""displayGroup"": ""Wash Care""}"
"MPH1111100102","washcare","12","false","true","true","true","true","true","{""displayGroup"": ""Wash Care""}"
"MPH1111100103","washcare","9","false","true","true","true","true","true","{""displayGroup"": ""Wash Care""}"
"MPH1111101100","washcare","11","false","true","true","true","true","true","{""displayGroup"": ""Wash Care""}"
"MPH1111101101","washcare","11","false","true","true","true","true","true","{""displayGroup"": ""Wash Care""}"
"MPH1111101102","washcare","10","false","true","true","true","true","true","{""displayGroup"": ""Wash Care""}"
"MPH1111101103","washcare","10","false","true","true","true","true","true","{""displayGroup"": ""Wash Care""}"
"MPH1111101104","washcare","9","false","true","true","true","true","true","{""displayGroup"": ""Wash Care""}"
"MPH1111101105","washcare","10","false","true","true","true","true","true","{""displayGroup"": ""Wash Care""}"
"MPH1111101106","washcare","9","false","true","true","true","true","true","{""displayGroup"": ""Wash Care""}"
"MPH1111101107","washcare","9","false","true","true","true","true","true","{""displayGroup"": ""Wash Care""}"
"MPH1111101108","washcare","9","false","true","true","true","true","true","{""displayGroup"": ""Wash Care""}"
"MPH1111101109","washcare","6","false","true","true","true","true","true","{""displayGroup"": ""Wash Care""}"
"MPH1111102100","washcare","12","false","true","true","true","true","true","{""displayGroup"": ""Wash Care""}"
"MPH1111102101","washcare","11","false","true","true","true","true","true","{""displayGroup"": ""Wash Care""}"
"MPH1111102102","washcare","10","false","true","true","true","true","true","{""displayGroup"": ""Wash Care""}"
"MPH1111102103","washcare","11","false","true","true","true","true","true","{""displayGroup"": ""Wash Care""}"
"MPH1111102105","washcare","9","false","true","true","true","true","true","{""displayGroup"": ""Wash Care""}"
"MPH1111102104 ","washcare","8","false","true","true","true","true","true","{""displayGroup"": ""Wash Care""}"
"MPH1111103100","washcare","9","false","true","true","true","true","true","{""displayGroup"": ""Wash Care""}"
"MPH1111103101","washcare","10","false","true","true","true","true","true","{""displayGroup"": ""Wash Care""}"
"MPH1111103102","washcare","7","false","true","true","true","true","true","{""displayGroup"": ""Wash Care""}"
"MPH1111103103","washcare","11","false","true","true","true","true","true","{""displayGroup"": ""Wash Care""}"
"MPH1111103104","washcare","8","false","true","true","true","true","true","{""displayGroup"": ""Wash Care""}"
"MPH1111103105","washcare","6","false","true","true","true","true","true","{""displayGroup"": ""Wash Care""}"
"MPH1111103106","washcare","6","false","true","true","true","true","true","{""displayGroup"": ""Wash Care""}"
"MPH1111103107","washcare","6","false","true","true","true","true","true","{""displayGroup"": ""Wash Care""}"
"MPH1111103108","washcare","6","false","true","true","true","true","true","{""displayGroup"": ""Wash Care""}"
"MPH1111103109","washcare","6","false","true","true","true","true","true","{""displayGroup"": ""Wash Care""}"
"MPH1111104100","washcare","8","false","true","true","true","true","true","{""displayGroup"": ""Wash Care""}"
"MPH1111104101","washcare","9","false","true","true","true","true","true","{""displayGroup"": ""Wash Care""}"
"MPH1111104102","washcare","9","false","true","true","true","true","true","{""displayGroup"": ""Wash Care""}"
"MPH1111104103","washcare","11","false","true","true","true","true","true","{""displayGroup"": ""Wash Care""}"
"MPH1111104104","washcare","10","false","true","true","true","true","true","{""displayGroup"": ""Wash Care""}"
"MPH1111104105","washcare","9","false","true","true","true","true","true","{""displayGroup"": ""Wash Care""}"
"MPH1111104106","washcare","6","false","true","true","true","true","true","{""displayGroup"": ""Wash Care""}"
"MPH1111103106","mensetcontents","7","false","true","true","true","true","true","{""displayGroup"": ""Set Contents""}"
"MPH1111101109","mensleeve","7","false","true","true","true","true","true","{""displayGroup"": ""Sleeve""}"
"MPH1111103105","mensleeve","7","false","true","true","true","true","true","{""displayGroup"": ""Sleeve""}"
"MPH1111103106","mensleeve","8","false","true","true","true","true","true","{""displayGroup"": ""Sleeve""}"
"MPH1111103107","mensleeve","7","false","true","true","true","true","true","{""displayGroup"": ""Sleeve""}"
"MPH1111103108","mensleeve","7","false","true","true","true","true","true","{""displayGroup"": ""Sleeve""}"
"MPH1111104106","mensleeve","7","false","true","true","true","true","true","{""displayGroup"": ""Sleeve""}"
"MPH1110100101","sleevestylingapparel","20","false","true","true","true","true","true","{""displayGroup"": ""Sleeve Styling""}"
"MPH1110100102","sleevestylingapparel","13","false","true","true","true","true","true","{""displayGroup"": ""Sleeve Styling""}"
"MPH1110100106","sleevestylingapparel","5","false","true","true","true","true","true","{""displayGroup"": ""Sleeve Styling""}"
"MPH1110100107","sleevestylingapparel","5","false","true","true","true","true","true","{""displayGroup"": ""Sleeve Styling""}"
"MPH1110100108","sleevestylingapparel","9","false","true","true","true","true","true","{""displayGroup"": ""Sleeve Styling""}"
"MPH1110101100","sleevestylingapparel","11","false","true","true","true","true","true","{""displayGroup"": ""Sleeve Styling""}"
"MPH1110101101","sleevestylingapparel","10","false","true","true","true","true","true","{""displayGroup"": ""Sleeve Styling""}"
"MPH1110101109","sleevestylingapparel","12","false","true","true","true","true","true","{""displayGroup"": ""Sleeve Styling""}"
"MPH1111100100","menpattern","10","false","true","true","true","true","true","{""displayGroup"": ""Pattern""}"
"MPH1111100101","menpattern","10","false","true","true","true","true","true","{""displayGroup"": ""Pattern""}"
"MPH1111100102","menpattern","13","false","true","true","true","true","true","{""displayGroup"": ""Pattern""}"
"MPH1111100103","menpattern","10","false","true","true","true","true","true","{""displayGroup"": ""Pattern""}"
"MPH1111101100","menpattern","12","false","true","true","true","true","true","{""displayGroup"": ""Pattern""}"
"MPH1111101101","menpattern","12","false","true","true","true","true","true","{""displayGroup"": ""Pattern""}"
"MPH1111101102","menpattern","11","false","true","true","true","true","true","{""displayGroup"": ""Pattern""}"
"MPH1111101103","menpattern","11","false","true","true","true","true","true","{""displayGroup"": ""Pattern""}"
"MPH1111101104","menpattern","10","false","true","true","true","true","true","{""displayGroup"": ""Pattern""}"
"MPH1111101105","menpattern","11","false","true","true","true","true","true","{""displayGroup"": ""Pattern""}"
"MPH1111101106","menpattern","10","false","true","true","true","true","true","{""displayGroup"": ""Pattern""}"
"MPH1111101107","menpattern","10","false","true","true","true","true","true","{""displayGroup"": ""Pattern""}"
"MPH1111101108","menpattern","10","false","true","true","true","true","true","{""displayGroup"": ""Pattern""}"
"MPH1111101109","menpattern","8","false","true","true","true","true","true","{""displayGroup"": ""Pattern""}"
"MPH1111102100","menpattern","13","false","true","true","true","true","true","{""displayGroup"": ""Pattern""}"
"MPH1111102101","menpattern","12","false","true","true","true","true","true","{""displayGroup"": ""Pattern""}"
"MPH1111102102","menpattern","11","false","true","true","true","true","true","{""displayGroup"": ""Pattern""}"
"MPH1111102103","menpattern","12","false","true","true","true","true","true","{""displayGroup"": ""Pattern""}"
"MPH1111102105","menpattern","10","false","true","true","true","true","true","{""displayGroup"": ""Pattern""}"
"MPH1111102104 ","menpattern","9","false","true","true","true","true","true","{""displayGroup"": ""Pattern""}"
"MPH1111103100","menpattern","10","false","true","true","true","true","true","{""displayGroup"": ""Pattern""}"
"MPH1111103101","menpattern","11","false","true","true","true","true","true","{""displayGroup"": ""Pattern""}"
"MPH1111103102","menpattern","8","false","true","true","true","true","true","{""displayGroup"": ""Pattern""}"
"MPH1111103103","menpattern","12","false","true","true","true","true","true","{""displayGroup"": ""Pattern""}"
"MPH1111103104","menpattern","9","false","true","true","true","true","true","{""displayGroup"": ""Pattern""}"
"MPH1111103105","menpattern","8","false","true","true","true","true","true","{""displayGroup"": ""Pattern""}"
"MPH1111103106","menpattern","9","false","true","true","true","true","true","{""displayGroup"": ""Pattern""}"
"MPH1111103107","menpattern","8","false","true","true","true","true","true","{""displayGroup"": ""Pattern""}"
"MPH1111103108","menpattern","8","false","true","true","true","true","true","{""displayGroup"": ""Pattern""}"
"MPH1111103109","menpattern","7","false","true","true","true","true","true","{""displayGroup"": ""Pattern""}"
"MPH1111104100","menpattern","9","false","true","true","true","true","true","{""displayGroup"": ""Pattern""}"
"MPH1111104101","menpattern","10","false","true","true","true","true","true","{""displayGroup"": ""Pattern""}"
"MPH1111104102","menpattern","10","false","true","true","true","true","true","{""displayGroup"": ""Pattern""}"
"MPH1111104103","menpattern","12","false","true","true","true","true","true","{""displayGroup"": ""Pattern""}"
"MPH1111104104","menpattern","11","false","true","true","true","true","true","{""displayGroup"": ""Pattern""}"
"MPH1111104105","menpattern","10","false","true","true","true","true","true","{""displayGroup"": ""Pattern""}"
"MPH1111104106","menpattern","8","false","true","true","true","true","true","{""displayGroup"": ""Pattern""}"
"MPH1111105","menpattern","2","false","true","true","true","true","true","{""displayGroup"": ""Pattern""}"
"MPH1111102104 ","fitbottomwearmen","10","false","true","true","true","true","true","{""displayGroup"": ""Fit""}"
"MPH1111101109","fittopwearmen","9","false","true","true","true","true","true","{""displayGroup"": ""Fit""}"
"MPH1111103105","fittopwearmen","9","false","true","true","true","true","true","{""displayGroup"": ""Fit""}"
"MPH1111103106","fittopwearmen","10","false","true","true","true","true","true","{""displayGroup"": ""Fit""}"
"MPH1111103107","fittopwearmen","9","false","true","true","true","true","true","{""displayGroup"": ""Fit""}"
"MPH1111103108","fittopwearmen","9","false","true","true","true","true","true","{""displayGroup"": ""Fit""}"
"MPH1111103105","menethinicwearcollarneck","10","false","true","true","true","true","true","{""displayGroup"": ""Neck/Collar""}"
"MPH1111103106","menethinicwearcollarneck","11","false","true","true","true","true","true","{""displayGroup"": ""Neck/Collar""}"
"MPH1111103107","menethinicwearcollarneck","10","false","true","true","true","true","true","{""displayGroup"": ""Neck/Collar""}"
"MPH1111103108","menethinicwearcollarneck","10","false","true","true","true","true","true","{""displayGroup"": ""Neck/Collar""}"
"MPH1111101109","mencasualtopwearcollarneck","10","false","true","true","true","true","true","{""displayGroup"": ""Neck/Collar""}"
"MPH1110100100","blouseclosureapparel","8","false","true","true","true","true","true","{""displayGroup"": ""Blouse Closure""}"
"MPH1110100107","blouseclosureapparel","6","false","true","true","true","true","true","{""displayGroup"": ""Blouse Closure""}"
"MPH1110100108","blouseclosureapparel","10","false","true","true","true","true","true","{""displayGroup"": ""Blouse Closure""}"
"MPH1110100104","bottomlengthapparel","8","false","true","true","true","true","true","{""displayGroup"": ""Bottom Length""}"
"MPH1110101102","bottomlengthapparel","11","false","true","true","true","true","true","{""displayGroup"": ""Bottom Length""}"
"MPH1110101103","bottomlengthapparel","10","false","true","true","true","true","true","{""displayGroup"": ""Bottom Length""}"
"MPH1110101108","bottomlengthapparel","9","false","true","true","true","true","true","{""displayGroup"": ""Bottom Length""}"
"MPH1110101111","bottomlengthapparel","9","false","true","true","true","true","true","{""displayGroup"": ""Bottom Length""}"
"MPH1110101112","bottomlengthapparel","9","false","true","true","true","true","true","{""displayGroup"": ""Bottom Length""}"
"MPH1110101113","bottomlengthapparel","9","false","true","true","true","true","true","{""displayGroup"": ""Bottom Length""}"
"MPH1110102101","bottomlengthapparel","10","false","true","true","true","true","true","{""displayGroup"": ""Bottom Length""}"
"MPH1110","additionaldetails2apparel","19","false","true","true","true","true","true","{""displayGroup"": ""Additional Details 2""}"
"MPH1111","additionaldetails2apparel","21","false","true","true","true","true","true","{""displayGroup"": ""Additional Details 2""}"
"MPH1110","additionaldetails1apparel","20","false","true","true","true","true","true","{""displayGroup"": ""Additional Details 1""}"
"MPH1111","additionaldetails1apparel","22","false","true","true","true","true","true","{""displayGroup"": ""Additional Details 1""}"
"MPH1110","additionaldetails3apparel","21","false","true","true","true","true","true","{""displayGroup"": ""Additional Details 3""}"
"MPH1111","additionaldetails3apparel","23","false","true","true","true","true","true","{""displayGroup"": ""Additional Details 3""}"
"MPH1110100102","bottomclosureapparel","14","false","true","true","true","true","true","{""displayGroup"": ""Bottom Closure""}"
"MPH1110100104","bottomclosureapparel","9","false","true","true","true","true","true","{""displayGroup"": ""Bottom Closure""}"
"MPH1110100107","bottomclosureapparel","7","false","true","true","true","true","true","{""displayGroup"": ""Bottom Closure""}"
"MPH1110100103","stitchapparel","7","false","true","true","true","true","true","{""displayGroup"": ""Stitch""}"
"MPH1110100107","stitchapparel","8","false","true","true","true","true","true","{""displayGroup"": ""Stitch""}"
"MPH1110100108","stitchapparel","11","false","true","true","true","true","true","{""displayGroup"": ""Stitch""}"
"MPH1110100102","bottomtypeapparel","15","false","true","true","true","true","true","{""displayGroup"": ""Bottom Type""}"
"MPH1110100104","bottomtypeapparel","10","false","true","true","true","true","true","{""displayGroup"": ""Bottom Type""}"
"MPH1110100105","dupattapatternapparel","6","false","true","true","true","true","true","{""displayGroup"": ""Dupatta Pattern""}"
"MPH1110100107","dupattapatternapparel","9","false","true","true","true","true","true","{""displayGroup"": ""Dupatta Pattern""}"
"MPH1110103106","womeninnerwearbriefsize","1","false","true","true","true","true","true","{""displayGroup"": ""Size""}"
"MPH1110105112","womeninnerwearbriefsize","1","false","true","true","true","true","true","{""displayGroup"": ""Size""}"
"MPH1110103104","womeninnerwearbrasize","1","false","true","true","true","true","true","{""displayGroup"": ""Size""}"
"MPH1110103105","womeninnerwearbrasize","1","false","true","true","true","true","true","{""displayGroup"": ""Size""}"
"MPH1110105110","womeninnerwearbrasize","1","false","true","true","true","true","true","{""displayGroup"": ""Size""}"
"MPH1110105111","womeninnerwearbrasize","1","false","true","true","true","true","true","{""displayGroup"": ""Size""}"
"MPH1110100111","womenethinicwearbottomwearsize","1","false","true","true","true","true","true","{""displayGroup"": ""Size""}"
"MPH1110100106","womenethinicweartopwearsize","6","false","true","true","true","true","true","{""displayGroup"": ""Size""}"
"MPH1110100107","womenethinicweartopwearsize","10","false","true","true","true","true","true","{""displayGroup"": ""Size""}"
"MPH1110100108","womenethinicweartopwearsize","12","false","true","true","true","true","true","{""displayGroup"": ""Size""}"
"MPH1110100109","womenethinicweartopwearsize","1","false","true","true","true","true","true","{""displayGroup"": ""Size""}"
"MPH1110100110","womenethinicweartopwearsize","1","false","true","true","true","true","true","{""displayGroup"": ""Size""}"
"MPH1110101117","womencasualbottomwearjeanslowersize","1","false","true","true","true","true","true","{""displayGroup"": ""Size""}"
"MPH1110101115","womencasualtopwearsize","1","false","true","true","true","true","true","{""displayGroup"": ""Size""}"
"MPH1110101116","womencasualtopwearsize","1","false","true","true","true","true","true","{""displayGroup"": ""Size""}"
"MPH1110102107","womenformalbottomwearsize","1","false","true","true","true","true","true","{""displayGroup"": ""Size""}"
"MPH1110100106","womensleeve","7","false","true","true","true","true","true","{""displayGroup"": ""Sleeve""}"
"MPH1110100107","womensleeve","11","false","true","true","true","true","true","{""displayGroup"": ""Sleeve""}"
"MPH1110100108","womensleeve","13","false","true","true","true","true","true","{""displayGroup"": ""Sleeve""}"
"MPH1110100106","womentopwearfit","8","false","true","true","true","true","true","{""displayGroup"": ""Fit""}"
"MPH1110100107","womentopwearfit","12","false","true","true","true","true","true","{""displayGroup"": ""Fit""}"
"MPH1110100106","womenethinictopwearneckcollar","9","false","true","true","true","true","true","{""displayGroup"": ""Neck/Collar""}"
"MPH1110100107","womenethinictopwearneckcollar","13","false","true","true","true","true","true","{""displayGroup"": ""Neck/Collar""}"
"MPH1110100108","womenethinictopwearneckcollar","14","false","true","true","true","true","true","{""displayGroup"": ""Neck/Collar""}"
"MPH1110100100","displayproduct","9","false","true","true","true","true","true","{""displayGroup"": ""Display Product Name""}"
"MPH1110100101","displayproduct","21","false","true","true","true","true","true","{""displayGroup"": ""Display Product Name""}"
"MPH1110100102","displayproduct","16","false","true","true","true","true","true","{""displayGroup"": ""Display Product Name""}"
"MPH1110100103","displayproduct","8","false","true","true","true","true","true","{""displayGroup"": ""Display Product Name""}"
"MPH1110100104","displayproduct","11","false","true","true","true","true","true","{""displayGroup"": ""Display Product Name""}"
"MPH1110100105","displayproduct","7","false","true","true","true","true","true","{""displayGroup"": ""Display Product Name""}"
"MPH1110100106","displayproduct","10","false","true","true","true","true","true","{""displayGroup"": ""Display Product Name""}"
"MPH1110100107","displayproduct","14","false","true","true","true","true","true","{""displayGroup"": ""Display Product Name""}"
"MPH1110100108","displayproduct","15","false","true","true","true","true","true","{""displayGroup"": ""Display Product Name""}"
"MPH1110101100","displayproduct","12","false","true","true","true","true","true","{""displayGroup"": ""Display Product Name""}"
"MPH1110101101","displayproduct","11","false","true","true","true","true","true","{""displayGroup"": ""Display Product Name""}"
"MPH1110101102","displayproduct","12","false","true","true","true","true","true","{""displayGroup"": ""Display Product Name""}"
"MPH1110101103","displayproduct","11","false","true","true","true","true","true","{""displayGroup"": ""Display Product Name""}"
"MPH1110101104","displayproduct","9","false","true","true","true","true","true","{""displayGroup"": ""Display Product Name""}"
"MPH1110101105","displayproduct","11","false","true","true","true","true","true","{""displayGroup"": ""Display Product Name""}"
"MPH1110101106","displayproduct","10","false","true","true","true","true","true","{""displayGroup"": ""Display Product Name""}"
"MPH1110101107","displayproduct","10","false","true","true","true","true","true","{""displayGroup"": ""Display Product Name""}"
"MPH1110101108","displayproduct","10","false","true","true","true","true","true","{""displayGroup"": ""Display Product Name""}"
"MPH1110101109","displayproduct","13","false","true","true","true","true","true","{""displayGroup"": ""Display Product Name""}"
"MPH1110101110","displayproduct","9","false","true","true","true","true","true","{""displayGroup"": ""Display Product Name""}"
"MPH1110101111","displayproduct","10","false","true","true","true","true","true","{""displayGroup"": ""Display Product Name""}"
"MPH1110101112","displayproduct","10","false","true","true","true","true","true","{""displayGroup"": ""Display Product Name""}"
"MPH1110101113","displayproduct","10","false","true","true","true","true","true","{""displayGroup"": ""Display Product Name""}"
"MPH1110101114","displayproduct","11","false","true","true","true","true","true","{""displayGroup"": ""Display Product Name""}"
"MPH1110102100","displayproduct","10","false","true","true","true","true","true","{""displayGroup"": ""Display Product Name""}"
"MPH1110102101","displayproduct","11","false","true","true","true","true","true","{""displayGroup"": ""Display Product Name""}"
"MPH1110102102","displayproduct","13","false","true","true","true","true","true","{""displayGroup"": ""Display Product Name""}"
"MPH1110102103","displayproduct","10","false","true","true","true","true","true","{""displayGroup"": ""Display Product Name""}"
"MPH1110102104","displayproduct","12","false","true","true","true","true","true","{""displayGroup"": ""Display Product Name""}"
"MPH1110103100","displayproduct","10","false","true","true","true","true","true","{""displayGroup"": ""Display Product Name""}"
"MPH1110103101","displayproduct","11","false","true","true","true","true","true","{""displayGroup"": ""Display Product Name""}"
"MPH1110103102","displayproduct","7","false","true","true","true","true","true","{""displayGroup"": ""Display Product Name""}"
"MPH1110103103","displayproduct","5","false","true","true","true","true","true","{""displayGroup"": ""Display Product Name""}"
"MPH1110104100","displayproduct","11","false","true","true","true","true","true","{""displayGroup"": ""Display Product Name""}"
"MPH1110104101","displayproduct","9","false","true","true","true","true","true","{""displayGroup"": ""Display Product Name""}"
"MPH1110104102","displayproduct","12","false","true","true","true","true","true","{""displayGroup"": ""Display Product Name""}"
"MPH1110104103","displayproduct","9","false","true","true","true","true","true","{""displayGroup"": ""Display Product Name""}"
"MPH1110104104","displayproduct","9","false","true","true","true","true","true","{""displayGroup"": ""Display Product Name""}"
"MPH1110104105","displayproduct","8","false","true","true","true","true","true","{""displayGroup"": ""Display Product Name""}"
"MPH1110104106","displayproduct","10","false","true","true","true","true","true","{""displayGroup"": ""Display Product Name""}"
"MPH1110105100","displayproduct","14","false","true","true","true","true","true","{""displayGroup"": ""Display Product Name""}"
"MPH1110105101","displayproduct","12","false","true","true","true","true","true","{""displayGroup"": ""Display Product Name""}"
"MPH1110105102","displayproduct","16","false","true","true","true","true","true","{""displayGroup"": ""Display Product Name""}"
"MPH1110105103","displayproduct","11","false","true","true","true","true","true","{""displayGroup"": ""Display Product Name""}"
"MPH1110105104","displayproduct","9","false","true","true","true","true","true","{""displayGroup"": ""Display Product Name""}"
"MPH1110105105","displayproduct","9","false","true","true","true","true","true","{""displayGroup"": ""Display Product Name""}"
"MPH1110105106","displayproduct","7","false","true","true","true","true","true","{""displayGroup"": ""Display Product Name""}"
"MPH1110105107","displayproduct","12","false","true","true","true","true","true","{""displayGroup"": ""Display Product Name""}"
"MPH1110105108","displayproduct","6","false","true","true","true","true","true","{""displayGroup"": ""Display Product Name""}"
"MPH1110105109","displayproduct","11","false","true","true","true","true","true","{""displayGroup"": ""Display Product Name""}"
"MPH1110106100","displayproduct","5","false","true","true","true","true","true","{""displayGroup"": ""Display Product Name""}"
"MPH1111100100","displayproduct","11","false","true","true","true","true","true","{""displayGroup"": ""Display Product Name""}"
"MPH1111100101","displayproduct","11","false","true","true","true","true","true","{""displayGroup"": ""Display Product Name""}"
"MPH1111100102","displayproduct","14","false","true","true","true","true","true","{""displayGroup"": ""Display Product Name""}"
"MPH1111100103","displayproduct","11","false","true","true","true","true","true","{""displayGroup"": ""Display Product Name""}"
"MPH1111101100","displayproduct","13","false","true","true","true","true","true","{""displayGroup"": ""Display Product Name""}"
"MPH1111101101","displayproduct","13","false","true","true","true","true","true","{""displayGroup"": ""Display Product Name""}"
"MPH1111101102","displayproduct","12","false","true","true","true","true","true","{""displayGroup"": ""Display Product Name""}"
"MPH1111101103","displayproduct","12","false","true","true","true","true","true","{""displayGroup"": ""Display Product Name""}"
"MPH1111101104","displayproduct","11","false","true","true","true","true","true","{""displayGroup"": ""Display Product Name""}"
"MPH1111101105","displayproduct","12","false","true","true","true","true","true","{""displayGroup"": ""Display Product Name""}"
"MPH1111101106","displayproduct","11","false","true","true","true","true","true","{""displayGroup"": ""Display Product Name""}"
"MPH1111101107","displayproduct","11","false","true","true","true","true","true","{""displayGroup"": ""Display Product Name""}"
"MPH1111101108","displayproduct","11","false","true","true","true","true","true","{""displayGroup"": ""Display Product Name""}"
"MPH1111101109","displayproduct","11","false","true","true","true","true","true","{""displayGroup"": ""Display Product Name""}"
"MPH1111102100","displayproduct","14","false","true","true","true","true","true","{""displayGroup"": ""Display Product Name""}"
"MPH1111102101","displayproduct","13","false","true","true","true","true","true","{""displayGroup"": ""Display Product Name""}"
"MPH1111102102","displayproduct","12","false","true","true","true","true","true","{""displayGroup"": ""Display Product Name""}"
"MPH1111102103","displayproduct","13","false","true","true","true","true","true","{""displayGroup"": ""Display Product Name""}"
"MPH1111102105","displayproduct","11","false","true","true","true","true","true","{""displayGroup"": ""Display Product Name""}"
"MPH1111102104 ","displayproduct","11","false","true","true","true","true","true","{""displayGroup"": ""Display Product Name""}"
"MPH1111103100","displayproduct","11","false","true","true","true","true","true","{""displayGroup"": ""Display Product Name""}"
"MPH1111103101","displayproduct","12","false","true","true","true","true","true","{""displayGroup"": ""Display Product Name""}"
"MPH1111103102","displayproduct","9","false","true","true","true","true","true","{""displayGroup"": ""Display Product Name""}"
"MPH1111103103","displayproduct","13","false","true","true","true","true","true","{""displayGroup"": ""Display Product Name""}"
"MPH1111103104","displayproduct","10","false","true","true","true","true","true","{""displayGroup"": ""Display Product Name""}"
"MPH1111103105","displayproduct","11","false","true","true","true","true","true","{""displayGroup"": ""Display Product Name""}"
"MPH1111103106","displayproduct","12","false","true","true","true","true","true","{""displayGroup"": ""Display Product Name""}"
"MPH1111103107","displayproduct","11","false","true","true","true","true","true","{""displayGroup"": ""Display Product Name""}"
"MPH1111103108","displayproduct","11","false","true","true","true","true","true","{""displayGroup"": ""Display Product Name""}"
"MPH1111103109","displayproduct","8","false","true","true","true","true","true","{""displayGroup"": ""Display Product Name""}"
"MPH1111104100","displayproduct","10","false","true","true","true","true","true","{""displayGroup"": ""Display Product Name""}"
"MPH1111104101","displayproduct","11","false","true","true","true","true","true","{""displayGroup"": ""Display Product Name""}"
"MPH1111104102","displayproduct","11","false","true","true","true","true","true","{""displayGroup"": ""Display Product Name""}"
"MPH1111104103","displayproduct","13","false","true","true","true","true","true","{""displayGroup"": ""Display Product Name""}"
"MPH1111104104","displayproduct","12","false","true","true","true","true","true","{""displayGroup"": ""Display Product Name""}"
"MPH1111104105","displayproduct","11","false","true","true","true","true","true","{""displayGroup"": ""Display Product Name""}"
"MPH1111104106","displayproduct","9","false","true","true","true","true","true","{""displayGroup"": ""Display Product Name""}"
"MPH1111105100","displayproduct","6","false","true","true","true","true","true","{""displayGroup"": ""Display Product Name""}"
"MPH1110100108","collectionapparel","16","false","true","true","true","true","true","{""displayGroup"": ""Collection""}"
"MPH1110100107","womenethinicbottomwearpattern","15","false","true","true","true","true","true","{""displayGroup"": ""Pattern""}"
"MPH1110100100","weightapparel","10","false","true","true","true","true","true","{""displayGroup"": ""Weight""}"
"MPH1110100101","weightapparel","22","false","true","true","true","true","true","{""displayGroup"": ""Weight""}"
"MPH1110100102","weightapparel","17","false","true","true","true","true","true","{""displayGroup"": ""Weight""}"
"MPH1110100103","weightapparel","9","false","true","true","true","true","true","{""displayGroup"": ""Weight""}"
"MPH1110100104","weightapparel","12","false","true","true","true","true","true","{""displayGroup"": ""Weight""}"
"MPH1110100105","weightapparel","8","false","true","true","true","true","true","{""displayGroup"": ""Weight""}"
"MPH1110100106","weightapparel","11","false","true","true","true","true","true","{""displayGroup"": ""Weight""}"
"MPH1110100107","weightapparel","16","false","true","true","true","true","true","{""displayGroup"": ""Weight""}"
"MPH1110100108","weightapparel","17","false","true","true","true","true","true","{""displayGroup"": ""Weight""}"
"MPH1110101100","weightapparel","13","false","true","true","true","true","true","{""displayGroup"": ""Weight""}"
"MPH1110101101","weightapparel","12","false","true","true","true","true","true","{""displayGroup"": ""Weight""}"
"MPH1110101102","weightapparel","13","false","true","true","true","true","true","{""displayGroup"": ""Weight""}"
"MPH1110101103","weightapparel","12","false","true","true","true","true","true","{""displayGroup"": ""Weight""}"
"MPH1110101104","weightapparel","10","false","true","true","true","true","true","{""displayGroup"": ""Weight""}"
"MPH1110101105","weightapparel","12","false","true","true","true","true","true","{""displayGroup"": ""Weight""}"
"MPH1110101106","weightapparel","11","false","true","true","true","true","true","{""displayGroup"": ""Weight""}"
"MPH1110101107","weightapparel","11","false","true","true","true","true","true","{""displayGroup"": ""Weight""}"
"MPH1110101108","weightapparel","11","false","true","true","true","true","true","{""displayGroup"": ""Weight""}"
"MPH1110101109","weightapparel","14","false","true","true","true","true","true","{""displayGroup"": ""Weight""}"
"MPH1110101110","weightapparel","10","false","true","true","true","true","true","{""displayGroup"": ""Weight""}"
"MPH1110101111","weightapparel","11","false","true","true","true","true","true","{""displayGroup"": ""Weight""}"
"MPH1110101112","weightapparel","11","false","true","true","true","true","true","{""displayGroup"": ""Weight""}"
"MPH1110101113","weightapparel","11","false","true","true","true","true","true","{""displayGroup"": ""Weight""}"
"MPH1110101114","weightapparel","12","false","true","true","true","true","true","{""displayGroup"": ""Weight""}"
"MPH1110102100","weightapparel","11","false","true","true","true","true","true","{""displayGroup"": ""Weight""}"
"MPH1110102101","weightapparel","12","false","true","true","true","true","true","{""displayGroup"": ""Weight""}"
"MPH1110102102","weightapparel","14","false","true","true","true","true","true","{""displayGroup"": ""Weight""}"
"MPH1110102103","weightapparel","11","false","true","true","true","true","true","{""displayGroup"": ""Weight""}"
"MPH1110102104","weightapparel","13","false","true","true","true","true","true","{""displayGroup"": ""Weight""}"
"MPH1110103100","weightapparel","11","false","true","true","true","true","true","{""displayGroup"": ""Weight""}"
"MPH1110103101","weightapparel","12","false","true","true","true","true","true","{""displayGroup"": ""Weight""}"
"MPH1110103102","weightapparel","8","false","true","true","true","true","true","{""displayGroup"": ""Weight""}"
"MPH1110103103","weightapparel","6","false","true","true","true","true","true","{""displayGroup"": ""Weight""}"
"MPH1110104100","weightapparel","12","false","true","true","true","true","true","{""displayGroup"": ""Weight""}"
"MPH1110104101","weightapparel","10","false","true","true","true","true","true","{""displayGroup"": ""Weight""}"
"MPH1110104102","weightapparel","13","false","true","true","true","true","true","{""displayGroup"": ""Weight""}"
"MPH1110104103","weightapparel","10","false","true","true","true","true","true","{""displayGroup"": ""Weight""}"
"MPH1110104104","weightapparel","10","false","true","true","true","true","true","{""displayGroup"": ""Weight""}"
"MPH1110104105","weightapparel","9","false","true","true","true","true","true","{""displayGroup"": ""Weight""}"
"MPH1110104106","weightapparel","11","false","true","true","true","true","true","{""displayGroup"": ""Weight""}"
"MPH1110105100","weightapparel","15","false","true","true","true","true","true","{""displayGroup"": ""Weight""}"
"MPH1110105101","weightapparel","13","false","true","true","true","true","true","{""displayGroup"": ""Weight""}"
"MPH1110105102","weightapparel","17","false","true","true","true","true","true","{""displayGroup"": ""Weight""}"
"MPH1110105103","weightapparel","12","false","true","true","true","true","true","{""displayGroup"": ""Weight""}"
"MPH1110105104","weightapparel","10","false","true","true","true","true","true","{""displayGroup"": ""Weight""}"
"MPH1110105105","weightapparel","10","false","true","true","true","true","true","{""displayGroup"": ""Weight""}"
"MPH1110105106","weightapparel","8","false","true","true","true","true","true","{""displayGroup"": ""Weight""}"
"MPH1110105107","weightapparel","13","false","true","true","true","true","true","{""displayGroup"": ""Weight""}"
"MPH1110105108","weightapparel","7","false","true","true","true","true","true","{""displayGroup"": ""Weight""}"
"MPH1110105109","weightapparel","12","false","true","true","true","true","true","{""displayGroup"": ""Weight""}"
"MPH1110106100","weightapparel","6","false","true","true","true","true","true","{""displayGroup"": ""Weight""}"
"MPH1111100100","weightapparel","12","false","true","true","true","true","true","{""displayGroup"": ""Weight""}"
"MPH1111100101","weightapparel","12","false","true","true","true","true","true","{""displayGroup"": ""Weight""}"
"MPH1111100102","weightapparel","15","false","true","true","true","true","true","{""displayGroup"": ""Weight""}"
"MPH1111100103","weightapparel","12","false","true","true","true","true","true","{""displayGroup"": ""Weight""}"
"MPH1111101100","weightapparel","14","false","true","true","true","true","true","{""displayGroup"": ""Weight""}"
"MPH1111101101","weightapparel","14","false","true","true","true","true","true","{""displayGroup"": ""Weight""}"
"MPH1111101102","weightapparel","13","false","true","true","true","true","true","{""displayGroup"": ""Weight""}"
"MPH1111101103","weightapparel","13","false","true","true","true","true","true","{""displayGroup"": ""Weight""}"
"MPH1111101104","weightapparel","12","false","true","true","true","true","true","{""displayGroup"": ""Weight""}"
"MPH1111101105","weightapparel","13","false","true","true","true","true","true","{""displayGroup"": ""Weight""}"
"MPH1111101106","weightapparel","12","false","true","true","true","true","true","{""displayGroup"": ""Weight""}"
"MPH1111101107","weightapparel","12","false","true","true","true","true","true","{""displayGroup"": ""Weight""}"
"MPH1111101108","weightapparel","12","false","true","true","true","true","true","{""displayGroup"": ""Weight""}"
"MPH1111101109","weightapparel","12","false","true","true","true","true","true","{""displayGroup"": ""Weight""}"
"MPH1111102100","weightapparel","15","false","true","true","true","true","true","{""displayGroup"": ""Weight""}"
"MPH1111102101","weightapparel","14","false","true","true","true","true","true","{""displayGroup"": ""Weight""}"
"MPH1111102102","weightapparel","13","false","true","true","true","true","true","{""displayGroup"": ""Weight""}"
"MPH1111102103","weightapparel","14","false","true","true","true","true","true","{""displayGroup"": ""Weight""}"
"MPH1111102105","weightapparel","12","false","true","true","true","true","true","{""displayGroup"": ""Weight""}"
"MPH1111102104 ","weightapparel","12","false","true","true","true","true","true","{""displayGroup"": ""Weight""}"
"MPH1111103100","weightapparel","12","false","true","true","true","true","true","{""displayGroup"": ""Weight""}"
"MPH1111103101","weightapparel","13","false","true","true","true","true","true","{""displayGroup"": ""Weight""}"
"MPH1111103102","weightapparel","10","false","true","true","true","true","true","{""displayGroup"": ""Weight""}"
"MPH1111103103","weightapparel","14","false","true","true","true","true","true","{""displayGroup"": ""Weight""}"
"MPH1111103104","weightapparel","11","false","true","true","true","true","true","{""displayGroup"": ""Weight""}"
"MPH1111103105","weightapparel","12","false","true","true","true","true","true","{""displayGroup"": ""Weight""}"
"MPH1111103106","weightapparel","13","false","true","true","true","true","true","{""displayGroup"": ""Weight""}"
"MPH1111103107","weightapparel","12","false","true","true","true","true","true","{""displayGroup"": ""Weight""}"
"MPH1111103108","weightapparel","12","false","true","true","true","true","true","{""displayGroup"": ""Weight""}"
"MPH1111103109","weightapparel","9","false","true","true","true","true","true","{""displayGroup"": ""Weight""}"
"MPH1111104100","weightapparel","11","false","true","true","true","true","true","{""displayGroup"": ""Weight""}"
"MPH1111104101","weightapparel","12","false","true","true","true","true","true","{""displayGroup"": ""Weight""}"
"MPH1111104102","weightapparel","12","false","true","true","true","true","true","{""displayGroup"": ""Weight""}"
"MPH1111104103","weightapparel","14","false","true","true","true","true","true","{""displayGroup"": ""Weight""}"
"MPH1111104104","weightapparel","13","false","true","true","true","true","true","{""displayGroup"": ""Weight""}"
"MPH1111104105","weightapparel","12","false","true","true","true","true","true","{""displayGroup"": ""Weight""}"
"MPH1111104106","weightapparel","10","false","true","true","true","true","true","{""displayGroup"": ""Weight""}"
"MPH1111105100","weightapparel","7","false","true","true","true","true","true","{""displayGroup"": ""Weight""}"
"MPH1110100108","collectioninfoapparel","18","false","true","true","true","true","true","{""displayGroup"": ""Collection Info ""}"
"MPH1110106100","sockusage","7","false","true","true","true","true","true","{""displayGroup"": ""Usage""}"
"MPH1111105100","sockusage","8","false","true","true","true","true","true","{""displayGroup"": ""Usage""}"
"MPH1110100100","womenfabric","11","false","true","true","true","true","true","{""displayGroup"": ""Fabric Family""}"
"MPH1110100101","womenfabric","23","false","true","true","true","true","true","{""displayGroup"": ""Fabric Family""}"
"MPH1110100102","womenfabric","18","false","true","true","true","true","true","{""displayGroup"": ""Fabric Family""}"
"MPH1110100103","womenfabric","10","false","true","true","true","true","true","{""displayGroup"": ""Fabric Family""}"
"MPH1110100104","womenfabric","13","false","true","true","true","true","true","{""displayGroup"": ""Fabric Family""}"
"MPH1110100105","womenfabric","9","false","true","true","true","true","true","{""displayGroup"": ""Fabric Family""}"
"MPH1110100106","womenfabric","12","false","true","true","true","true","true","{""displayGroup"": ""Fabric Family""}"
"MPH1110100107","womenfabric","17","false","true","true","true","true","true","{""displayGroup"": ""Fabric Family""}"
"MPH1110100108","womenfabric","19","false","true","true","true","true","true","{""displayGroup"": ""Fabric Family""}"
"MPH1110101100","womenfabric","14","false","true","true","true","true","true","{""displayGroup"": ""Fabric Family""}"
"MPH1110101101","womenfabric","13","false","true","true","true","true","true","{""displayGroup"": ""Fabric Family""}"
"MPH1110101102","womenfabric","14","false","true","true","true","true","true","{""displayGroup"": ""Fabric Family""}"
"MPH1110101103","womenfabric","13","false","true","true","true","true","true","{""displayGroup"": ""Fabric Family""}"
"MPH1110101104","womenfabric","11","false","true","true","true","true","true","{""displayGroup"": ""Fabric Family""}"
"MPH1110101105","womenfabric","13","false","true","true","true","true","true","{""displayGroup"": ""Fabric Family""}"
"MPH1110101106","womenfabric","12","false","true","true","true","true","true","{""displayGroup"": ""Fabric Family""}"
"MPH1110101107","womenfabric","12","false","true","true","true","true","true","{""displayGroup"": ""Fabric Family""}"
"MPH1110101108","womenfabric","12","false","true","true","true","true","true","{""displayGroup"": ""Fabric Family""}"
"MPH1110101109","womenfabric","15","false","true","true","true","true","true","{""displayGroup"": ""Fabric Family""}"
"MPH1110101110","womenfabric","11","false","true","true","true","true","true","{""displayGroup"": ""Fabric Family""}"
"MPH1110101111","womenfabric","12","false","true","true","true","true","true","{""displayGroup"": ""Fabric Family""}"
"MPH1110101112","womenfabric","12","false","true","true","true","true","true","{""displayGroup"": ""Fabric Family""}"
"MPH1110101113","womenfabric","12","false","true","true","true","true","true","{""displayGroup"": ""Fabric Family""}"
"MPH1110101114","womenfabric","13","false","true","true","true","true","true","{""displayGroup"": ""Fabric Family""}"
"MPH1110102100","womenfabric","12","false","true","true","true","true","true","{""displayGroup"": ""Fabric Family""}"
"MPH1110102101","womenfabric","13","false","true","true","true","true","true","{""displayGroup"": ""Fabric Family""}"
"MPH1110102102","womenfabric","15","false","true","true","true","true","true","{""displayGroup"": ""Fabric Family""}"
"MPH1110102103","womenfabric","12","false","true","true","true","true","true","{""displayGroup"": ""Fabric Family""}"
"MPH1110102104","womenfabric","14","false","true","true","true","true","true","{""displayGroup"": ""Fabric Family""}"
"MPH1110103100","womenfabric","12","false","true","true","true","true","true","{""displayGroup"": ""Fabric Family""}"
"MPH1110103101","womenfabric","13","false","true","true","true","true","true","{""displayGroup"": ""Fabric Family""}"
"MPH1110103102","womenfabric","9","false","true","true","true","true","true","{""displayGroup"": ""Fabric Family""}"
"MPH1110103103","womenfabric","7","false","true","true","true","true","true","{""displayGroup"": ""Fabric Family""}"
"MPH1110104100","womenfabric","13","false","true","true","true","true","true","{""displayGroup"": ""Fabric Family""}"
"MPH1110104101","womenfabric","11","false","true","true","true","true","true","{""displayGroup"": ""Fabric Family""}"
"MPH1110104102","womenfabric","14","false","true","true","true","true","true","{""displayGroup"": ""Fabric Family""}"
"MPH1110104103","womenfabric","11","false","true","true","true","true","true","{""displayGroup"": ""Fabric Family""}"
"MPH1110104104","womenfabric","11","false","true","true","true","true","true","{""displayGroup"": ""Fabric Family""}"
"MPH1110104105","womenfabric","10","false","true","true","true","true","true","{""displayGroup"": ""Fabric Family""}"
"MPH1110104106","womenfabric","12","false","true","true","true","true","true","{""displayGroup"": ""Fabric Family""}"
"MPH1110105100","womenfabric","16","false","true","true","true","true","true","{""displayGroup"": ""Fabric Family""}"
"MPH1110105101","womenfabric","14","false","true","true","true","true","true","{""displayGroup"": ""Fabric Family""}"
"MPH1110105102","womenfabric","18","false","true","true","true","true","true","{""displayGroup"": ""Fabric Family""}"
"MPH1110105103","womenfabric","13","false","true","true","true","true","true","{""displayGroup"": ""Fabric Family""}"
"MPH1110105104","womenfabric","11","false","true","true","true","true","true","{""displayGroup"": ""Fabric Family""}"
"MPH1110105105","womenfabric","11","false","true","true","true","true","true","{""displayGroup"": ""Fabric Family""}"
"MPH1110105106","womenfabric","9","false","true","true","true","true","true","{""displayGroup"": ""Fabric Family""}"
"MPH1110105107","womenfabric","14","false","true","true","true","true","true","{""displayGroup"": ""Fabric Family""}"
"MPH1110105108","womenfabric","8","false","true","true","true","true","true","{""displayGroup"": ""Fabric Family""}"
"MPH1110105109","womenfabric","13","false","true","true","true","true","true","{""displayGroup"": ""Fabric Family""}"
"MPH1110100107","womensetcontents","18","false","true","true","true","true","true","{""displayGroup"": ""Set Contents""}"
"MPH1110100106","womenpattern","13","false","true","true","true","true","true","{""displayGroup"": ""Pattern""}"
"MPH1110103100","womenpattern","13","false","true","true","true","true","true","{""displayGroup"": ""Pattern""}"
"MPH1110103101","womenpattern","14","false","true","true","true","true","true","{""displayGroup"": ""Pattern""}"
"MPH1110103102","womenpattern","10","false","true","true","true","true","true","{""displayGroup"": ""Pattern""}"
"MPH1110103103","womenpattern","8","false","true","true","true","true","true","{""displayGroup"": ""Pattern""}"
"MPH1110104100","womenpattern","14","false","true","true","true","true","true","{""displayGroup"": ""Pattern""}"
"MPH1110104101","womenpattern","12","false","true","true","true","true","true","{""displayGroup"": ""Pattern""}"
"MPH1110104102","womenpattern","15","false","true","true","true","true","true","{""displayGroup"": ""Pattern""}"
"MPH1110104103","womenpattern","12","false","true","true","true","true","true","{""displayGroup"": ""Pattern""}"
"MPH1110104104","womenpattern","12","false","true","true","true","true","true","{""displayGroup"": ""Pattern""}"
"MPH1110104105","womenpattern","11","false","true","true","true","true","true","{""displayGroup"": ""Pattern""}"
"MPH1110104106","womenpattern","13","false","true","true","true","true","true","{""displayGroup"": ""Pattern""}"
"MPH1110105100","womenpattern","17","false","true","true","true","true","true","{""displayGroup"": ""Pattern""}"
"MPH1110105101","womenpattern","15","false","true","true","true","true","true","{""displayGroup"": ""Pattern""}"
"MPH1110105102","womenpattern","19","false","true","true","true","true","true","{""displayGroup"": ""Pattern""}"
"MPH1110105103","womenpattern","14","false","true","true","true","true","true","{""displayGroup"": ""Pattern""}"
"MPH1110105104","womenpattern","12","false","true","true","true","true","true","{""displayGroup"": ""Pattern""}"
"MPH1110105105","womenpattern","12","false","true","true","true","true","true","{""displayGroup"": ""Pattern""}"
"MPH1110105106","womenpattern","10","false","true","true","true","true","true","{""displayGroup"": ""Pattern""}"
"MPH1110105107","womenpattern","15","false","true","true","true","true","true","{""displayGroup"": ""Pattern""}"
"MPH1110105108","womenpattern","9","false","true","true","true","true","true","{""displayGroup"": ""Pattern""}"
"MPH1110105109","womenpattern","14","false","true","true","true","true","true","{""displayGroup"": ""Pattern""}"
"MPH1110100100","modelfit","12","false","true","true","true","true","true","{""displayGroup"": ""Model fit""}"
"MPH1110100101","modelfit","24","false","true","true","true","true","true","{""displayGroup"": ""Model fit""}"
"MPH1110100102","modelfit","19","false","true","true","true","true","true","{""displayGroup"": ""Model fit""}"
"MPH1110100103","modelfit","11","false","true","true","true","true","true","{""displayGroup"": ""Model fit""}"
"MPH1110100104","modelfit","14","false","true","true","true","true","true","{""displayGroup"": ""Model fit""}"
"MPH1110100105","modelfit","10","false","true","true","true","true","true","{""displayGroup"": ""Model fit""}"
"MPH1110100106","modelfit","14","false","true","true","true","true","true","{""displayGroup"": ""Model fit""}"
"MPH1110100107","modelfit","19","false","true","true","true","true","true","{""displayGroup"": ""Model fit""}"
"MPH1110100108","modelfit","20","false","true","true","true","true","true","{""displayGroup"": ""Model fit""}"
"MPH1110101100","modelfit","15","false","true","true","true","true","true","{""displayGroup"": ""Model fit""}"
"MPH1110101101","modelfit","14","false","true","true","true","true","true","{""displayGroup"": ""Model fit""}"
"MPH1110101102","modelfit","15","false","true","true","true","true","true","{""displayGroup"": ""Model fit""}"
"MPH1110101103","modelfit","14","false","true","true","true","true","true","{""displayGroup"": ""Model fit""}"
"MPH1110101104","modelfit","12","false","true","true","true","true","true","{""displayGroup"": ""Model fit""}"
"MPH1110101105","modelfit","14","false","true","true","true","true","true","{""displayGroup"": ""Model fit""}"
"MPH1110101106","modelfit","13","false","true","true","true","true","true","{""displayGroup"": ""Model fit""}"
"MPH1110101107","modelfit","13","false","true","true","true","true","true","{""displayGroup"": ""Model fit""}"
"MPH1110101108","modelfit","13","false","true","true","true","true","true","{""displayGroup"": ""Model fit""}"
"MPH1110101109","modelfit","16","false","true","true","true","true","true","{""displayGroup"": ""Model fit""}"
"MPH1110101110","modelfit","12","false","true","true","true","true","true","{""displayGroup"": ""Model fit""}"
"MPH1110101111","modelfit","13","false","true","true","true","true","true","{""displayGroup"": ""Model fit""}"
"MPH1110101112","modelfit","13","false","true","true","true","true","true","{""displayGroup"": ""Model fit""}"
"MPH1110101113","modelfit","13","false","true","true","true","true","true","{""displayGroup"": ""Model fit""}"
"MPH1110101114","modelfit","14","false","true","true","true","true","true","{""displayGroup"": ""Model fit""}"
"MPH1110102100","modelfit","13","false","true","true","true","true","true","{""displayGroup"": ""Model fit""}"
"MPH1110102101","modelfit","14","false","true","true","true","true","true","{""displayGroup"": ""Model fit""}"
"MPH1110102102","modelfit","16","false","true","true","true","true","true","{""displayGroup"": ""Model fit""}"
"MPH1110102103","modelfit","13","false","true","true","true","true","true","{""displayGroup"": ""Model fit""}"
"MPH1110102104","modelfit","15","false","true","true","true","true","true","{""displayGroup"": ""Model fit""}"
"MPH1110103100","modelfit","14","false","true","true","true","true","true","{""displayGroup"": ""Model fit""}"
"MPH1110103101","modelfit","15","false","true","true","true","true","true","{""displayGroup"": ""Model fit""}"
"MPH1110103102","modelfit","11","false","true","true","true","true","true","{""displayGroup"": ""Model fit""}"
"MPH1110103103","modelfit","9","false","true","true","true","true","true","{""displayGroup"": ""Model fit""}"
"MPH1110104100","modelfit","15","false","true","true","true","true","true","{""displayGroup"": ""Model fit""}"
"MPH1110104101","modelfit","13","false","true","true","true","true","true","{""displayGroup"": ""Model fit""}"
"MPH1110104102","modelfit","16","false","true","true","true","true","true","{""displayGroup"": ""Model fit""}"
"MPH1110104103","modelfit","13","false","true","true","true","true","true","{""displayGroup"": ""Model fit""}"
"MPH1110104104","modelfit","13","false","true","true","true","true","true","{""displayGroup"": ""Model fit""}"
"MPH1110104105","modelfit","12","false","true","true","true","true","true","{""displayGroup"": ""Model fit""}"
"MPH1110104106","modelfit","14","false","true","true","true","true","true","{""displayGroup"": ""Model fit""}"
"MPH1110105100","modelfit","18","false","true","true","true","true","true","{""displayGroup"": ""Model fit""}"
"MPH1110105101","modelfit","16","false","true","true","true","true","true","{""displayGroup"": ""Model fit""}"
"MPH1110105102","modelfit","20","false","true","true","true","true","true","{""displayGroup"": ""Model fit""}"
"MPH1110105103","modelfit","15","false","true","true","true","true","true","{""displayGroup"": ""Model fit""}"
"MPH1110105104","modelfit","13","false","true","true","true","true","true","{""displayGroup"": ""Model fit""}"
"MPH1110105105","modelfit","13","false","true","true","true","true","true","{""displayGroup"": ""Model fit""}"
"MPH1110105106","modelfit","11","false","true","true","true","true","true","{""displayGroup"": ""Model fit""}"
"MPH1110105107","modelfit","16","false","true","true","true","true","true","{""displayGroup"": ""Model fit""}"
"MPH1110105108","modelfit","10","false","true","true","true","true","true","{""displayGroup"": ""Model fit""}"
"MPH1110105109","modelfit","15","false","true","true","true","true","true","{""displayGroup"": ""Model fit""}"
"MPH1110106100","modelfit","8","false","true","true","true","true","true","{""displayGroup"": ""Model fit""}"
"MPH1111100100","modelfit","13","false","true","true","true","true","true","{""displayGroup"": ""Model fit""}"
"MPH1111100101","modelfit","13","false","true","true","true","true","true","{""displayGroup"": ""Model fit""}"
"MPH1111100102","modelfit","16","false","true","true","true","true","true","{""displayGroup"": ""Model fit""}"
"MPH1111100103","modelfit","13","false","true","true","true","true","true","{""displayGroup"": ""Model fit""}"
"MPH1111101100","modelfit","15","false","true","true","true","true","true","{""displayGroup"": ""Model fit""}"
"MPH1111101101","modelfit","15","false","true","true","true","true","true","{""displayGroup"": ""Model fit""}"
"MPH1111101102","modelfit","14","false","true","true","true","true","true","{""displayGroup"": ""Model fit""}"
"MPH1111101103","modelfit","14","false","true","true","true","true","true","{""displayGroup"": ""Model fit""}"
"MPH1111101104","modelfit","13","false","true","true","true","true","true","{""displayGroup"": ""Model fit""}"
"MPH1111101105","modelfit","14","false","true","true","true","true","true","{""displayGroup"": ""Model fit""}"
"MPH1111101106","modelfit","13","false","true","true","true","true","true","{""displayGroup"": ""Model fit""}"
"MPH1111101107","modelfit","13","false","true","true","true","true","true","{""displayGroup"": ""Model fit""}"
"MPH1111101108","modelfit","13","false","true","true","true","true","true","{""displayGroup"": ""Model fit""}"
"MPH1111101109","modelfit","13","false","true","true","true","true","true","{""displayGroup"": ""Model fit""}"
"MPH1111102100","modelfit","16","false","true","true","true","true","true","{""displayGroup"": ""Model fit""}"
"MPH1111102101","modelfit","15","false","true","true","true","true","true","{""displayGroup"": ""Model fit""}"
"MPH1111102102","modelfit","14","false","true","true","true","true","true","{""displayGroup"": ""Model fit""}"
"MPH1111102103","modelfit","15","false","true","true","true","true","true","{""displayGroup"": ""Model fit""}"
"MPH1111102105","modelfit","13","false","true","true","true","true","true","{""displayGroup"": ""Model fit""}"
"MPH1111102104 ","modelfit","13","false","true","true","true","true","true","{""displayGroup"": ""Model fit""}"
"MPH1111103100","modelfit","13","false","true","true","true","true","true","{""displayGroup"": ""Model fit""}"
"MPH1111103101","modelfit","14","false","true","true","true","true","true","{""displayGroup"": ""Model fit""}"
"MPH1111103102","modelfit","11","false","true","true","true","true","true","{""displayGroup"": ""Model fit""}"
"MPH1111103103","modelfit","15","false","true","true","true","true","true","{""displayGroup"": ""Model fit""}"
"MPH1111103104","modelfit","12","false","true","true","true","true","true","{""displayGroup"": ""Model fit""}"
"MPH1111103105","modelfit","13","false","true","true","true","true","true","{""displayGroup"": ""Model fit""}"
"MPH1111103106","modelfit","14","false","true","true","true","true","true","{""displayGroup"": ""Model fit""}"
"MPH1111103107","modelfit","13","false","true","true","true","true","true","{""displayGroup"": ""Model fit""}"
"MPH1111103108","modelfit","13","false","true","true","true","true","true","{""displayGroup"": ""Model fit""}"
"MPH1111104100","modelfit","12","false","true","true","true","true","true","{""displayGroup"": ""Model fit""}"
"MPH1111104101","modelfit","13","false","true","true","true","true","true","{""displayGroup"": ""Model fit""}"
"MPH1111104102","modelfit","13","false","true","true","true","true","true","{""displayGroup"": ""Model fit""}"
"MPH1111104103","modelfit","15","false","true","true","true","true","true","{""displayGroup"": ""Model fit""}"
"MPH1111104104","modelfit","14","false","true","true","true","true","true","{""displayGroup"": ""Model fit""}"
"MPH1111104105","modelfit","13","false","true","true","true","true","true","{""displayGroup"": ""Model fit""}"
"MPH1111104106","modelfit","11","false","true","true","true","true","true","{""displayGroup"": ""Model fit""}"
"MPH1111105100","modelfit","9","false","true","true","true","true","true","{""displayGroup"": ""Model fit""}"
"MPH1110100","featureapparel","3","false","true","true","true","true","true","{""displayGroup"": ""Feature""}"
"MPH1110101100","featureapparel","16","false","true","true","true","true","true","{""displayGroup"": ""Feature""}"
"MPH1110101101","featureapparel","15","false","true","true","true","true","true","{""displayGroup"": ""Feature""}"
"MPH1110101102","featureapparel","16","false","true","true","true","true","true","{""displayGroup"": ""Feature""}"
"MPH1110101103","featureapparel","15","false","true","true","true","true","true","{""displayGroup"": ""Feature""}"
"MPH1110101104","featureapparel","13","false","true","true","true","true","true","{""displayGroup"": ""Feature""}"
"MPH1110101105","featureapparel","15","false","true","true","true","true","true","{""displayGroup"": ""Feature""}"
"MPH1110101106","featureapparel","14","false","true","true","true","true","true","{""displayGroup"": ""Feature""}"
"MPH1110101107","featureapparel","14","false","true","true","true","true","true","{""displayGroup"": ""Feature""}"
"MPH1110101108","featureapparel","14","false","true","true","true","true","true","{""displayGroup"": ""Feature""}"
"MPH1110101109","featureapparel","17","false","true","true","true","true","true","{""displayGroup"": ""Feature""}"
"MPH1110101110","featureapparel","13","false","true","true","true","true","true","{""displayGroup"": ""Feature""}"
"MPH1110101111","featureapparel","14","false","true","true","true","true","true","{""displayGroup"": ""Feature""}"
"MPH1110101112","featureapparel","14","false","true","true","true","true","true","{""displayGroup"": ""Feature""}"
"MPH1110101113","featureapparel","14","false","true","true","true","true","true","{""displayGroup"": ""Feature""}"
"MPH1110101114","featureapparel","15","false","true","true","true","true","true","{""displayGroup"": ""Feature""}"
"MPH1110102100","featureapparel","14","false","true","true","true","true","true","{""displayGroup"": ""Feature""}"
"MPH1110102101","featureapparel","15","false","true","true","true","true","true","{""displayGroup"": ""Feature""}"
"MPH1110102102","featureapparel","17","false","true","true","true","true","true","{""displayGroup"": ""Feature""}"
"MPH1110102103","featureapparel","14","false","true","true","true","true","true","{""displayGroup"": ""Feature""}"
"MPH1110102104","featureapparel","16","false","true","true","true","true","true","{""displayGroup"": ""Feature""}"
"MPH1110103100","featureapparel","15","false","true","true","true","true","true","{""displayGroup"": ""Feature""}"
"MPH1110103101","featureapparel","16","false","true","true","true","true","true","{""displayGroup"": ""Feature""}"
"MPH1110103102","featureapparel","12","false","true","true","true","true","true","{""displayGroup"": ""Feature""}"
"MPH1110103103","featureapparel","10","false","true","true","true","true","true","{""displayGroup"": ""Feature""}"
"MPH1110104100","featureapparel","16","false","true","true","true","true","true","{""displayGroup"": ""Feature""}"
"MPH1110104101","featureapparel","14","false","true","true","true","true","true","{""displayGroup"": ""Feature""}"
"MPH1110104102","featureapparel","17","false","true","true","true","true","true","{""displayGroup"": ""Feature""}"
"MPH1110104103","featureapparel","14","false","true","true","true","true","true","{""displayGroup"": ""Feature""}"
"MPH1110104104","featureapparel","14","false","true","true","true","true","true","{""displayGroup"": ""Feature""}"
"MPH1110104105","featureapparel","13","false","true","true","true","true","true","{""displayGroup"": ""Feature""}"
"MPH1110104106","featureapparel","15","false","true","true","true","true","true","{""displayGroup"": ""Feature""}"
"MPH1110105100","featureapparel","19","false","true","true","true","true","true","{""displayGroup"": ""Feature""}"
"MPH1110105101","featureapparel","17","false","true","true","true","true","true","{""displayGroup"": ""Feature""}"
"MPH1110105102","featureapparel","21","false","true","true","true","true","true","{""displayGroup"": ""Feature""}"
"MPH1110105103","featureapparel","16","false","true","true","true","true","true","{""displayGroup"": ""Feature""}"
"MPH1110105104","featureapparel","14","false","true","true","true","true","true","{""displayGroup"": ""Feature""}"
"MPH1110105105","featureapparel","14","false","true","true","true","true","true","{""displayGroup"": ""Feature""}"
"MPH1110105106","featureapparel","12","false","true","true","true","true","true","{""displayGroup"": ""Feature""}"
"MPH1110105107","featureapparel","17","false","true","true","true","true","true","{""displayGroup"": ""Feature""}"
"MPH1110105108","featureapparel","11","false","true","true","true","true","true","{""displayGroup"": ""Feature""}"
"MPH1110105109","featureapparel","16","false","true","true","true","true","true","{""displayGroup"": ""Feature""}"
"MPH1110106100","featureapparel","9","false","true","true","true","true","true","{""displayGroup"": ""Feature""}"
"MPH1111100","featureapparel","3","false","true","true","true","true","true","{""displayGroup"": ""Feature""}"
"MPH1111101","featureapparel","2","false","true","true","true","true","true","{""displayGroup"": ""Feature""}"
"MPH1111102100","featureapparel","17","false","true","true","true","true","true","{""displayGroup"": ""Feature""}"
"MPH1111102101","featureapparel","16","false","true","true","true","true","true","{""displayGroup"": ""Feature""}"
"MPH1111102102","featureapparel","15","false","true","true","true","true","true","{""displayGroup"": ""Feature""}"
"MPH1111102103","featureapparel","16","false","true","true","true","true","true","{""displayGroup"": ""Feature""}"
"MPH1111102105","featureapparel","14","false","true","true","true","true","true","{""displayGroup"": ""Feature""}"
"MPH1111102104 ","featureapparel","14","false","true","true","true","true","true","{""displayGroup"": ""Feature""}"
"MPH1111103","featureapparel","2","false","true","true","true","true","true","{""displayGroup"": ""Feature""}"
"MPH1111104100","featureapparel","13","false","true","true","true","true","true","{""displayGroup"": ""Feature""}"
"MPH1111104101","featureapparel","14","false","true","true","true","true","true","{""displayGroup"": ""Feature""}"
"MPH1111104102","featureapparel","14","false","true","true","true","true","true","{""displayGroup"": ""Feature""}"
"MPH1111104103","featureapparel","16","false","true","true","true","true","true","{""displayGroup"": ""Feature""}"
"MPH1111104104","featureapparel","15","false","true","true","true","true","true","{""displayGroup"": ""Feature""}"
"MPH1111104105","featureapparel","14","false","true","true","true","true","true","{""displayGroup"": ""Feature""}"
"MPH1111104106","featureapparel","12","false","true","true","true","true","true","{""displayGroup"": ""Feature""}"
"MPH1111105100","featureapparel","10","false","true","true","true","true","true","{""displayGroup"": ""Feature""}"
"MPH1110100100","occasion","13","false","true","true","true","true","true","{""displayGroup"": ""Occasion""}"
"MPH1110100101","occasion","25","false","true","true","true","true","true","{""displayGroup"": ""Occasion""}"
"MPH1110100102","occasion","20","false","true","true","true","true","true","{""displayGroup"": ""Occasion""}"
"MPH1110100103","occasion","12","false","true","true","true","true","true","{""displayGroup"": ""Occasion""}"
"MPH1110100104","occasion","15","false","true","true","true","true","true","{""displayGroup"": ""Occasion""}"
"MPH1110100105","occasion","11","false","true","true","true","true","true","{""displayGroup"": ""Occasion""}"
"MPH1110100106","occasion","15","false","true","true","true","true","true","{""displayGroup"": ""Occasion""}"
"MPH1110100107","occasion","20","false","true","true","true","true","true","{""displayGroup"": ""Occasion""}"
"MPH1110100108","occasion","21","false","true","true","true","true","true","{""displayGroup"": ""Occasion""}"
"MPH1110101100","occasion","17","false","true","true","true","true","true","{""displayGroup"": ""Occasion""}"
"MPH1110101101","occasion","16","false","true","true","true","true","true","{""displayGroup"": ""Occasion""}"
"MPH1110101102","occasion","17","false","true","true","true","true","true","{""displayGroup"": ""Occasion""}"
"MPH1110101103","occasion","16","false","true","true","true","true","true","{""displayGroup"": ""Occasion""}"
"MPH1110101104","occasion","14","false","true","true","true","true","true","{""displayGroup"": ""Occasion""}"
"MPH1110101105","occasion","16","false","true","true","true","true","true","{""displayGroup"": ""Occasion""}"
"MPH1110101106","occasion","15","false","true","true","true","true","true","{""displayGroup"": ""Occasion""}"
"MPH1110101107","occasion","15","false","true","true","true","true","true","{""displayGroup"": ""Occasion""}"
"MPH1110101108","occasion","15","false","true","true","true","true","true","{""displayGroup"": ""Occasion""}"
"MPH1110101109","occasion","18","false","true","true","true","true","true","{""displayGroup"": ""Occasion""}"
"MPH1110101110","occasion","14","false","true","true","true","true","true","{""displayGroup"": ""Occasion""}"
"MPH1110101111","occasion","15","false","true","true","true","true","true","{""displayGroup"": ""Occasion""}"
"MPH1110101112","occasion","15","false","true","true","true","true","true","{""displayGroup"": ""Occasion""}"
"MPH1110101113","occasion","15","false","true","true","true","true","true","{""displayGroup"": ""Occasion""}"
"MPH1110101114","occasion","16","false","true","true","true","true","true","{""displayGroup"": ""Occasion""}"
"MPH1110102100","occasion","15","false","true","true","true","true","true","{""displayGroup"": ""Occasion""}"
"MPH1110102101","occasion","16","false","true","true","true","true","true","{""displayGroup"": ""Occasion""}"
"MPH1110102102","occasion","18","false","true","true","true","true","true","{""displayGroup"": ""Occasion""}"
"MPH1110102103","occasion","15","false","true","true","true","true","true","{""displayGroup"": ""Occasion""}"
"MPH1110102104","occasion","17","false","true","true","true","true","true","{""displayGroup"": ""Occasion""}"
"MPH1110103100","occasion","16","false","true","true","true","true","true","{""displayGroup"": ""Occasion""}"
"MPH1110103101","occasion","17","false","true","true","true","true","true","{""displayGroup"": ""Occasion""}"
"MPH1110103102","occasion","13","false","true","true","true","true","true","{""displayGroup"": ""Occasion""}"
"MPH1110103103","occasion","11","false","true","true","true","true","true","{""displayGroup"": ""Occasion""}"
"MPH1110104100","occasion","17","false","true","true","true","true","true","{""displayGroup"": ""Occasion""}"
"MPH1110104101","occasion","15","false","true","true","true","true","true","{""displayGroup"": ""Occasion""}"
"MPH1110104102","occasion","18","false","true","true","true","true","true","{""displayGroup"": ""Occasion""}"
"MPH1110104103","occasion","15","false","true","true","true","true","true","{""displayGroup"": ""Occasion""}"
"MPH1110104104","occasion","15","false","true","true","true","true","true","{""displayGroup"": ""Occasion""}"
"MPH1110104105","occasion","14","false","true","true","true","true","true","{""displayGroup"": ""Occasion""}"
"MPH1110104106","occasion","16","false","true","true","true","true","true","{""displayGroup"": ""Occasion""}"
"MPH1110105100","occasion","20","false","true","true","true","true","true","{""displayGroup"": ""Occasion""}"
"MPH1110105101","occasion","18","false","true","true","true","true","true","{""displayGroup"": ""Occasion""}"
"MPH1110105102","occasion","22","false","true","true","true","true","true","{""displayGroup"": ""Occasion""}"
"MPH1110105103","occasion","17","false","true","true","true","true","true","{""displayGroup"": ""Occasion""}"
"MPH1110105104","occasion","15","false","true","true","true","true","true","{""displayGroup"": ""Occasion""}"
"MPH1110105105","occasion","15","false","true","true","true","true","true","{""displayGroup"": ""Occasion""}"
"MPH1110105106","occasion","13","false","true","true","true","true","true","{""displayGroup"": ""Occasion""}"
"MPH1110105107","occasion","18","false","true","true","true","true","true","{""displayGroup"": ""Occasion""}"
"MPH1110105108","occasion","12","false","true","true","true","true","true","{""displayGroup"": ""Occasion""}"
"MPH1110105109","occasion","17","false","true","true","true","true","true","{""displayGroup"": ""Occasion""}"
"MPH1110106100","occasion","10","false","true","true","true","true","true","{""displayGroup"": ""Occasion""}"
"MPH1111100100","occasion","14","false","true","true","true","true","true","{""displayGroup"": ""Occasion""}"
"MPH1111100101","occasion","14","false","true","true","true","true","true","{""displayGroup"": ""Occasion""}"
"MPH1111100102","occasion","17","false","true","true","true","true","true","{""displayGroup"": ""Occasion""}"
"MPH1111100103","occasion","14","false","true","true","true","true","true","{""displayGroup"": ""Occasion""}"
"MPH1111101100","occasion","16","false","true","true","true","true","true","{""displayGroup"": ""Occasion""}"
"MPH1111101101","occasion","16","false","true","true","true","true","true","{""displayGroup"": ""Occasion""}"
"MPH1111101102","occasion","15","false","true","true","true","true","true","{""displayGroup"": ""Occasion""}"
"MPH1111101103","occasion","15","false","true","true","true","true","true","{""displayGroup"": ""Occasion""}"
"MPH1111101104","occasion","14","false","true","true","true","true","true","{""displayGroup"": ""Occasion""}"
"MPH1111101105","occasion","15","false","true","true","true","true","true","{""displayGroup"": ""Occasion""}"
"MPH1111101106","occasion","14","false","true","true","true","true","true","{""displayGroup"": ""Occasion""}"
"MPH1111101107","occasion","14","false","true","true","true","true","true","{""displayGroup"": ""Occasion""}"
"MPH1111101108","occasion","14","false","true","true","true","true","true","{""displayGroup"": ""Occasion""}"
"MPH1111101109","occasion","14","false","true","true","true","true","true","{""displayGroup"": ""Occasion""}"
"MPH1111102100","occasion","18","false","true","true","true","true","true","{""displayGroup"": ""Occasion""}"
"MPH1111102101","occasion","17","false","true","true","true","true","true","{""displayGroup"": ""Occasion""}"
"MPH1111102102","occasion","16","false","true","true","true","true","true","{""displayGroup"": ""Occasion""}"
"MPH1111102103","occasion","17","false","true","true","true","true","true","{""displayGroup"": ""Occasion""}"
"MPH1111102105","occasion","15","false","true","true","true","true","true","{""displayGroup"": ""Occasion""}"
"MPH1111102104 ","occasion","15","false","true","true","true","true","true","{""displayGroup"": ""Occasion""}"
"MPH1111103100","occasion","14","false","true","true","true","true","true","{""displayGroup"": ""Occasion""}"
"MPH1111103101","occasion","15","false","true","true","true","true","true","{""displayGroup"": ""Occasion""}"
"MPH1111103102","occasion","12","false","true","true","true","true","true","{""displayGroup"": ""Occasion""}"
"MPH1111103103","occasion","16","false","true","true","true","true","true","{""displayGroup"": ""Occasion""}"
"MPH1111103104","occasion","13","false","true","true","true","true","true","{""displayGroup"": ""Occasion""}"
"MPH1111103105","occasion","14","false","true","true","true","true","true","{""displayGroup"": ""Occasion""}"
"MPH1111103106","occasion","15","false","true","true","true","true","true","{""displayGroup"": ""Occasion""}"
"MPH1111103107","occasion","14","false","true","true","true","true","true","{""displayGroup"": ""Occasion""}"
"MPH1111103108","occasion","14","false","true","true","true","true","true","{""displayGroup"": ""Occasion""}"
"MPH1111103109","occasion","10","false","true","true","true","true","true","{""displayGroup"": ""Occasion""}"
"MPH1111104100","occasion","14","false","true","true","true","true","true","{""displayGroup"": ""Occasion""}"
"MPH1111104101","occasion","15","false","true","true","true","true","true","{""displayGroup"": ""Occasion""}"
"MPH1111104102","occasion","15","false","true","true","true","true","true","{""displayGroup"": ""Occasion""}"
"MPH1111104103","occasion","17","false","true","true","true","true","true","{""displayGroup"": ""Occasion""}"
"MPH1111104104","occasion","16","false","true","true","true","true","true","{""displayGroup"": ""Occasion""}"
"MPH1111104105","occasion","15","false","true","true","true","true","true","{""displayGroup"": ""Occasion""}"
"MPH1111104106","occasion","13","false","true","true","true","true","true","{""displayGroup"": ""Occasion""}"
"MPH1111105100","occasion","11","false","true","true","true","true","true","{""displayGroup"": ""Occasion""}"
"MPH1110100100","sizechart","14","false","true","true","true","true","true","{""displayGroup"": ""Size chart""}"
"MPH1110100101","sizechart","26","false","true","true","true","true","true","{""displayGroup"": ""Size chart""}"
"MPH1110100102","sizechart","21","false","true","true","true","true","true","{""displayGroup"": ""Size chart""}"
"MPH1110100103","sizechart","13","false","true","true","true","true","true","{""displayGroup"": ""Size chart""}"
"MPH1110100104","sizechart","16","false","true","true","true","true","true","{""displayGroup"": ""Size chart""}"
"MPH1110100105","sizechart","12","false","true","true","true","true","true","{""displayGroup"": ""Size chart""}"
"MPH1110100106","sizechart","16","false","true","true","true","true","true","{""displayGroup"": ""Size chart""}"
"MPH1110100107","sizechart","21","false","true","true","true","true","true","{""displayGroup"": ""Size chart""}"
"MPH1110100108","sizechart","22","false","true","true","true","true","true","{""displayGroup"": ""Size chart""}"
"MPH1110101100","sizechart","18","false","true","true","true","true","true","{""displayGroup"": ""Size chart""}"
"MPH1110101101","sizechart","17","false","true","true","true","true","true","{""displayGroup"": ""Size chart""}"
"MPH1110101102","sizechart","18","false","true","true","true","true","true","{""displayGroup"": ""Size chart""}"
"MPH1110101103","sizechart","17","false","true","true","true","true","true","{""displayGroup"": ""Size chart""}"
"MPH1110101104","sizechart","15","false","true","true","true","true","true","{""displayGroup"": ""Size chart""}"
"MPH1110101105","sizechart","17","false","true","true","true","true","true","{""displayGroup"": ""Size chart""}"
"MPH1110101106","sizechart","16","false","true","true","true","true","true","{""displayGroup"": ""Size chart""}"
"MPH1110101107","sizechart","16","false","true","true","true","true","true","{""displayGroup"": ""Size chart""}"
"MPH1110101108","sizechart","16","false","true","true","true","true","true","{""displayGroup"": ""Size chart""}"
"MPH1110101109","sizechart","19","false","true","true","true","true","true","{""displayGroup"": ""Size chart""}"
"MPH1110101110","sizechart","15","false","true","true","true","true","true","{""displayGroup"": ""Size chart""}"
"MPH1110101111","sizechart","16","false","true","true","true","true","true","{""displayGroup"": ""Size chart""}"
"MPH1110101112","sizechart","16","false","true","true","true","true","true","{""displayGroup"": ""Size chart""}"
"MPH1110101113","sizechart","16","false","true","true","true","true","true","{""displayGroup"": ""Size chart""}"
"MPH1110101114","sizechart","17","false","true","true","true","true","true","{""displayGroup"": ""Size chart""}"
"MPH1110102100","sizechart","16","false","true","true","true","true","true","{""displayGroup"": ""Size chart""}"
"MPH1110102101","sizechart","17","false","true","true","true","true","true","{""displayGroup"": ""Size chart""}"
"MPH1110102102","sizechart","19","false","true","true","true","true","true","{""displayGroup"": ""Size chart""}"
"MPH1110102103","sizechart","16","false","true","true","true","true","true","{""displayGroup"": ""Size chart""}"
"MPH1110102104","sizechart","18","false","true","true","true","true","true","{""displayGroup"": ""Size chart""}"
"MPH1110103100","sizechart","17","false","true","true","true","true","true","{""displayGroup"": ""Size chart""}"
"MPH1110103101","sizechart","18","false","true","true","true","true","true","{""displayGroup"": ""Size chart""}"
"MPH1110103102","sizechart","14","false","true","true","true","true","true","{""displayGroup"": ""Size chart""}"
"MPH1110103103","sizechart","12","false","true","true","true","true","true","{""displayGroup"": ""Size chart""}"
"MPH1110104100","sizechart","18","false","true","true","true","true","true","{""displayGroup"": ""Size chart""}"
"MPH1110104101","sizechart","16","false","true","true","true","true","true","{""displayGroup"": ""Size chart""}"
"MPH1110104102","sizechart","19","false","true","true","true","true","true","{""displayGroup"": ""Size chart""}"
"MPH1110104103","sizechart","16","false","true","true","true","true","true","{""displayGroup"": ""Size chart""}"
"MPH1110104104","sizechart","16","false","true","true","true","true","true","{""displayGroup"": ""Size chart""}"
"MPH1110104105","sizechart","15","false","true","true","true","true","true","{""displayGroup"": ""Size chart""}"
"MPH1110104106","sizechart","17","false","true","true","true","true","true","{""displayGroup"": ""Size chart""}"
"MPH1110105100","sizechart","21","false","true","true","true","true","true","{""displayGroup"": ""Size chart""}"
"MPH1110105101","sizechart","19","false","true","true","true","true","true","{""displayGroup"": ""Size chart""}"
"MPH1110105102","sizechart","23","false","true","true","true","true","true","{""displayGroup"": ""Size chart""}"
"MPH1110105103","sizechart","18","false","true","true","true","true","true","{""displayGroup"": ""Size chart""}"
"MPH1110105104","sizechart","16","false","true","true","true","true","true","{""displayGroup"": ""Size chart""}"
"MPH1110105105","sizechart","16","false","true","true","true","true","true","{""displayGroup"": ""Size chart""}"
"MPH1110105106","sizechart","14","false","true","true","true","true","true","{""displayGroup"": ""Size chart""}"
"MPH1110105107","sizechart","19","false","true","true","true","true","true","{""displayGroup"": ""Size chart""}"
"MPH1110105108","sizechart","13","false","true","true","true","true","true","{""displayGroup"": ""Size chart""}"
"MPH1110105109","sizechart","18","false","true","true","true","true","true","{""displayGroup"": ""Size chart""}"
"MPH1110106100","sizechart","11","false","true","true","true","true","true","{""displayGroup"": ""Size chart""}"
"MPH1111100100","sizechart","15","false","true","true","true","true","true","{""displayGroup"": ""Size chart""}"
"MPH1111100101","sizechart","15","false","true","true","true","true","true","{""displayGroup"": ""Size chart""}"
"MPH1111100102","sizechart","18","false","true","true","true","true","true","{""displayGroup"": ""Size chart""}"
"MPH1111100103","sizechart","15","false","true","true","true","true","true","{""displayGroup"": ""Size chart""}"
"MPH1111101100","sizechart","17","false","true","true","true","true","true","{""displayGroup"": ""Size chart""}"
"MPH1111101101","sizechart","17","false","true","true","true","true","true","{""displayGroup"": ""Size chart""}"
"MPH1111101102","sizechart","16","false","true","true","true","true","true","{""displayGroup"": ""Size chart""}"
"MPH1111101103","sizechart","16","false","true","true","true","true","true","{""displayGroup"": ""Size chart""}"
"MPH1111101104","sizechart","15","false","true","true","true","true","true","{""displayGroup"": ""Size chart""}"
"MPH1111101105","sizechart","16","false","true","true","true","true","true","{""displayGroup"": ""Size chart""}"
"MPH1111101106","sizechart","15","false","true","true","true","true","true","{""displayGroup"": ""Size chart""}"
"MPH1111101107","sizechart","15","false","true","true","true","true","true","{""displayGroup"": ""Size chart""}"
"MPH1111101108","sizechart","15","false","true","true","true","true","true","{""displayGroup"": ""Size chart""}"
"MPH1111101109","sizechart","15","false","true","true","true","true","true","{""displayGroup"": ""Size chart""}"
"MPH1111102100","sizechart","19","false","true","true","true","true","true","{""displayGroup"": ""Size chart""}"
"MPH1111102101","sizechart","18","false","true","true","true","true","true","{""displayGroup"": ""Size chart""}"
"MPH1111102102","sizechart","17","false","true","true","true","true","true","{""displayGroup"": ""Size chart""}"
"MPH1111102103","sizechart","18","false","true","true","true","true","true","{""displayGroup"": ""Size chart""}"
"MPH1111102105","sizechart","16","false","true","true","true","true","true","{""displayGroup"": ""Size chart""}"
"MPH1111102104 ","sizechart","16","false","true","true","true","true","true","{""displayGroup"": ""Size chart""}"
"MPH1111103100","sizechart","15","false","true","true","true","true","true","{""displayGroup"": ""Size chart""}"
"MPH1111103101","sizechart","16","false","true","true","true","true","true","{""displayGroup"": ""Size chart""}"
"MPH1111103102","sizechart","13","false","true","true","true","true","true","{""displayGroup"": ""Size chart""}"
"MPH1111103103","sizechart","17","false","true","true","true","true","true","{""displayGroup"": ""Size chart""}"
"MPH1111103104","sizechart","14","false","true","true","true","true","true","{""displayGroup"": ""Size chart""}"
"MPH1111103105","sizechart","15","false","true","true","true","true","true","{""displayGroup"": ""Size chart""}"
"MPH1111103106","sizechart","16","false","true","true","true","true","true","{""displayGroup"": ""Size chart""}"
"MPH1111103107","sizechart","15","false","true","true","true","true","true","{""displayGroup"": ""Size chart""}"
"MPH1111103108","sizechart","15","false","true","true","true","true","true","{""displayGroup"": ""Size chart""}"
"MPH1111104100","sizechart","15","false","true","true","true","true","true","{""displayGroup"": ""Size chart""}"
"MPH1111104101","sizechart","16","false","true","true","true","true","true","{""displayGroup"": ""Size chart""}"
"MPH1111104102","sizechart","16","false","true","true","true","true","true","{""displayGroup"": ""Size chart""}"
"MPH1111104103","sizechart","18","false","true","true","true","true","true","{""displayGroup"": ""Size chart""}"
"MPH1111104104","sizechart","17","false","true","true","true","true","true","{""displayGroup"": ""Size chart""}"
"MPH1111104105","sizechart","16","false","true","true","true","true","true","{""displayGroup"": ""Size chart""}"
"MPH1111104106","sizechart","14","false","true","true","true","true","true","{""displayGroup"": ""Size chart""}"
"MPH1111105100","sizechart","12","false","true","true","true","true","true","{""displayGroup"": ""Size chart""}"
"MPH1110100107","womenethinictopwearpattern","22","false","true","true","true","true","true","{""displayGroup"": ""Pattern""}"
"MPH1110100108","womenethinictopwearpattern","23","false","true","true","true","true","true","{""displayGroup"": ""Pattern""}"
"MPH1110102100","brandfitname","17","false","true","true","true","true","true","{""displayGroup"": ""Brand Fit Name""}"
"MPH1110102101","brandfitname","18","false","true","true","true","true","true","{""displayGroup"": ""Brand Fit Name""}"
"MPH1110102102","brandfitname","20","false","true","true","true","true","true","{""displayGroup"": ""Brand Fit Name""}"
"MPH1110102103","brandfitname","17","false","true","true","true","true","true","{""displayGroup"": ""Brand Fit Name""}"
"MPH1110102104","brandfitname","19","false","true","true","true","true","true","{""displayGroup"": ""Brand Fit Name""}"
"MPH1111100100","brandfitname","16","false","true","true","true","true","true","{""displayGroup"": ""Brand Fit Name""}"
"MPH1111100101","brandfitname","16","false","true","true","true","true","true","{""displayGroup"": ""Brand Fit Name""}"
"MPH1111100102","brandfitname","19","false","true","true","true","true","true","{""displayGroup"": ""Brand Fit Name""}"
"MPH1111100103","brandfitname","16","false","true","true","true","true","true","{""displayGroup"": ""Brand Fit Name""}"
"MPH1110100100","fabricapparel","15","false","true","true","true","true","true","{""displayGroup"": ""Fabric""}"
"MPH1110100101","fabricapparel","27","false","true","true","true","true","true","{""displayGroup"": ""Fabric""}"
"MPH1110100102","fabricapparel","22","false","true","true","true","true","true","{""displayGroup"": ""Fabric""}"
"MPH1110100103","fabricapparel","14","false","true","true","true","true","true","{""displayGroup"": ""Fabric""}"
"MPH1110100104","fabricapparel","17","false","true","true","true","true","true","{""displayGroup"": ""Fabric""}"
"MPH1110100105","fabricapparel","13","false","true","true","true","true","true","{""displayGroup"": ""Fabric""}"
"MPH1110100106","fabricapparel","17","false","true","true","true","true","true","{""displayGroup"": ""Fabric""}"
"MPH1110100107","fabricapparel","23","false","true","true","true","true","true","{""displayGroup"": ""Fabric""}"
"MPH1110100108","fabricapparel","24","false","true","true","true","true","true","{""displayGroup"": ""Fabric""}"
"MPH1110101100","fabricapparel","19","false","true","true","true","true","true","{""displayGroup"": ""Fabric""}"
"MPH1110101101","fabricapparel","18","false","true","true","true","true","true","{""displayGroup"": ""Fabric""}"
"MPH1110101102","fabricapparel","19","false","true","true","true","true","true","{""displayGroup"": ""Fabric""}"
"MPH1110101103","fabricapparel","18","false","true","true","true","true","true","{""displayGroup"": ""Fabric""}"
"MPH1110101104","fabricapparel","16","false","true","true","true","true","true","{""displayGroup"": ""Fabric""}"
"MPH1110101105","fabricapparel","18","false","true","true","true","true","true","{""displayGroup"": ""Fabric""}"
"MPH1110101106","fabricapparel","17","false","true","true","true","true","true","{""displayGroup"": ""Fabric""}"
"MPH1110101107","fabricapparel","17","false","true","true","true","true","true","{""displayGroup"": ""Fabric""}"
"MPH1110101108","fabricapparel","17","false","true","true","true","true","true","{""displayGroup"": ""Fabric""}"
"MPH1110101109","fabricapparel","20","false","true","true","true","true","true","{""displayGroup"": ""Fabric""}"
"MPH1110101110","fabricapparel","16","false","true","true","true","true","true","{""displayGroup"": ""Fabric""}"
"MPH1110101111","fabricapparel","17","false","true","true","true","true","true","{""displayGroup"": ""Fabric""}"
"MPH1110101112","fabricapparel","17","false","true","true","true","true","true","{""displayGroup"": ""Fabric""}"
"MPH1110101113","fabricapparel","17","false","true","true","true","true","true","{""displayGroup"": ""Fabric""}"
"MPH1110101114","fabricapparel","18","false","true","true","true","true","true","{""displayGroup"": ""Fabric""}"
"MPH1110102100","fabricapparel","18","false","true","true","true","true","true","{""displayGroup"": ""Fabric""}"
"MPH1110102101","fabricapparel","19","false","true","true","true","true","true","{""displayGroup"": ""Fabric""}"
"MPH1110102102","fabricapparel","21","false","true","true","true","true","true","{""displayGroup"": ""Fabric""}"
"MPH1110102103","fabricapparel","18","false","true","true","true","true","true","{""displayGroup"": ""Fabric""}"
"MPH1110102104","fabricapparel","20","false","true","true","true","true","true","{""displayGroup"": ""Fabric""}"
"MPH1110103100","fabricapparel","18","false","true","true","true","true","true","{""displayGroup"": ""Fabric""}"
"MPH1110103101","fabricapparel","19","false","true","true","true","true","true","{""displayGroup"": ""Fabric""}"
"MPH1110103102","fabricapparel","15","false","true","true","true","true","true","{""displayGroup"": ""Fabric""}"
"MPH1110103103","fabricapparel","13","false","true","true","true","true","true","{""displayGroup"": ""Fabric""}"
"MPH1110104100","fabricapparel","19","false","true","true","true","true","true","{""displayGroup"": ""Fabric""}"
"MPH1110104101","fabricapparel","17","false","true","true","true","true","true","{""displayGroup"": ""Fabric""}"
"MPH1110104102","fabricapparel","20","false","true","true","true","true","true","{""displayGroup"": ""Fabric""}"
"MPH1110104103","fabricapparel","17","false","true","true","true","true","true","{""displayGroup"": ""Fabric""}"
"MPH1110104104","fabricapparel","17","false","true","true","true","true","true","{""displayGroup"": ""Fabric""}"
"MPH1110104105","fabricapparel","16","false","true","true","true","true","true","{""displayGroup"": ""Fabric""}"
"MPH1110104106","fabricapparel","18","false","true","true","true","true","true","{""displayGroup"": ""Fabric""}"
"MPH1110105100","fabricapparel","22","false","true","true","true","true","true","{""displayGroup"": ""Fabric""}"
"MPH1110105101","fabricapparel","20","false","true","true","true","true","true","{""displayGroup"": ""Fabric""}"
"MPH1110105102","fabricapparel","24","false","true","true","true","true","true","{""displayGroup"": ""Fabric""}"
"MPH1110105103","fabricapparel","19","false","true","true","true","true","true","{""displayGroup"": ""Fabric""}"
"MPH1110105104","fabricapparel","17","false","true","true","true","true","true","{""displayGroup"": ""Fabric""}"
"MPH1110105105","fabricapparel","17","false","true","true","true","true","true","{""displayGroup"": ""Fabric""}"
"MPH1110105106","fabricapparel","15","false","true","true","true","true","true","{""displayGroup"": ""Fabric""}"
"MPH1110105107","fabricapparel","20","false","true","true","true","true","true","{""displayGroup"": ""Fabric""}"
"MPH1110105108","fabricapparel","14","false","true","true","true","true","true","{""displayGroup"": ""Fabric""}"
"MPH1110105109","fabricapparel","19","false","true","true","true","true","true","{""displayGroup"": ""Fabric""}"
"MPH1110106100","fabricapparel","12","false","true","true","true","true","true","{""displayGroup"": ""Fabric""}"
"MPH1111100100","fabricapparel","17","false","true","true","true","true","true","{""displayGroup"": ""Fabric""}"
"MPH1111100101","fabricapparel","17","false","true","true","true","true","true","{""displayGroup"": ""Fabric""}"
"MPH1111100102","fabricapparel","20","false","true","true","true","true","true","{""displayGroup"": ""Fabric""}"
"MPH1111100103","fabricapparel","17","false","true","true","true","true","true","{""displayGroup"": ""Fabric""}"
"MPH1111101100","fabricapparel","18","false","true","true","true","true","true","{""displayGroup"": ""Fabric""}"
"MPH1111101101","fabricapparel","18","false","true","true","true","true","true","{""displayGroup"": ""Fabric""}"
"MPH1111101102","fabricapparel","17","false","true","true","true","true","true","{""displayGroup"": ""Fabric""}"
"MPH1111101103","fabricapparel","17","false","true","true","true","true","true","{""displayGroup"": ""Fabric""}"
"MPH1111101104","fabricapparel","16","false","true","true","true","true","true","{""displayGroup"": ""Fabric""}"
"MPH1111101105","fabricapparel","17","false","true","true","true","true","true","{""displayGroup"": ""Fabric""}"
"MPH1111101106","fabricapparel","16","false","true","true","true","true","true","{""displayGroup"": ""Fabric""}"
"MPH1111101107","fabricapparel","16","false","true","true","true","true","true","{""displayGroup"": ""Fabric""}"
"MPH1111101108","fabricapparel","16","false","true","true","true","true","true","{""displayGroup"": ""Fabric""}"
"MPH1111101109","fabricapparel","16","false","true","true","true","true","true","{""displayGroup"": ""Fabric""}"
"MPH1111102100","fabricapparel","20","false","true","true","true","true","true","{""displayGroup"": ""Fabric""}"
"MPH1111102101","fabricapparel","19","false","true","true","true","true","true","{""displayGroup"": ""Fabric""}"
"MPH1111102102","fabricapparel","18","false","true","true","true","true","true","{""displayGroup"": ""Fabric""}"
"MPH1111102103","fabricapparel","19","false","true","true","true","true","true","{""displayGroup"": ""Fabric""}"
"MPH1111102105","fabricapparel","17","false","true","true","true","true","true","{""displayGroup"": ""Fabric""}"
"MPH1111102104 ","fabricapparel","17","false","true","true","true","true","true","{""displayGroup"": ""Fabric""}"
"MPH1111103100","fabricapparel","16","false","true","true","true","true","true","{""displayGroup"": ""Fabric""}"
"MPH1111103101","fabricapparel","17","false","true","true","true","true","true","{""displayGroup"": ""Fabric""}"
"MPH1111103102","fabricapparel","14","false","true","true","true","true","true","{""displayGroup"": ""Fabric""}"
"MPH1111103103","fabricapparel","18","false","true","true","true","true","true","{""displayGroup"": ""Fabric""}"
"MPH1111103104","fabricapparel","15","false","true","true","true","true","true","{""displayGroup"": ""Fabric""}"
"MPH1111103105","fabricapparel","16","false","true","true","true","true","true","{""displayGroup"": ""Fabric""}"
"MPH1111103106","fabricapparel","17","false","true","true","true","true","true","{""displayGroup"": ""Fabric""}"
"MPH1111103107","fabricapparel","16","false","true","true","true","true","true","{""displayGroup"": ""Fabric""}"
"MPH1111103108","fabricapparel","16","false","true","true","true","true","true","{""displayGroup"": ""Fabric""}"
"MPH1111103109","fabricapparel","11","false","true","true","true","true","true","{""displayGroup"": ""Fabric""}"
"MPH1111104100","fabricapparel","16","false","true","true","true","true","true","{""displayGroup"": ""Fabric""}"
"MPH1111104101","fabricapparel","17","false","true","true","true","true","true","{""displayGroup"": ""Fabric""}"
"MPH1111104102","fabricapparel","17","false","true","true","true","true","true","{""displayGroup"": ""Fabric""}"
"MPH1111104103","fabricapparel","19","false","true","true","true","true","true","{""displayGroup"": ""Fabric""}"
"MPH1111104104","fabricapparel","18","false","true","true","true","true","true","{""displayGroup"": ""Fabric""}"
"MPH1111104105","fabricapparel","17","false","true","true","true","true","true","{""displayGroup"": ""Fabric""}"
"MPH1111104106","fabricapparel","15","false","true","true","true","true","true","{""displayGroup"": ""Fabric""}"
"MPH1111105100","fabricapparel","13","false","true","true","true","true","true","{""displayGroup"": ""Fabric""}"
"MPH1110100100","unisexapparel","16","false","true","true","true","true","true","{""displayGroup"": ""Unisex""}"
"MPH1110100101","unisexapparel","28","false","true","true","true","true","true","{""displayGroup"": ""Unisex""}"
"MPH1110100102","unisexapparel","23","false","true","true","true","true","true","{""displayGroup"": ""Unisex""}"
"MPH1110100103","unisexapparel","15","false","true","true","true","true","true","{""displayGroup"": ""Unisex""}"
"MPH1110100104","unisexapparel","18","false","true","true","true","true","true","{""displayGroup"": ""Unisex""}"
"MPH1110100105","unisexapparel","14","false","true","true","true","true","true","{""displayGroup"": ""Unisex""}"
"MPH1110100106","unisexapparel","18","false","true","true","true","true","true","{""displayGroup"": ""Unisex""}"
"MPH1110100107","unisexapparel","24","false","true","true","true","true","true","{""displayGroup"": ""Unisex""}"
"MPH1110100108","unisexapparel","25","false","true","true","true","true","true","{""displayGroup"": ""Unisex""}"
"MPH1110101100","unisexapparel","20","false","true","true","true","true","true","{""displayGroup"": ""Unisex""}"
"MPH1110101101","unisexapparel","19","false","true","true","true","true","true","{""displayGroup"": ""Unisex""}"
"MPH1110101102","unisexapparel","20","false","true","true","true","true","true","{""displayGroup"": ""Unisex""}"
"MPH1110101103","unisexapparel","19","false","true","true","true","true","true","{""displayGroup"": ""Unisex""}"
"MPH1110101104","unisexapparel","17","false","true","true","true","true","true","{""displayGroup"": ""Unisex""}"
"MPH1110101105","unisexapparel","19","false","true","true","true","true","true","{""displayGroup"": ""Unisex""}"
"MPH1110101106","unisexapparel","18","false","true","true","true","true","true","{""displayGroup"": ""Unisex""}"
"MPH1110101107","unisexapparel","18","false","true","true","true","true","true","{""displayGroup"": ""Unisex""}"
"MPH1110101108","unisexapparel","18","false","true","true","true","true","true","{""displayGroup"": ""Unisex""}"
"MPH1110101109","unisexapparel","21","false","true","true","true","true","true","{""displayGroup"": ""Unisex""}"
"MPH1110101110","unisexapparel","17","false","true","true","true","true","true","{""displayGroup"": ""Unisex""}"
"MPH1110101111","unisexapparel","18","false","true","true","true","true","true","{""displayGroup"": ""Unisex""}"
"MPH1110101112","unisexapparel","18","false","true","true","true","true","true","{""displayGroup"": ""Unisex""}"
"MPH1110101113","unisexapparel","18","false","true","true","true","true","true","{""displayGroup"": ""Unisex""}"
"MPH1110101114","unisexapparel","19","false","true","true","true","true","true","{""displayGroup"": ""Unisex""}"
"MPH1110102100","unisexapparel","19","false","true","true","true","true","true","{""displayGroup"": ""Unisex""}"
"MPH1110102101","unisexapparel","20","false","true","true","true","true","true","{""displayGroup"": ""Unisex""}"
"MPH1110102102","unisexapparel","22","false","true","true","true","true","true","{""displayGroup"": ""Unisex""}"
"MPH1110102103","unisexapparel","19","false","true","true","true","true","true","{""displayGroup"": ""Unisex""}"
"MPH1110102104","unisexapparel","21","false","true","true","true","true","true","{""displayGroup"": ""Unisex""}"
"MPH1110103100","unisexapparel","19","false","true","true","true","true","true","{""displayGroup"": ""Unisex""}"
"MPH1110103101","unisexapparel","20","false","true","true","true","true","true","{""displayGroup"": ""Unisex""}"
"MPH1110103102","unisexapparel","16","false","true","true","true","true","true","{""displayGroup"": ""Unisex""}"
"MPH1110103103","unisexapparel","14","false","true","true","true","true","true","{""displayGroup"": ""Unisex""}"
"MPH1110104100","unisexapparel","20","false","true","true","true","true","true","{""displayGroup"": ""Unisex""}"
"MPH1110104101","unisexapparel","18","false","true","true","true","true","true","{""displayGroup"": ""Unisex""}"
"MPH1110104102","unisexapparel","21","false","true","true","true","true","true","{""displayGroup"": ""Unisex""}"
"MPH1110104103","unisexapparel","18","false","true","true","true","true","true","{""displayGroup"": ""Unisex""}"
"MPH1110104104","unisexapparel","18","false","true","true","true","true","true","{""displayGroup"": ""Unisex""}"
"MPH1110104105","unisexapparel","17","false","true","true","true","true","true","{""displayGroup"": ""Unisex""}"
"MPH1110104106","unisexapparel","19","false","true","true","true","true","true","{""displayGroup"": ""Unisex""}"
"MPH1110105100","unisexapparel","23","false","true","true","true","true","true","{""displayGroup"": ""Unisex""}"
"MPH1110105101","unisexapparel","21","false","true","true","true","true","true","{""displayGroup"": ""Unisex""}"
"MPH1110105102","unisexapparel","25","false","true","true","true","true","true","{""displayGroup"": ""Unisex""}"
"MPH1110105103","unisexapparel","20","false","true","true","true","true","true","{""displayGroup"": ""Unisex""}"
"MPH1110105104","unisexapparel","18","false","true","true","true","true","true","{""displayGroup"": ""Unisex""}"
"MPH1110105105","unisexapparel","18","false","true","true","true","true","true","{""displayGroup"": ""Unisex""}"
"MPH1110105106","unisexapparel","16","false","true","true","true","true","true","{""displayGroup"": ""Unisex""}"
"MPH1110105107","unisexapparel","21","false","true","true","true","true","true","{""displayGroup"": ""Unisex""}"
"MPH1110105108","unisexapparel","15","false","true","true","true","true","true","{""displayGroup"": ""Unisex""}"
"MPH1110105109","unisexapparel","20","false","true","true","true","true","true","{""displayGroup"": ""Unisex""}"
"MPH1110106100","unisexapparel","13","false","true","true","true","true","true","{""displayGroup"": ""Unisex""}"
"MPH1111100100","unisexapparel","18","false","true","true","true","true","true","{""displayGroup"": ""Unisex""}"
"MPH1111100101","unisexapparel","18","false","true","true","true","true","true","{""displayGroup"": ""Unisex""}"
"MPH1111100102","unisexapparel","21","false","true","true","true","true","true","{""displayGroup"": ""Unisex""}"
"MPH1111100103","unisexapparel","18","false","true","true","true","true","true","{""displayGroup"": ""Unisex""}"
"MPH1111101100","unisexapparel","19","false","true","true","true","true","true","{""displayGroup"": ""Unisex""}"
"MPH1111101101","unisexapparel","19","false","true","true","true","true","true","{""displayGroup"": ""Unisex""}"
"MPH1111101102","unisexapparel","18","false","true","true","true","true","true","{""displayGroup"": ""Unisex""}"
"MPH1111101103","unisexapparel","18","false","true","true","true","true","true","{""displayGroup"": ""Unisex""}"
"MPH1111101104","unisexapparel","17","false","true","true","true","true","true","{""displayGroup"": ""Unisex""}"
"MPH1111101105","unisexapparel","18","false","true","true","true","true","true","{""displayGroup"": ""Unisex""}"
"MPH1111101106","unisexapparel","17","false","true","true","true","true","true","{""displayGroup"": ""Unisex""}"
"MPH1111101107","unisexapparel","17","false","true","true","true","true","true","{""displayGroup"": ""Unisex""}"
"MPH1111101108","unisexapparel","17","false","true","true","true","true","true","{""displayGroup"": ""Unisex""}"
"MPH1111101109","unisexapparel","17","false","true","true","true","true","true","{""displayGroup"": ""Unisex""}"
"MPH1111102100","unisexapparel","21","false","true","true","true","true","true","{""displayGroup"": ""Unisex""}"
"MPH1111102101","unisexapparel","20","false","true","true","true","true","true","{""displayGroup"": ""Unisex""}"
"MPH1111102102","unisexapparel","19","false","true","true","true","true","true","{""displayGroup"": ""Unisex""}"
"MPH1111102103","unisexapparel","20","false","true","true","true","true","true","{""displayGroup"": ""Unisex""}"
"MPH1111102105","unisexapparel","18","false","true","true","true","true","true","{""displayGroup"": ""Unisex""}"
"MPH1111102104 ","unisexapparel","18","false","true","true","true","true","true","{""displayGroup"": ""Unisex""}"
"MPH1111103100","unisexapparel","17","false","true","true","true","true","true","{""displayGroup"": ""Unisex""}"
"MPH1111103101","unisexapparel","18","false","true","true","true","true","true","{""displayGroup"": ""Unisex""}"
"MPH1111103102","unisexapparel","15","false","true","true","true","true","true","{""displayGroup"": ""Unisex""}"
"MPH1111103103","unisexapparel","19","false","true","true","true","true","true","{""displayGroup"": ""Unisex""}"
"MPH1111103104","unisexapparel","16","false","true","true","true","true","true","{""displayGroup"": ""Unisex""}"
"MPH1111103105","unisexapparel","17","false","true","true","true","true","true","{""displayGroup"": ""Unisex""}"
"MPH1111103106","unisexapparel","18","false","true","true","true","true","true","{""displayGroup"": ""Unisex""}"
"MPH1111103107","unisexapparel","17","false","true","true","true","true","true","{""displayGroup"": ""Unisex""}"
"MPH1111103108","unisexapparel","17","false","true","true","true","true","true","{""displayGroup"": ""Unisex""}"
"MPH1111103109","unisexapparel","12","false","true","true","true","true","true","{""displayGroup"": ""Unisex""}"
"MPH1111104100","unisexapparel","17","false","true","true","true","true","true","{""displayGroup"": ""Unisex""}"
"MPH1111104101","unisexapparel","18","false","true","true","true","true","true","{""displayGroup"": ""Unisex""}"
"MPH1111104102","unisexapparel","18","false","true","true","true","true","true","{""displayGroup"": ""Unisex""}"
"MPH1111104103","unisexapparel","20","false","true","true","true","true","true","{""displayGroup"": ""Unisex""}"
"MPH1111104104","unisexapparel","19","false","true","true","true","true","true","{""displayGroup"": ""Unisex""}"
"MPH1111104105","unisexapparel","18","false","true","true","true","true","true","{""displayGroup"": ""Unisex""}"
"MPH1111104106","unisexapparel","16","false","true","true","true","true","true","{""displayGroup"": ""Unisex""}"
"MPH1111105100","unisexapparel","14","false","true","true","true","true","true","{""displayGroup"": ""Unisex""}"
"MPH1110100100","storyname","17","false","true","true","true","true","true","{""displayGroup"": ""Story Name""}"
"MPH1110100101","storyname","29","false","true","true","true","true","true","{""displayGroup"": ""Story Name""}"
"MPH1110100102","storyname","24","false","true","true","true","true","true","{""displayGroup"": ""Story Name""}"
"MPH1110100103","storyname","16","false","true","true","true","true","true","{""displayGroup"": ""Story Name""}"
"MPH1110100104","storyname","19","false","true","true","true","true","true","{""displayGroup"": ""Story Name""}"
"MPH1110100105","storyname","15","false","true","true","true","true","true","{""displayGroup"": ""Story Name""}"
"MPH1110100106","storyname","19","false","true","true","true","true","true","{""displayGroup"": ""Story Name""}"
"MPH1110100107","storyname","25","false","true","true","true","true","true","{""displayGroup"": ""Story Name""}"
"MPH1110100108","storyname","26","false","true","true","true","true","true","{""displayGroup"": ""Story Name""}"
"MPH1110101100","storyname","21","false","true","true","true","true","true","{""displayGroup"": ""Story Name""}"
"MPH1110101101","storyname","20","false","true","true","true","true","true","{""displayGroup"": ""Story Name""}"
"MPH1110101102","storyname","21","false","true","true","true","true","true","{""displayGroup"": ""Story Name""}"
"MPH1110101103","storyname","20","false","true","true","true","true","true","{""displayGroup"": ""Story Name""}"
"MPH1110101104","storyname","18","false","true","true","true","true","true","{""displayGroup"": ""Story Name""}"
"MPH1110101105","storyname","20","false","true","true","true","true","true","{""displayGroup"": ""Story Name""}"
"MPH1110101106","storyname","19","false","true","true","true","true","true","{""displayGroup"": ""Story Name""}"
"MPH1110101107","storyname","19","false","true","true","true","true","true","{""displayGroup"": ""Story Name""}"
"MPH1110101108","storyname","19","false","true","true","true","true","true","{""displayGroup"": ""Story Name""}"
"MPH1110101109","storyname","22","false","true","true","true","true","true","{""displayGroup"": ""Story Name""}"
"MPH1110101110","storyname","18","false","true","true","true","true","true","{""displayGroup"": ""Story Name""}"
"MPH1110101111","storyname","19","false","true","true","true","true","true","{""displayGroup"": ""Story Name""}"
"MPH1110101112","storyname","19","false","true","true","true","true","true","{""displayGroup"": ""Story Name""}"
"MPH1110101113","storyname","19","false","true","true","true","true","true","{""displayGroup"": ""Story Name""}"
"MPH1110101114","storyname","20","false","true","true","true","true","true","{""displayGroup"": ""Story Name""}"
"MPH1110102100","storyname","20","false","true","true","true","true","true","{""displayGroup"": ""Story Name""}"
"MPH1110102101","storyname","21","false","true","true","true","true","true","{""displayGroup"": ""Story Name""}"
"MPH1110102102","storyname","23","false","true","true","true","true","true","{""displayGroup"": ""Story Name""}"
"MPH1110102103","storyname","20","false","true","true","true","true","true","{""displayGroup"": ""Story Name""}"
"MPH1110102104","storyname","22","false","true","true","true","true","true","{""displayGroup"": ""Story Name""}"
"MPH1110103100","storyname","20","false","true","true","true","true","true","{""displayGroup"": ""Story Name""}"
"MPH1110103101","storyname","21","false","true","true","true","true","true","{""displayGroup"": ""Story Name""}"
"MPH1110103102","storyname","17","false","true","true","true","true","true","{""displayGroup"": ""Story Name""}"
"MPH1110103103","storyname","15","false","true","true","true","true","true","{""displayGroup"": ""Story Name""}"
"MPH1110104100","storyname","21","false","true","true","true","true","true","{""displayGroup"": ""Story Name""}"
"MPH1110104101","storyname","19","false","true","true","true","true","true","{""displayGroup"": ""Story Name""}"
"MPH1110104102","storyname","22","false","true","true","true","true","true","{""displayGroup"": ""Story Name""}"
"MPH1110104103","storyname","19","false","true","true","true","true","true","{""displayGroup"": ""Story Name""}"
"MPH1110104104","storyname","19","false","true","true","true","true","true","{""displayGroup"": ""Story Name""}"
"MPH1110104105","storyname","18","false","true","true","true","true","true","{""displayGroup"": ""Story Name""}"
"MPH1110104106","storyname","20","false","true","true","true","true","true","{""displayGroup"": ""Story Name""}"
"MPH1110105100","storyname","24","false","true","true","true","true","true","{""displayGroup"": ""Story Name""}"
"MPH1110105101","storyname","22","false","true","true","true","true","true","{""displayGroup"": ""Story Name""}"
"MPH1110105102","storyname","26","false","true","true","true","true","true","{""displayGroup"": ""Story Name""}"
"MPH1110105103","storyname","21","false","true","true","true","true","true","{""displayGroup"": ""Story Name""}"
"MPH1110105104","storyname","19","false","true","true","true","true","true","{""displayGroup"": ""Story Name""}"
"MPH1110105105","storyname","19","false","true","true","true","true","true","{""displayGroup"": ""Story Name""}"
"MPH1110105106","storyname","17","false","true","true","true","true","true","{""displayGroup"": ""Story Name""}"
"MPH1110105107","storyname","22","false","true","true","true","true","true","{""displayGroup"": ""Story Name""}"
"MPH1110105108","storyname","16","false","true","true","true","true","true","{""displayGroup"": ""Story Name""}"
"MPH1110105109","storyname","21","false","true","true","true","true","true","{""displayGroup"": ""Story Name""}"
"MPH1110106100","storyname","14","false","true","true","true","true","true","{""displayGroup"": ""Story Name""}"
"MPH1111100100","storyname","19","false","true","true","true","true","true","{""displayGroup"": ""Story Name""}"
"MPH1111100101","storyname","19","false","true","true","true","true","true","{""displayGroup"": ""Story Name""}"
"MPH1111100102","storyname","22","false","true","true","true","true","true","{""displayGroup"": ""Story Name""}"
"MPH1111100103","storyname","19","false","true","true","true","true","true","{""displayGroup"": ""Story Name""}"
"MPH1111101100","storyname","20","false","true","true","true","true","true","{""displayGroup"": ""Story Name""}"
"MPH1111101101","storyname","20","false","true","true","true","true","true","{""displayGroup"": ""Story Name""}"
"MPH1111101102","storyname","19","false","true","true","true","true","true","{""displayGroup"": ""Story Name""}"
"MPH1111101103","storyname","19","false","true","true","true","true","true","{""displayGroup"": ""Story Name""}"
"MPH1111101104","storyname","18","false","true","true","true","true","true","{""displayGroup"": ""Story Name""}"
"MPH1111101105","storyname","19","false","true","true","true","true","true","{""displayGroup"": ""Story Name""}"
"MPH1111101106","storyname","18","false","true","true","true","true","true","{""displayGroup"": ""Story Name""}"
"MPH1111101107","storyname","18","false","true","true","true","true","true","{""displayGroup"": ""Story Name""}"
"MPH1111101108","storyname","18","false","true","true","true","true","true","{""displayGroup"": ""Story Name""}"
"MPH1111101109","storyname","18","false","true","true","true","true","true","{""displayGroup"": ""Story Name""}"
"MPH1111102100","storyname","22","false","true","true","true","true","true","{""displayGroup"": ""Story Name""}"
"MPH1111102101","storyname","21","false","true","true","true","true","true","{""displayGroup"": ""Story Name""}"
"MPH1111102102","storyname","20","false","true","true","true","true","true","{""displayGroup"": ""Story Name""}"
"MPH1111102103","storyname","21","false","true","true","true","true","true","{""displayGroup"": ""Story Name""}"
"MPH1111102105","storyname","19","false","true","true","true","true","true","{""displayGroup"": ""Story Name""}"
"MPH1111102104 ","storyname","19","false","true","true","true","true","true","{""displayGroup"": ""Story Name""}"
"MPH1111103100","storyname","18","false","true","true","true","true","true","{""displayGroup"": ""Story Name""}"
"MPH1111103101","storyname","19","false","true","true","true","true","true","{""displayGroup"": ""Story Name""}"
"MPH1111103102","storyname","16","false","true","true","true","true","true","{""displayGroup"": ""Story Name""}"
"MPH1111103103","storyname","20","false","true","true","true","true","true","{""displayGroup"": ""Story Name""}"
"MPH1111103104","storyname","17","false","true","true","true","true","true","{""displayGroup"": ""Story Name""}"
"MPH1111103105","storyname","18","false","true","true","true","true","true","{""displayGroup"": ""Story Name""}"
"MPH1111103106","storyname","19","false","true","true","true","true","true","{""displayGroup"": ""Story Name""}"
"MPH1111103107","storyname","18","false","true","true","true","true","true","{""displayGroup"": ""Story Name""}"
"MPH1111103108","storyname","18","false","true","true","true","true","true","{""displayGroup"": ""Story Name""}"
"MPH1111103109","storyname","13","false","true","true","true","true","true","{""displayGroup"": ""Story Name""}"
"MPH1111104100","storyname","18","false","true","true","true","true","true","{""displayGroup"": ""Story Name""}"
"MPH1111104101","storyname","19","false","true","true","true","true","true","{""displayGroup"": ""Story Name""}"
"MPH1111104102","storyname","19","false","true","true","true","true","true","{""displayGroup"": ""Story Name""}"
"MPH1111104103","storyname","21","false","true","true","true","true","true","{""displayGroup"": ""Story Name""}"
"MPH1111104104","storyname","20","false","true","true","true","true","true","{""displayGroup"": ""Story Name""}"
"MPH1111104105","storyname","19","false","true","true","true","true","true","{""displayGroup"": ""Story Name""}"
"MPH1111104106","storyname","17","false","true","true","true","true","true","{""displayGroup"": ""Story Name""}"
"MPH1111105100","storyname","15","false","true","true","true","true","true","{""displayGroup"": ""Story Name""}"
"MPH1110100107","setitems","26","false","true","true","true","true","true","{""displayGroup"": ""Set Items""}"
"MPH1110100106","dresslength","20","false","true","true","true","true","true","{""displayGroup"": ""Dress Length""}"
"MPH1110100106","dressshape","21","false","true","true","true","true","true","{""displayGroup"": ""Dress Shape""}"
"MPH1111102104 ","waistrise","20","false","true","true","true","true","true","{""displayGroup"": ""Waist Rise""}"
"MPH1111100104","colorfamilyapparel","2","false","true","true","true","true","true","{""displayGroup"": ""Color Family""}"
"MPH1111100104","stylecode","3","false","true","true","true","true","true","{""displayGroup"": ""Style Code""}"
"MPH1111100104","colorapparel","4","false","true","true","true","true","true","{""displayGroup"": ""Color""}"
"MPH1111100105","colorfamilyapparel","2","false","true","true","true","true","true","{""displayGroup"": ""Color Family""}"
"MPH1111100105","stylecode","3","false","true","true","true","true","true","{""displayGroup"": ""Style Code""}"
"MPH1111100105","colorapparel","4","false","true","true","true","true","true","{""displayGroup"": ""Color""}"
"MPH1111100106","colorfamilyapparel","2","false","true","true","true","true","true","{""displayGroup"": ""Color Family""}"
"MPH1111100106","stylecode","3","false","true","true","true","true","true","{""displayGroup"": ""Style Code""}"
"MPH1111100106","colorapparel","4","false","true","true","true","true","true","{""displayGroup"": ""Color""}"
"MPH1111101110","colorfamilyapparel","5","false","true","true","true","true","true","{""displayGroup"": ""Color Family""}"
"MPH1111101110","stylecode","6","false","true","true","true","true","true","{""displayGroup"": ""Style Code""}"
"MPH1111101110","colorapparel","7","false","true","true","true","true","true","{""displayGroup"": ""Color""}"
"MPH1111101111","colorfamilyapparel","5","false","true","true","true","true","true","{""displayGroup"": ""Color Family""}"
"MPH1111101111","stylecode","6","false","true","true","true","true","true","{""displayGroup"": ""Style Code""}"
"MPH1111101111","colorapparel","7","false","true","true","true","true","true","{""displayGroup"": ""Color""}"
"MPH1111101112","colorfamilyapparel","5","false","true","true","true","true","true","{""displayGroup"": ""Color Family""}"
"MPH1111101112","stylecode","6","false","true","true","true","true","true","{""displayGroup"": ""Style Code""}"
"MPH1111101112","colorapparel","7","false","true","true","true","true","true","{""displayGroup"": ""Color""}"
"MPH1111103110","colorfamilyapparel","2","false","true","true","true","true","true","{""displayGroup"": ""Color Family""}"
"MPH1111103110","stylecode","3","false","true","true","true","true","true","{""displayGroup"": ""Style Code""}"
"MPH1111103110","colorapparel","4","false","true","true","true","true","true","{""displayGroup"": ""Color""}"
"MPH1111103111","colorfamilyapparel","2","false","true","true","true","true","true","{""displayGroup"": ""Color Family""}"
"MPH1111103111","stylecode","3","false","true","true","true","true","true","{""displayGroup"": ""Style Code""}"
"MPH1111103111","colorapparel","4","false","true","true","true","true","true","{""displayGroup"": ""Color""}"
"MPH1111103112","colorfamilyapparel","2","false","true","true","true","true","true","{""displayGroup"": ""Color Family""}"
"MPH1111103112","stylecode","3","false","true","true","true","true","true","{""displayGroup"": ""Style Code""}"
"MPH1111103112","colorapparel","4","false","true","true","true","true","true","{""displayGroup"": ""Color""}"
"MPH1110100109","colorfamilyapparel","2","false","true","true","true","true","true","{""displayGroup"": ""Color Family""}"
"MPH1110100109","stylecode","3","false","true","true","true","true","true","{""displayGroup"": ""Style Code""}"
"MPH1110100109","colorapparel","4","false","true","true","true","true","true","{""displayGroup"": ""Color""}"
"MPH1110100110","colorfamilyapparel","2","false","true","true","true","true","true","{""displayGroup"": ""Color Family""}"
"MPH1110100110","stylecode","3","false","true","true","true","true","true","{""displayGroup"": ""Style Code""}"
"MPH1110100110","colorapparel","4","false","true","true","true","true","true","{""displayGroup"": ""Color""}"
"MPH1110100111","colorfamilyapparel","2","false","true","true","true","true","true","{""displayGroup"": ""Color Family""}"
"MPH1110100111","stylecode","3","false","true","true","true","true","true","{""displayGroup"": ""Style Code""}"
"MPH1110100111","colorapparel","4","false","true","true","true","true","true","{""displayGroup"": ""Color""}"
"MPH1111100104","stylenote","5","false","true","true","true","true","true","{""displayGroup"": ""Style Note""}"
"MPH1111100105","stylenote","5","false","true","true","true","true","true","{""displayGroup"": ""Style Note""}"
"MPH1111100106","stylenote","5","false","true","true","true","true","true","{""displayGroup"": ""Style Note""}"
"MPH1111101110","stylenote","8","false","true","true","true","true","true","{""displayGroup"": ""Style Note""}"
"MPH1111101111","stylenote","8","false","true","true","true","true","true","{""displayGroup"": ""Style Note""}"
"MPH1111101112","stylenote","8","false","true","true","true","true","true","{""displayGroup"": ""Style Note""}"
"MPH1111103110","stylenote","5","false","true","true","true","true","true","{""displayGroup"": ""Style Note""}"
"MPH1111103111","stylenote","5","false","true","true","true","true","true","{""displayGroup"": ""Style Note""}"
"MPH1111103112","stylenote","5","false","true","true","true","true","true","{""displayGroup"": ""Style Note""}"
"MPH1110100109","stylenote","5","false","true","true","true","true","true","{""displayGroup"": ""Style Note""}"
"MPH1110100110","stylenote","5","false","true","true","true","true","true","{""displayGroup"": ""Style Note""}"
"MPH1110100111","stylenote","5","false","true","true","true","true","true","{""displayGroup"": ""Style Note""}"
"MPH1111100104","multipack","6","false","true","true","true","true","true","{""displayGroup"": ""Multi Pack""}"
"MPH1111100105","multipack","6","false","true","true","true","true","true","{""displayGroup"": ""Multi Pack""}"
"MPH1111100106","multipack","6","false","true","true","true","true","true","{""displayGroup"": ""Multi Pack""}"
"MPH1111101110","multipack","9","false","true","true","true","true","true","{""displayGroup"": ""Multi Pack""}"
"MPH1111101111","multipack","9","false","true","true","true","true","true","{""displayGroup"": ""Multi Pack""}"
"MPH1111101112","multipack","9","false","true","true","true","true","true","{""displayGroup"": ""Multi Pack""}"
"MPH1111103110","multipack","6","false","true","true","true","true","true","{""displayGroup"": ""Multi Pack""}"
"MPH1111103111","multipack","6","false","true","true","true","true","true","{""displayGroup"": ""Multi Pack""}"
"MPH1111103112","multipack","6","false","true","true","true","true","true","{""displayGroup"": ""Multi Pack""}"
"MPH1110100109","multipack","6","false","true","true","true","true","true","{""displayGroup"": ""Multi Pack""}"
"MPH1110100110","multipack","6","false","true","true","true","true","true","{""displayGroup"": ""Multi Pack""}"
"MPH1110100111","multipack","6","false","true","true","true","true","true","{""displayGroup"": ""Multi Pack""}"
"MPH1111100104","packquantity","7","false","true","true","true","true","true","{""displayGroup"": ""Pack Quantity""}"
"MPH1111100105","packquantity","7","false","true","true","true","true","true","{""displayGroup"": ""Pack Quantity""}"
"MPH1111100106","packquantity","7","false","true","true","true","true","true","{""displayGroup"": ""Pack Quantity""}"
"MPH1111101110","packquantity","10","false","true","true","true","true","true","{""displayGroup"": ""Pack Quantity""}"
"MPH1111101111","packquantity","10","false","true","true","true","true","true","{""displayGroup"": ""Pack Quantity""}"
"MPH1111101112","packquantity","10","false","true","true","true","true","true","{""displayGroup"": ""Pack Quantity""}"
"MPH1111103110","packquantity","7","false","true","true","true","true","true","{""displayGroup"": ""Pack Quantity""}"
"MPH1111103111","packquantity","7","false","true","true","true","true","true","{""displayGroup"": ""Pack Quantity""}"
"MPH1111103112","packquantity","7","false","true","true","true","true","true","{""displayGroup"": ""Pack Quantity""}"
"MPH1110100109","packquantity","7","false","true","true","true","true","true","{""displayGroup"": ""Pack Quantity""}"
"MPH1110100110","packquantity","7","false","true","true","true","true","true","{""displayGroup"": ""Pack Quantity""}"
"MPH1110100111","packquantity","7","false","true","true","true","true","true","{""displayGroup"": ""Pack Quantity""}"
"MPH1111100104","packcolor","8","false","true","true","true","true","true","{""displayGroup"": ""Pack Color""}"
"MPH1111100105","packcolor","8","false","true","true","true","true","true","{""displayGroup"": ""Pack Color""}"
"MPH1111100106","packcolor","8","false","true","true","true","true","true","{""displayGroup"": ""Pack Color""}"
"MPH1111101110","packcolor","11","false","true","true","true","true","true","{""displayGroup"": ""Pack Color""}"
"MPH1111101111","packcolor","11","false","true","true","true","true","true","{""displayGroup"": ""Pack Color""}"
"MPH1111101112","packcolor","11","false","true","true","true","true","true","{""displayGroup"": ""Pack Color""}"
"MPH1111103110","packcolor","8","false","true","true","true","true","true","{""displayGroup"": ""Pack Color""}"
"MPH1111103111","packcolor","8","false","true","true","true","true","true","{""displayGroup"": ""Pack Color""}"
"MPH1111103112","packcolor","8","false","true","true","true","true","true","{""displayGroup"": ""Pack Color""}"
"MPH1110100109","packcolor","8","false","true","true","true","true","true","{""displayGroup"": ""Pack Color""}"
"MPH1110100110","packcolor","8","false","true","true","true","true","true","{""displayGroup"": ""Pack Color""}"
"MPH1110100111","packcolor","8","false","true","true","true","true","true","{""displayGroup"": ""Pack Color""}"
"MPH1111100104","featureapparel","9","false","true","true","true","true","true","{""displayGroup"": ""Feature""}"
"MPH1111100105","featureapparel","9","false","true","true","true","true","true","{""displayGroup"": ""Feature""}"
"MPH1111100106","featureapparel","9","false","true","true","true","true","true","{""displayGroup"": ""Feature""}"
"MPH1111101110","featureapparel","12","false","true","true","true","true","true","{""displayGroup"": ""Feature""}"
"MPH1111101111","featureapparel","12","false","true","true","true","true","true","{""displayGroup"": ""Feature""}"
"MPH1111101112","featureapparel","12","false","true","true","true","true","true","{""displayGroup"": ""Feature""}"
"MPH1111103110","featureapparel","9","false","true","true","true","true","true","{""displayGroup"": ""Feature""}"
"MPH1111103111","featureapparel","9","false","true","true","true","true","true","{""displayGroup"": ""Feature""}"
"MPH1111103112","featureapparel","9","false","true","true","true","true","true","{""displayGroup"": ""Feature""}"
"MPH1110100109","featureapparel","9","false","true","true","true","true","true","{""displayGroup"": ""Feature""}"
"MPH1110100110","featureapparel","9","false","true","true","true","true","true","{""displayGroup"": ""Feature""}"
"MPH1110100111","featureapparel","9","false","true","true","true","true","true","{""displayGroup"": ""Feature""}"
"MPH1110101115","colorfamilyapparel","2","false","true","true","true","true","true","{""displayGroup"": ""Color Family""}"
"MPH1110101115","stylecode","3","false","true","true","true","true","true","{""displayGroup"": ""Style Code""}"
"MPH1110101115","colorapparel","4","false","true","true","true","true","true","{""displayGroup"": ""Color""}"
"MPH1110101115","stylenote","5","false","true","true","true","true","true","{""displayGroup"": ""Style Note""}"
"MPH1110101115","multipack","6","false","true","true","true","true","true","{""displayGroup"": ""Multi Pack""}"
"MPH1110101115","packquantity","7","false","true","true","true","true","true","{""displayGroup"": ""Pack Quantity""}"
"MPH1110101115","packcolor","8","false","true","true","true","true","true","{""displayGroup"": ""Pack Color""}"
"MPH1110101116","colorfamilyapparel","2","false","true","true","true","true","true","{""displayGroup"": ""Color Family""}"
"MPH1110101116","stylecode","3","false","true","true","true","true","true","{""displayGroup"": ""Style Code""}"
"MPH1110101116","colorapparel","4","false","true","true","true","true","true","{""displayGroup"": ""Color""}"
"MPH1110101116","stylenote","5","false","true","true","true","true","true","{""displayGroup"": ""Style Note""}"
"MPH1110101116","multipack","6","false","true","true","true","true","true","{""displayGroup"": ""Multi Pack""}"
"MPH1110101116","packquantity","7","false","true","true","true","true","true","{""displayGroup"": ""Pack Quantity""}"
"MPH1110101116","packcolor","8","false","true","true","true","true","true","{""displayGroup"": ""Pack Color""}"
"MPH1110101117","colorfamilyapparel","2","false","true","true","true","true","true","{""displayGroup"": ""Color Family""}"
"MPH1110101117","stylecode","3","false","true","true","true","true","true","{""displayGroup"": ""Style Code""}"
"MPH1110101117","colorapparel","4","false","true","true","true","true","true","{""displayGroup"": ""Color""}"
"MPH1110101117","stylenote","5","false","true","true","true","true","true","{""displayGroup"": ""Style Note""}"
"MPH1110101117","multipack","6","false","true","true","true","true","true","{""displayGroup"": ""Multi Pack""}"
"MPH1110101117","packquantity","7","false","true","true","true","true","true","{""displayGroup"": ""Pack Quantity""}"
"MPH1110101117","packcolor","8","false","true","true","true","true","true","{""displayGroup"": ""Pack Color""}"
"MPH1110106103","womensleepwearsize","1","false","true","true","true","true","true","{""displayGroup"": ""Size""}"
"MPH1111102106 ","colorfamilyapparel","2","false","true","true","true","true","true","{""displayGroup"": ""Color Family""}"
"MPH1111102106 ","stylecode","3","false","true","true","true","true","true","{""displayGroup"": ""Style Code""}"
"MPH1111102106 ","colorapparel","4","false","true","true","true","true","true","{""displayGroup"": ""Color""}"
"MPH1111102106 ","stylenote","5","false","true","true","true","true","true","{""displayGroup"": ""Style Note""}"
"MPH1111102106 ","multipack","6","false","true","true","true","true","true","{""displayGroup"": ""Multi Pack""}"
"MPH1111102106 ","packquantity","7","false","true","true","true","true","true","{""displayGroup"": ""Pack Quantity""}"
"MPH1111102106 ","packcolor","8","false","true","true","true","true","true","{""displayGroup"": ""Pack Color""}"
"MPH1111104107","colorfamilyapparel","5","false","true","true","true","true","true","{""displayGroup"": ""Color Family""}"
"MPH1111104107","stylecode","6","false","true","true","true","true","true","{""displayGroup"": ""Style Code""}"
"MPH1111104107","colorapparel","7","false","true","true","true","true","true","{""displayGroup"": ""Color""}"
"MPH1111104107","stylenote","8","false","true","true","true","true","true","{""displayGroup"": ""Style Note""}"
"MPH1111104107","multipack","9","false","true","true","true","true","true","{""displayGroup"": ""Multi Pack""}"
"MPH1111104107","packquantity","10","false","true","true","true","true","true","{""displayGroup"": ""Pack Quantity""}"
"MPH1111104107","packcolor","11","false","true","true","true","true","true","{""displayGroup"": ""Pack Color""}"
"MPH1110104107","womencasualtopwearsize","1","false","true","true","true","true","true","{""displayGroup"": ""Size""}"
"MPH1110104108","womencasualtopwearsize","1","false","true","true","true","true","true","{""displayGroup"": ""Size""}"
"MPH1110104109","womenformalbottomwearsize","1","false","true","true","true","true","true","{""displayGroup"": ""Size""}"
"MPH1110103103","womencasualtopwearsize","16","false","true","true","true","true","true","{""displayGroup"": ""Size""}"
"MPH1110101117","ageband","9","false","true","true","true","true","true","{""displayGroup"": ""Age Band""}"
"MPH1110100111","ageband","10","false","true","true","true","true","true","{""displayGroup"": ""Age Band""}"
"MPH1110101117","displayproduct","10","false","true","true","true","true","true","{""displayGroup"": ""Display Product Name""}"
"MPH1110100111","displayproduct","11","false","true","true","true","true","true","{""displayGroup"": ""Display Product Name""}"
"MPH1110101117","fabricapparel","11","false","true","true","true","true","true","{""displayGroup"": ""Fabric""}"
"MPH1110100111","fabricapparel","12","false","true","true","true","true","true","{""displayGroup"": ""Fabric""}"
"MPH1110101117","womenfabric","12","false","true","true","true","true","true","{""displayGroup"": ""Fabric Family""}"
"MPH1110100111","womenfabric","13","false","true","true","true","true","true","{""displayGroup"": ""Fabric Family""}"
"MPH1110101117","womentopwearfit","13","false","true","true","true","true","true","{""displayGroup"": ""Fit""}"
"MPH1110100111","womentopwearfit","14","false","true","true","true","true","true","{""displayGroup"": ""Fit""}"
"MPH1110101117","modelfit","14","false","true","true","true","true","true","{""displayGroup"": ""Model fit""}"
"MPH1110100111","modelfit","15","false","true","true","true","true","true","{""displayGroup"": ""Model fit""}"
"MPH1110101117","womenethinictopwearneckcollar","15","false","true","true","true","true","true","{""displayGroup"": ""Neck/Collar""}"
"MPH1110100111","womenethinictopwearneckcollar","16","false","true","true","true","true","true","{""displayGroup"": ""Neck/Collar""}"
"MPH1110101117","occasion","16","false","true","true","true","true","true","{""displayGroup"": ""Occasion""}"
"MPH1110100111","occasion","17","false","true","true","true","true","true","{""displayGroup"": ""Occasion""}"
"MPH1110101117","womensetcontents","17","false","true","true","true","true","true","{""displayGroup"": ""Set Contents""}"
"MPH1110100111","womensetcontents","18","false","true","true","true","true","true","{""displayGroup"": ""Set Contents""}"
"MPH1110101117","setitems","18","false","true","true","true","true","true","{""displayGroup"": ""Set Items""}"
"MPH1110100111","setitems","19","false","true","true","true","true","true","{""displayGroup"": ""Set Items""}"
"MPH1110101117","sizechart","19","false","true","true","true","true","true","{""displayGroup"": ""Size chart""}"
"MPH1110100111","sizechart","20","false","true","true","true","true","true","{""displayGroup"": ""Size chart""}"
"MPH1110101117","womensleeve","20","false","true","true","true","true","true","{""displayGroup"": ""Sleeve""}"
"MPH1110100111","womensleeve","21","false","true","true","true","true","true","{""displayGroup"": ""Sleeve""}"
"MPH1110101117","washcare","21","false","true","true","true","true","true","{""displayGroup"": ""Wash Care""}"
"MPH1110100111","washcare","22","false","true","true","true","true","true","{""displayGroup"": ""Wash Care""}"
"MPH1110101117","weightapparel","22","false","true","true","true","true","true","{""displayGroup"": ""Weight""}"
"MPH1110100111","weightapparel","23","false","true","true","true","true","true","{""displayGroup"": ""Weight""}"
"MPH1111101110","sizechart","13","false","true","true","true","true","true","{""displayGroup"": ""Size chart""}"
