Standard Commons Logging discovery in action with spring-jcl: please remove commons-logging.jar from classpath in order to avoid potential conflicts

  .   ____          _            __ _ _
 /\\ / ___'_ __ _ _(_)_ __  __ _ \ \ \ \
( ( )\___ | '_ | '_| | '_ \/ _` | \ \ \ \
 \\/  ___)| |_)| | | | | || (_| |  ) ) ) )
  '  |____| .__|_| |_|_| |_\__, | / / / /
 =========|_|==============|___/=/_/_/_/

 :: Spring Boot ::                (v3.4.2)

2025-03-20T11:17:41.731+05:30  INFO 19935 --- [discovery-service] [           main] c.s.d.DiscoveryServiceApplication        : Starting DiscoveryServiceApplication v0.0.1-SNAPSHOT using Java 23 with PID 19935 (/Users/pponali/Library/CloudStorage/OneDrive-TataCLiQ/practice/catalog-sql/discovery-service/target/discovery-service-0.0.1-SNAPSHOT.jar started by pponali in /Users/pponali/Library/CloudStorage/OneDrive-TataCLiQ/practice/catalog-sql/discovery-service)
2025-03-20T11:17:41.734+05:30  INFO 19935 --- [discovery-service] [           main] c.s.d.DiscoveryServiceApplication        : No active profile set, falling back to 1 default profile: "default"
2025-03-20T11:17:42.470+05:30  INFO 19935 --- [discovery-service] [           main] o.s.cloud.context.scope.GenericScope     : BeanFactory id=89f27104-72ce-3d49-a3ce-4f002a6b148f
2025-03-20T11:17:42.646+05:30  INFO 19935 --- [discovery-service] [           main] o.s.b.w.embedded.tomcat.TomcatWebServer  : Tomcat initialized with port 8086 (http)
2025-03-20T11:17:42.654+05:30  INFO 19935 --- [discovery-service] [           main] o.apache.catalina.core.StandardService   : Starting service [Tomcat]
2025-03-20T11:17:42.654+05:30  INFO 19935 --- [discovery-service] [           main] o.apache.catalina.core.StandardEngine    : Starting Servlet engine: [Apache Tomcat/10.1.34]
2025-03-20T11:17:42.671+05:30  INFO 19935 --- [discovery-service] [           main] o.a.c.c.C.[Tomcat].[localhost].[/]       : Initializing Spring embedded WebApplicationContext
2025-03-20T11:17:42.671+05:30  INFO 19935 --- [discovery-service] [           main] w.s.c.ServletWebServerApplicationContext : Root WebApplicationContext: initialization completed in 896 ms
Standard Commons Logging discovery in action with spring-jcl: please remove commons-logging.jar from classpath in order to avoid potential conflicts
2025-03-20T11:17:43.241+05:30  INFO 19935 --- [discovery-service] [           main] c.n.d.provider.DiscoveryJerseyProvider   : Using JSON encoding codec LegacyJacksonJson
2025-03-20T11:17:43.242+05:30  INFO 19935 --- [discovery-service] [           main] c.n.d.provider.DiscoveryJerseyProvider   : Using JSON decoding codec LegacyJacksonJson
2025-03-20T11:17:43.363+05:30  INFO 19935 --- [discovery-service] [           main] c.n.d.provider.DiscoveryJerseyProvider   : Using XML encoding codec XStreamXml
2025-03-20T11:17:43.363+05:30  INFO 19935 --- [discovery-service] [           main] c.n.d.provider.DiscoveryJerseyProvider   : Using XML decoding codec XStreamXml
2025-03-20T11:17:43.450+05:30  INFO 19935 --- [discovery-service] [           main] o.s.v.b.OptionalValidatorFactoryBean     : Failed to set up a Bean Validation provider: jakarta.validation.NoProviderFoundException: Unable to create a Configuration, because no Jakarta Bean Validation provider could be found. Add a provider like Hibernate Validator (RI) to your classpath.
2025-03-20T11:17:43.923+05:30  WARN 19935 --- [discovery-service] [           main] iguration$LoadBalancerCaffeineWarnLogger : Spring Cloud LoadBalancer is currently working with the default cache. While this cache implementation is useful for development and tests, it's recommended to use Caffeine cache in production.You can switch to using Caffeine cache, by adding it and org.springframework.cache.caffeine.CaffeineCacheManager to the classpath.
2025-03-20T11:17:43.933+05:30  INFO 19935 --- [discovery-service] [           main] o.s.c.n.eureka.InstanceInfoFactory       : Setting initial instance status as: STARTING
2025-03-20T11:17:43.942+05:30  INFO 19935 --- [discovery-service] [           main] com.netflix.discovery.DiscoveryClient    : Initializing Eureka in region us-east-1
2025-03-20T11:17:43.942+05:30  INFO 19935 --- [discovery-service] [           main] com.netflix.discovery.DiscoveryClient    : Client configured to neither register nor query for data.
2025-03-20T11:17:43.943+05:30  INFO 19935 --- [discovery-service] [           main] com.netflix.discovery.DiscoveryClient    : Discovery Client initialized at timestamp 1742449663943 with initial instances count: 0
2025-03-20T11:17:43.966+05:30  INFO 19935 --- [discovery-service] [           main] c.n.eureka.DefaultEurekaServerContext    : Initializing ...
2025-03-20T11:17:43.967+05:30  INFO 19935 --- [discovery-service] [           main] c.n.eureka.cluster.PeerEurekaNodes       : Adding new peer nodes [http://localhost:8761/eureka/]
2025-03-20T11:17:44.063+05:30  INFO 19935 --- [discovery-service] [           main] c.n.d.provider.DiscoveryJerseyProvider   : Using JSON encoding codec LegacyJacksonJson
2025-03-20T11:17:44.063+05:30  INFO 19935 --- [discovery-service] [           main] c.n.d.provider.DiscoveryJerseyProvider   : Using JSON decoding codec LegacyJacksonJson
2025-03-20T11:17:44.063+05:30  INFO 19935 --- [discovery-service] [           main] c.n.d.provider.DiscoveryJerseyProvider   : Using XML encoding codec XStreamXml
2025-03-20T11:17:44.063+05:30  INFO 19935 --- [discovery-service] [           main] c.n.d.provider.DiscoveryJerseyProvider   : Using XML decoding codec XStreamXml
2025-03-20T11:17:44.087+05:30  INFO 19935 --- [discovery-service] [           main] c.n.eureka.cluster.PeerEurekaNodes       : Replica node URL:  http://localhost:8761/eureka/
2025-03-20T11:17:44.091+05:30  INFO 19935 --- [discovery-service] [           main] c.n.e.registry.AbstractInstanceRegistry  : Finished initializing remote region registries. All known remote regions: []
2025-03-20T11:17:44.092+05:30  INFO 19935 --- [discovery-service] [           main] c.n.eureka.DefaultEurekaServerContext    : Initialized
2025-03-20T11:17:44.099+05:30  INFO 19935 --- [discovery-service] [           main] o.s.b.a.e.web.EndpointLinksResolver      : Exposing 18 endpoints beneath base path '/actuator'
2025-03-20T11:17:44.141+05:30  INFO 19935 --- [discovery-service] [           main] o.s.c.n.e.s.EurekaServiceRegistry        : Registering application DISCOVERY-SERVICE with eureka with status UP
2025-03-20T11:17:44.148+05:30  INFO 19935 --- [discovery-service] [       Thread-9] o.s.c.n.e.server.EurekaServerBootstrap   : isAws returned false
2025-03-20T11:17:44.148+05:30  INFO 19935 --- [discovery-service] [       Thread-9] o.s.c.n.e.server.EurekaServerBootstrap   : Initialized server context
2025-03-20T11:17:44.148+05:30  INFO 19935 --- [discovery-service] [       Thread-9] c.n.e.r.PeerAwareInstanceRegistryImpl    : Got 1 instances from neighboring DS node
2025-03-20T11:17:44.148+05:30  INFO 19935 --- [discovery-service] [       Thread-9] c.n.e.r.PeerAwareInstanceRegistryImpl    : Renew threshold is: 1
2025-03-20T11:17:44.148+05:30  INFO 19935 --- [discovery-service] [       Thread-9] c.n.e.r.PeerAwareInstanceRegistryImpl    : Changing status to UP
2025-03-20T11:17:44.150+05:30  INFO 19935 --- [discovery-service] [       Thread-9] e.s.EurekaServerInitializerConfiguration : Started Eureka Server
2025-03-20T11:17:44.173+05:30  INFO 19935 --- [discovery-service] [           main] o.s.b.w.embedded.tomcat.TomcatWebServer  : Tomcat started on port 8086 (http) with context path '/'
2025-03-20T11:17:44.174+05:30  INFO 19935 --- [discovery-service] [           main] .s.c.n.e.s.EurekaAutoServiceRegistration : Updating port to 8086
2025-03-20T11:17:44.200+05:30  INFO 19935 --- [discovery-service] [           main] c.s.d.DiscoveryServiceApplication        : Started DiscoveryServiceApplication in 2.811 seconds (process running for 3.347)
2025-03-20T11:18:44.158+05:30  INFO 19935 --- [discovery-service] [a-EvictionTimer] c.n.e.registry.AbstractInstanceRegistry  : Running the evict task with compensationTime 0ms
2025-03-20T11:19:44.159+05:30  INFO 19935 --- [discovery-service] [a-EvictionTimer] c.n.e.registry.AbstractInstanceRegistry  : Running the evict task with compensationTime 5ms
2025-03-20T11:20:44.163+05:30  INFO 19935 --- [discovery-service] [a-EvictionTimer] c.n.e.registry.AbstractInstanceRegistry  : Running the evict task with compensationTime 3ms
2025-03-20T11:21:44.165+05:30  INFO 19935 --- [discovery-service] [a-EvictionTimer] c.n.e.registry.AbstractInstanceRegistry  : Running the evict task with compensationTime 2ms
2025-03-20T11:22:44.165+05:30  INFO 19935 --- [discovery-service] [a-EvictionTimer] c.n.e.registry.AbstractInstanceRegistry  : Running the evict task with compensationTime 0ms
2025-03-20T11:23:44.166+05:30  INFO 19935 --- [discovery-service] [a-EvictionTimer] c.n.e.registry.AbstractInstanceRegistry  : Running the evict task with compensationTime 11ms
2025-03-20T11:24:44.169+05:30  INFO 19935 --- [discovery-service] [a-EvictionTimer] c.n.e.registry.AbstractInstanceRegistry  : Running the evict task with compensationTime 1ms
2025-03-20T11:25:44.174+05:30  INFO 19935 --- [discovery-service] [a-EvictionTimer] c.n.e.registry.AbstractInstanceRegistry  : Running the evict task with compensationTime 4ms
2025-03-20T11:26:44.176+05:30  INFO 19935 --- [discovery-service] [a-EvictionTimer] c.n.e.registry.AbstractInstanceRegistry  : Running the evict task with compensationTime 4ms
2025-03-20T11:27:44.175+05:30  INFO 19935 --- [discovery-service] [a-EvictionTimer] c.n.e.registry.AbstractInstanceRegistry  : Running the evict task with compensationTime 0ms
2025-03-20T11:28:44.185+05:30  INFO 19935 --- [discovery-service] [a-EvictionTimer] c.n.e.registry.AbstractInstanceRegistry  : Running the evict task with compensationTime 5ms
2025-03-20T11:29:44.187+05:30  INFO 19935 --- [discovery-service] [a-EvictionTimer] c.n.e.registry.AbstractInstanceRegistry  : Running the evict task with compensationTime 5ms
2025-03-20T11:30:44.189+05:30  INFO 19935 --- [discovery-service] [a-EvictionTimer] c.n.e.registry.AbstractInstanceRegistry  : Running the evict task with compensationTime 3ms
2025-03-20T11:31:44.196+05:30  INFO 19935 --- [discovery-service] [a-EvictionTimer] c.n.e.registry.AbstractInstanceRegistry  : Running the evict task with compensationTime 4ms
2025-03-20T11:32:44.118+05:30  INFO 19935 --- [discovery-service] [hresholdUpdater] c.n.e.r.PeerAwareInstanceRegistryImpl    : Current renewal threshold is : 0
2025-03-20T11:32:44.198+05:30  INFO 19935 --- [discovery-service] [a-EvictionTimer] c.n.e.registry.AbstractInstanceRegistry  : Running the evict task with compensationTime 4ms
2025-03-20T11:33:44.199+05:30  INFO 19935 --- [discovery-service] [a-EvictionTimer] c.n.e.registry.AbstractInstanceRegistry  : Running the evict task with compensationTime 1ms
2025-03-20T11:34:44.206+05:30  INFO 19935 --- [discovery-service] [a-EvictionTimer] c.n.e.registry.AbstractInstanceRegistry  : Running the evict task with compensationTime 1ms
2025-03-20T11:35:44.204+05:30  INFO 19935 --- [discovery-service] [a-EvictionTimer] c.n.e.registry.AbstractInstanceRegistry  : Running the evict task with compensationTime 4ms
2025-03-20T11:36:44.209+05:30  INFO 19935 --- [discovery-service] [a-EvictionTimer] c.n.e.registry.AbstractInstanceRegistry  : Running the evict task with compensationTime 4ms
2025-03-20T11:37:44.214+05:30  INFO 19935 --- [discovery-service] [a-EvictionTimer] c.n.e.registry.AbstractInstanceRegistry  : Running the evict task with compensationTime 0ms
2025-03-20T11:38:44.215+05:30  INFO 19935 --- [discovery-service] [a-EvictionTimer] c.n.e.registry.AbstractInstanceRegistry  : Running the evict task with compensationTime 5ms
2025-03-20T11:39:44.218+05:30  INFO 19935 --- [discovery-service] [a-EvictionTimer] c.n.e.registry.AbstractInstanceRegistry  : Running the evict task with compensationTime 2ms
2025-03-20T11:40:44.220+05:30  INFO 19935 --- [discovery-service] [a-EvictionTimer] c.n.e.registry.AbstractInstanceRegistry  : Running the evict task with compensationTime 2ms
2025-03-20T11:41:44.224+05:30  INFO 19935 --- [discovery-service] [a-EvictionTimer] c.n.e.registry.AbstractInstanceRegistry  : Running the evict task with compensationTime 3ms
2025-03-20T11:42:44.231+05:30  INFO 19935 --- [discovery-service] [a-EvictionTimer] c.n.e.registry.AbstractInstanceRegistry  : Running the evict task with compensationTime 0ms
2025-03-20T11:43:44.228+05:30  INFO 19935 --- [discovery-service] [a-EvictionTimer] c.n.e.registry.AbstractInstanceRegistry  : Running the evict task with compensationTime 4ms
2025-03-20T11:44:44.234+05:30  INFO 19935 --- [discovery-service] [a-EvictionTimer] c.n.e.registry.AbstractInstanceRegistry  : Running the evict task with compensationTime 4ms
2025-03-20T11:45:44.233+05:30  INFO 19935 --- [discovery-service] [a-EvictionTimer] c.n.e.registry.AbstractInstanceRegistry  : Running the evict task with compensationTime 0ms
2025-03-20T11:46:44.238+05:30  INFO 19935 --- [discovery-service] [a-EvictionTimer] c.n.e.registry.AbstractInstanceRegistry  : Running the evict task with compensationTime 4ms
2025-03-20T11:47:44.116+05:30  INFO 19935 --- [discovery-service] [hresholdUpdater] c.n.e.r.PeerAwareInstanceRegistryImpl    : Current renewal threshold is : 0
2025-03-20T11:47:44.241+05:30  INFO 19935 --- [discovery-service] [a-EvictionTimer] c.n.e.registry.AbstractInstanceRegistry  : Running the evict task with compensationTime 4ms
2025-03-20T11:48:44.247+05:30  INFO 19935 --- [discovery-service] [a-EvictionTimer] c.n.e.registry.AbstractInstanceRegistry  : Running the evict task with compensationTime 4ms
2025-03-20T11:49:44.250+05:30  INFO 19935 --- [discovery-service] [a-EvictionTimer] c.n.e.registry.AbstractInstanceRegistry  : Running the evict task with compensationTime 3ms
2025-03-20T11:50:44.255+05:30  INFO 19935 --- [discovery-service] [a-EvictionTimer] c.n.e.registry.AbstractInstanceRegistry  : Running the evict task with compensationTime 5ms
2025-03-20T11:51:44.258+05:30  INFO 19935 --- [discovery-service] [a-EvictionTimer] c.n.e.registry.AbstractInstanceRegistry  : Running the evict task with compensationTime 3ms
2025-03-20T11:52:44.258+05:30  INFO 19935 --- [discovery-service] [a-EvictionTimer] c.n.e.registry.AbstractInstanceRegistry  : Running the evict task with compensationTime 0ms
2025-03-20T11:53:44.261+05:30  INFO 19935 --- [discovery-service] [a-EvictionTimer] c.n.e.registry.AbstractInstanceRegistry  : Running the evict task with compensationTime 3ms
2025-03-20T11:54:44.264+05:30  INFO 19935 --- [discovery-service] [a-EvictionTimer] c.n.e.registry.AbstractInstanceRegistry  : Running the evict task with compensationTime 3ms
2025-03-20T11:55:44.264+05:30  INFO 19935 --- [discovery-service] [a-EvictionTimer] c.n.e.registry.AbstractInstanceRegistry  : Running the evict task with compensationTime 0ms
2025-03-20T11:56:44.287+05:30  INFO 19935 --- [discovery-service] [a-EvictionTimer] c.n.e.registry.AbstractInstanceRegistry  : Running the evict task with compensationTime 4ms
2025-03-20T11:57:44.282+05:30  INFO 19935 --- [discovery-service] [a-EvictionTimer] c.n.e.registry.AbstractInstanceRegistry  : Running the evict task with compensationTime 5ms
2025-03-20T11:58:44.287+05:30  INFO 19935 --- [discovery-service] [a-EvictionTimer] c.n.e.registry.AbstractInstanceRegistry  : Running the evict task with compensationTime 4ms
2025-03-20T11:59:44.292+05:30  INFO 19935 --- [discovery-service] [a-EvictionTimer] c.n.e.registry.AbstractInstanceRegistry  : Running the evict task with compensationTime 4ms
2025-03-20T12:00:44.303+05:30  INFO 19935 --- [discovery-service] [a-EvictionTimer] c.n.e.registry.AbstractInstanceRegistry  : Running the evict task with compensationTime 5ms
2025-03-20T12:01:44.301+05:30  INFO 19935 --- [discovery-service] [a-EvictionTimer] c.n.e.registry.AbstractInstanceRegistry  : Running the evict task with compensationTime 3ms
2025-03-20T12:02:44.113+05:30  INFO 19935 --- [discovery-service] [hresholdUpdater] c.n.e.r.PeerAwareInstanceRegistryImpl    : Current renewal threshold is : 0
2025-03-20T12:02:44.302+05:30  INFO 19935 --- [discovery-service] [a-EvictionTimer] c.n.e.registry.AbstractInstanceRegistry  : Running the evict task with compensationTime 2ms
2025-03-20T12:03:44.306+05:30  INFO 19935 --- [discovery-service] [a-EvictionTimer] c.n.e.registry.AbstractInstanceRegistry  : Running the evict task with compensationTime 3ms
2025-03-20T12:04:44.311+05:30  INFO 19935 --- [discovery-service] [a-EvictionTimer] c.n.e.registry.AbstractInstanceRegistry  : Running the evict task with compensationTime 5ms
2025-03-20T12:05:44.314+05:30  INFO 19935 --- [discovery-service] [a-EvictionTimer] c.n.e.registry.AbstractInstanceRegistry  : Running the evict task with compensationTime 2ms
2025-03-20T12:06:44.317+05:30  INFO 19935 --- [discovery-service] [a-EvictionTimer] c.n.e.registry.AbstractInstanceRegistry  : Running the evict task with compensationTime 3ms
2025-03-20T12:07:44.321+05:30  INFO 19935 --- [discovery-service] [a-EvictionTimer] c.n.e.registry.AbstractInstanceRegistry  : Running the evict task with compensationTime 4ms
2025-03-20T12:08:44.325+05:30  INFO 19935 --- [discovery-service] [a-EvictionTimer] c.n.e.registry.AbstractInstanceRegistry  : Running the evict task with compensationTime 2ms
2025-03-20T12:09:44.327+05:30  INFO 19935 --- [discovery-service] [a-EvictionTimer] c.n.e.registry.AbstractInstanceRegistry  : Running the evict task with compensationTime 4ms
2025-03-20T12:10:44.333+05:30  INFO 19935 --- [discovery-service] [a-EvictionTimer] c.n.e.registry.AbstractInstanceRegistry  : Running the evict task with compensationTime 5ms
2025-03-20T12:11:44.353+05:30  INFO 19935 --- [discovery-service] [a-EvictionTimer] c.n.e.registry.AbstractInstanceRegistry  : Running the evict task with compensationTime 3ms
2025-03-20T12:12:44.361+05:30  INFO 19935 --- [discovery-service] [a-EvictionTimer] c.n.e.registry.AbstractInstanceRegistry  : Running the evict task with compensationTime 4ms
2025-03-20T12:13:44.361+05:30  INFO 19935 --- [discovery-service] [a-EvictionTimer] c.n.e.registry.AbstractInstanceRegistry  : Running the evict task with compensationTime 0ms
2025-03-20T12:14:44.364+05:30  INFO 19935 --- [discovery-service] [a-EvictionTimer] c.n.e.registry.AbstractInstanceRegistry  : Running the evict task with compensationTime 3ms
2025-03-20T12:15:44.373+05:30  INFO 19935 --- [discovery-service] [a-EvictionTimer] c.n.e.registry.AbstractInstanceRegistry  : Running the evict task with compensationTime 1ms
2025-03-20T12:16:44.374+05:30  INFO 19935 --- [discovery-service] [a-EvictionTimer] c.n.e.registry.AbstractInstanceRegistry  : Running the evict task with compensationTime 0ms
2025-03-20T12:17:44.140+05:30  INFO 19935 --- [discovery-service] [hresholdUpdater] c.n.e.r.PeerAwareInstanceRegistryImpl    : Current renewal threshold is : 0
2025-03-20T12:17:44.371+05:30  INFO 19935 --- [discovery-service] [a-EvictionTimer] c.n.e.registry.AbstractInstanceRegistry  : Running the evict task with compensationTime 5ms
2025-03-20T12:18:44.375+05:30  INFO 19935 --- [discovery-service] [a-EvictionTimer] c.n.e.registry.AbstractInstanceRegistry  : Running the evict task with compensationTime 3ms
2025-03-20T12:19:44.381+05:30  INFO 19935 --- [discovery-service] [a-EvictionTimer] c.n.e.registry.AbstractInstanceRegistry  : Running the evict task with compensationTime 5ms
2025-03-20T12:20:44.385+05:30  INFO 19935 --- [discovery-service] [a-EvictionTimer] c.n.e.registry.AbstractInstanceRegistry  : Running the evict task with compensationTime 2ms
2025-03-20T12:21:44.387+05:30  INFO 19935 --- [discovery-service] [a-EvictionTimer] c.n.e.registry.AbstractInstanceRegistry  : Running the evict task with compensationTime 3ms
2025-03-20T12:22:44.390+05:30  INFO 19935 --- [discovery-service] [a-EvictionTimer] c.n.e.registry.AbstractInstanceRegistry  : Running the evict task with compensationTime 3ms
2025-03-20T12:23:44.396+05:30  INFO 19935 --- [discovery-service] [a-EvictionTimer] c.n.e.registry.AbstractInstanceRegistry  : Running the evict task with compensationTime 5ms
2025-03-20T12:24:44.401+05:30  INFO 19935 --- [discovery-service] [a-EvictionTimer] c.n.e.registry.AbstractInstanceRegistry  : Running the evict task with compensationTime 4ms
2025-03-20T12:25:44.406+05:30  INFO 19935 --- [discovery-service] [a-EvictionTimer] c.n.e.registry.AbstractInstanceRegistry  : Running the evict task with compensationTime 5ms
2025-03-20T12:26:44.410+05:30  INFO 19935 --- [discovery-service] [a-EvictionTimer] c.n.e.registry.AbstractInstanceRegistry  : Running the evict task with compensationTime 4ms
2025-03-20T12:27:44.411+05:30  INFO 19935 --- [discovery-service] [a-EvictionTimer] c.n.e.registry.AbstractInstanceRegistry  : Running the evict task with compensationTime 0ms
2025-03-20T12:28:44.413+05:30  INFO 19935 --- [discovery-service] [a-EvictionTimer] c.n.e.registry.AbstractInstanceRegistry  : Running the evict task with compensationTime 2ms
2025-03-20T12:29:44.415+05:30  INFO 19935 --- [discovery-service] [a-EvictionTimer] c.n.e.registry.AbstractInstanceRegistry  : Running the evict task with compensationTime 17ms
2025-03-20T12:30:44.416+05:30  INFO 19935 --- [discovery-service] [a-EvictionTimer] c.n.e.registry.AbstractInstanceRegistry  : Running the evict task with compensationTime 2ms
2025-03-20T12:31:44.421+05:30  INFO 19935 --- [discovery-service] [a-EvictionTimer] c.n.e.registry.AbstractInstanceRegistry  : Running the evict task with compensationTime 4ms
2025-03-20T12:32:44.143+05:30  INFO 19935 --- [discovery-service] [hresholdUpdater] c.n.e.r.PeerAwareInstanceRegistryImpl    : Current renewal threshold is : 0
2025-03-20T12:32:44.424+05:30  INFO 19935 --- [discovery-service] [a-EvictionTimer] c.n.e.registry.AbstractInstanceRegistry  : Running the evict task with compensationTime 4ms
2025-03-20T12:33:44.426+05:30  INFO 19935 --- [discovery-service] [a-EvictionTimer] c.n.e.registry.AbstractInstanceRegistry  : Running the evict task with compensationTime 1ms
2025-03-20T12:34:44.428+05:30  INFO 19935 --- [discovery-service] [a-EvictionTimer] c.n.e.registry.AbstractInstanceRegistry  : Running the evict task with compensationTime 2ms
2025-03-20T12:35:44.432+05:30  INFO 19935 --- [discovery-service] [a-EvictionTimer] c.n.e.registry.AbstractInstanceRegistry  : Running the evict task with compensationTime 3ms
2025-03-20T12:36:44.438+05:30  INFO 19935 --- [discovery-service] [a-EvictionTimer] c.n.e.registry.AbstractInstanceRegistry  : Running the evict task with compensationTime 2ms
2025-03-20T12:37:44.437+05:30  INFO 19935 --- [discovery-service] [a-EvictionTimer] c.n.e.registry.AbstractInstanceRegistry  : Running the evict task with compensationTime 3ms
2025-03-20T12:38:44.441+05:30  INFO 19935 --- [discovery-service] [a-EvictionTimer] c.n.e.registry.AbstractInstanceRegistry  : Running the evict task with compensationTime 2ms
2025-03-20T12:39:44.443+05:30  INFO 19935 --- [discovery-service] [a-EvictionTimer] c.n.e.registry.AbstractInstanceRegistry  : Running the evict task with compensationTime 3ms
2025-03-20T12:40:44.446+05:30  INFO 19935 --- [discovery-service] [a-EvictionTimer] c.n.e.registry.AbstractInstanceRegistry  : Running the evict task with compensationTime 2ms
2025-03-20T12:41:44.446+05:30  INFO 19935 --- [discovery-service] [a-EvictionTimer] c.n.e.registry.AbstractInstanceRegistry  : Running the evict task with compensationTime 0ms
2025-03-20T12:42:44.452+05:30  INFO 19935 --- [discovery-service] [a-EvictionTimer] c.n.e.registry.AbstractInstanceRegistry  : Running the evict task with compensationTime 4ms
2025-03-20T12:43:44.454+05:30  INFO 19935 --- [discovery-service] [a-EvictionTimer] c.n.e.registry.AbstractInstanceRegistry  : Running the evict task with compensationTime 2ms
2025-03-20T12:44:44.471+05:30  INFO 19935 --- [discovery-service] [a-EvictionTimer] c.n.e.registry.AbstractInstanceRegistry  : Running the evict task with compensationTime 2ms
2025-03-20T12:45:44.472+05:30  INFO 19935 --- [discovery-service] [a-EvictionTimer] c.n.e.registry.AbstractInstanceRegistry  : Running the evict task with compensationTime 0ms
2025-03-20T12:46:44.477+05:30  INFO 19935 --- [discovery-service] [a-EvictionTimer] c.n.e.registry.AbstractInstanceRegistry  : Running the evict task with compensationTime 4ms
2025-03-20T12:47:44.165+05:30  INFO 19935 --- [discovery-service] [hresholdUpdater] c.n.e.r.PeerAwareInstanceRegistryImpl    : Current renewal threshold is : 0
2025-03-20T12:47:44.477+05:30  INFO 19935 --- [discovery-service] [a-EvictionTimer] c.n.e.registry.AbstractInstanceRegistry  : Running the evict task with compensationTime 1ms
2025-03-20T12:48:44.486+05:30  INFO 19935 --- [discovery-service] [a-EvictionTimer] c.n.e.registry.AbstractInstanceRegistry  : Running the evict task with compensationTime 1ms
2025-03-20T12:49:44.486+05:30  INFO 19935 --- [discovery-service] [a-EvictionTimer] c.n.e.registry.AbstractInstanceRegistry  : Running the evict task with compensationTime 4ms
2025-03-20T12:50:44.492+05:30  INFO 19935 --- [discovery-service] [a-EvictionTimer] c.n.e.registry.AbstractInstanceRegistry  : Running the evict task with compensationTime 5ms
2025-03-20T12:51:44.501+05:30  INFO 19935 --- [discovery-service] [a-EvictionTimer] c.n.e.registry.AbstractInstanceRegistry  : Running the evict task with compensationTime 5ms
2025-03-20T12:52:44.496+05:30  INFO 19935 --- [discovery-service] [a-EvictionTimer] c.n.e.registry.AbstractInstanceRegistry  : Running the evict task with compensationTime 0ms
2025-03-20T12:53:44.513+05:30  INFO 19935 --- [discovery-service] [a-EvictionTimer] c.n.e.registry.AbstractInstanceRegistry  : Running the evict task with compensationTime 3ms
2025-03-20T12:54:44.510+05:30  INFO 19935 --- [discovery-service] [a-EvictionTimer] c.n.e.registry.AbstractInstanceRegistry  : Running the evict task with compensationTime 5ms
2025-03-20T12:55:44.509+05:30  INFO 19935 --- [discovery-service] [a-EvictionTimer] c.n.e.registry.AbstractInstanceRegistry  : Running the evict task with compensationTime 3ms
2025-03-20T12:56:44.512+05:30  INFO 19935 --- [discovery-service] [a-EvictionTimer] c.n.e.registry.AbstractInstanceRegistry  : Running the evict task with compensationTime 3ms
2025-03-20T12:57:44.516+05:30  INFO 19935 --- [discovery-service] [a-EvictionTimer] c.n.e.registry.AbstractInstanceRegistry  : Running the evict task with compensationTime 2ms
2025-03-20T12:58:44.520+05:30  INFO 19935 --- [discovery-service] [a-EvictionTimer] c.n.e.registry.AbstractInstanceRegistry  : Running the evict task with compensationTime 4ms
2025-03-20T12:59:44.532+05:30  INFO 19935 --- [discovery-service] [a-EvictionTimer] c.n.e.registry.AbstractInstanceRegistry  : Running the evict task with compensationTime 1ms
2025-03-20T13:00:44.542+05:30  INFO 19935 --- [discovery-service] [a-EvictionTimer] c.n.e.registry.AbstractInstanceRegistry  : Running the evict task with compensationTime 9ms
2025-03-20T13:01:44.551+05:30  INFO 19935 --- [discovery-service] [a-EvictionTimer] c.n.e.registry.AbstractInstanceRegistry  : Running the evict task with compensationTime 8ms
2025-03-20T13:02:44.177+05:30  INFO 19935 --- [discovery-service] [hresholdUpdater] c.n.e.r.PeerAwareInstanceRegistryImpl    : Current renewal threshold is : 0
2025-03-20T13:02:44.557+05:30  INFO 19935 --- [discovery-service] [a-EvictionTimer] c.n.e.registry.AbstractInstanceRegistry  : Running the evict task with compensationTime 6ms
2025-03-20T13:03:44.562+05:30  INFO 19935 --- [discovery-service] [a-EvictionTimer] c.n.e.registry.AbstractInstanceRegistry  : Running the evict task with compensationTime 3ms
2025-03-20T13:04:44.567+05:30  INFO 19935 --- [discovery-service] [a-EvictionTimer] c.n.e.registry.AbstractInstanceRegistry  : Running the evict task with compensationTime 5ms
2025-03-20T13:05:44.568+05:30  INFO 19935 --- [discovery-service] [a-EvictionTimer] c.n.e.registry.AbstractInstanceRegistry  : Running the evict task with compensationTime 0ms
2025-03-20T13:06:44.578+05:30  INFO 19935 --- [discovery-service] [a-EvictionTimer] c.n.e.registry.AbstractInstanceRegistry  : Running the evict task with compensationTime 9ms
2025-03-20T13:07:44.581+05:30  INFO 19935 --- [discovery-service] [a-EvictionTimer] c.n.e.registry.AbstractInstanceRegistry  : Running the evict task with compensationTime 3ms
2025-03-20T13:08:44.589+05:30  INFO 19935 --- [discovery-service] [a-EvictionTimer] c.n.e.registry.AbstractInstanceRegistry  : Running the evict task with compensationTime 7ms
2025-03-20T13:09:44.602+05:30  INFO 19935 --- [discovery-service] [a-EvictionTimer] c.n.e.registry.AbstractInstanceRegistry  : Running the evict task with compensationTime 8ms
2025-03-20T13:10:44.601+05:30  INFO 19935 --- [discovery-service] [a-EvictionTimer] c.n.e.registry.AbstractInstanceRegistry  : Running the evict task with compensationTime 2ms
2025-03-20T13:13:11.440+05:30  INFO 19935 --- [discovery-service] [a-EvictionTimer] c.n.e.registry.AbstractInstanceRegistry  : Running the evict task with compensationTime 10ms
2025-03-20T13:18:23.461+05:30  INFO 19935 --- [discovery-service] [a-EvictionTimer] c.n.e.registry.AbstractInstanceRegistry  : Running the evict task with compensationTime 8ms
2025-03-20T13:23:34.773+05:30  INFO 19935 --- [discovery-service] [a-EvictionTimer] c.n.e.registry.AbstractInstanceRegistry  : Running the evict task with compensationTime 9ms
2025-03-20T13:28:43.620+05:30  INFO 19935 --- [discovery-service] [a-EvictionTimer] c.n.e.registry.AbstractInstanceRegistry  : Running the evict task with compensationTime 5ms
2025-03-20T13:29:43.617+05:30  INFO 19935 --- [discovery-service] [a-EvictionTimer] c.n.e.registry.AbstractInstanceRegistry  : Running the evict task with compensationTime 4ms
2025-03-20T13:30:43.623+05:30  INFO 19935 --- [discovery-service] [a-EvictionTimer] c.n.e.registry.AbstractInstanceRegistry  : Running the evict task with compensationTime 3ms
2025-03-20T13:31:43.199+05:30  INFO 19935 --- [discovery-service] [hresholdUpdater] c.n.e.r.PeerAwareInstanceRegistryImpl    : Current renewal threshold is : 0
2025-03-20T13:31:43.625+05:30  INFO 19935 --- [discovery-service] [a-EvictionTimer] c.n.e.registry.AbstractInstanceRegistry  : Running the evict task with compensationTime 5ms
2025-03-20T13:32:43.630+05:30  INFO 19935 --- [discovery-service] [a-EvictionTimer] c.n.e.registry.AbstractInstanceRegistry  : Running the evict task with compensationTime 1ms
2025-03-20T13:33:43.634+05:30  INFO 19935 --- [discovery-service] [a-EvictionTimer] c.n.e.registry.AbstractInstanceRegistry  : Running the evict task with compensationTime 3ms
2025-03-20T13:34:43.636+05:30  INFO 19935 --- [discovery-service] [a-EvictionTimer] c.n.e.registry.AbstractInstanceRegistry  : Running the evict task with compensationTime 4ms
2025-03-20T13:35:43.638+05:30  INFO 19935 --- [discovery-service] [a-EvictionTimer] c.n.e.registry.AbstractInstanceRegistry  : Running the evict task with compensationTime 1ms
2025-03-20T13:36:43.643+05:30  INFO 19935 --- [discovery-service] [a-EvictionTimer] c.n.e.registry.AbstractInstanceRegistry  : Running the evict task with compensationTime 5ms
2025-03-20T13:37:43.649+05:30  INFO 19935 --- [discovery-service] [a-EvictionTimer] c.n.e.registry.AbstractInstanceRegistry  : Running the evict task with compensationTime 4ms
2025-03-20T13:38:43.654+05:30  INFO 19935 --- [discovery-service] [a-EvictionTimer] c.n.e.registry.AbstractInstanceRegistry  : Running the evict task with compensationTime 5ms
2025-03-20T13:39:43.658+05:30  INFO 19935 --- [discovery-service] [a-EvictionTimer] c.n.e.registry.AbstractInstanceRegistry  : Running the evict task with compensationTime 5ms
2025-03-20T13:40:43.663+05:30  INFO 19935 --- [discovery-service] [a-EvictionTimer] c.n.e.registry.AbstractInstanceRegistry  : Running the evict task with compensationTime 4ms
2025-03-20T13:41:43.669+05:30  INFO 19935 --- [discovery-service] [a-EvictionTimer] c.n.e.registry.AbstractInstanceRegistry  : Running the evict task with compensationTime 5ms
2025-03-20T13:42:43.671+05:30  INFO 19935 --- [discovery-service] [a-EvictionTimer] c.n.e.registry.AbstractInstanceRegistry  : Running the evict task with compensationTime 7ms
2025-03-20T13:43:43.675+05:30  INFO 19935 --- [discovery-service] [a-EvictionTimer] c.n.e.registry.AbstractInstanceRegistry  : Running the evict task with compensationTime 5ms
2025-03-20T13:44:43.675+05:30  INFO 19935 --- [discovery-service] [a-EvictionTimer] c.n.e.registry.AbstractInstanceRegistry  : Running the evict task with compensationTime 0ms
2025-03-20T13:45:43.675+05:30  INFO 19935 --- [discovery-service] [a-EvictionTimer] c.n.e.registry.AbstractInstanceRegistry  : Running the evict task with compensationTime 1ms
2025-03-20T13:46:43.182+05:30  INFO 19935 --- [discovery-service] [hresholdUpdater] c.n.e.r.PeerAwareInstanceRegistryImpl    : Current renewal threshold is : 0
2025-03-20T13:46:43.678+05:30  INFO 19935 --- [discovery-service] [a-EvictionTimer] c.n.e.registry.AbstractInstanceRegistry  : Running the evict task with compensationTime 3ms
2025-03-20T13:47:43.681+05:30  INFO 19935 --- [discovery-service] [a-EvictionTimer] c.n.e.registry.AbstractInstanceRegistry  : Running the evict task with compensationTime 2ms
2025-03-20T13:48:43.692+05:30  INFO 19935 --- [discovery-service] [a-EvictionTimer] c.n.e.registry.AbstractInstanceRegistry  : Running the evict task with compensationTime 4ms
2025-03-20T13:49:43.688+05:30  INFO 19935 --- [discovery-service] [a-EvictionTimer] c.n.e.registry.AbstractInstanceRegistry  : Running the evict task with compensationTime 1ms
2025-03-20T13:50:43.694+05:30  INFO 19935 --- [discovery-service] [a-EvictionTimer] c.n.e.registry.AbstractInstanceRegistry  : Running the evict task with compensationTime 5ms
2025-03-20T13:51:43.698+05:30  INFO 19935 --- [discovery-service] [a-EvictionTimer] c.n.e.registry.AbstractInstanceRegistry  : Running the evict task with compensationTime 5ms
2025-03-20T13:52:43.702+05:30  INFO 19935 --- [discovery-service] [a-EvictionTimer] c.n.e.registry.AbstractInstanceRegistry  : Running the evict task with compensationTime 3ms
2025-03-20T13:53:43.704+05:30  INFO 19935 --- [discovery-service] [a-EvictionTimer] c.n.e.registry.AbstractInstanceRegistry  : Running the evict task with compensationTime 1ms
2025-03-20T13:54:43.707+05:30  INFO 19935 --- [discovery-service] [a-EvictionTimer] c.n.e.registry.AbstractInstanceRegistry  : Running the evict task with compensationTime 2ms
2025-03-20T13:55:43.710+05:30  INFO 19935 --- [discovery-service] [a-EvictionTimer] c.n.e.registry.AbstractInstanceRegistry  : Running the evict task with compensationTime 3ms
2025-03-20T13:56:43.714+05:30  INFO 19935 --- [discovery-service] [a-EvictionTimer] c.n.e.registry.AbstractInstanceRegistry  : Running the evict task with compensationTime 3ms
2025-03-20T13:57:43.718+05:30  INFO 19935 --- [discovery-service] [a-EvictionTimer] c.n.e.registry.AbstractInstanceRegistry  : Running the evict task with compensationTime 4ms
2025-03-20T13:58:43.722+05:30  INFO 19935 --- [discovery-service] [a-EvictionTimer] c.n.e.registry.AbstractInstanceRegistry  : Running the evict task with compensationTime 2ms
2025-03-20T13:59:43.721+05:30  INFO 19935 --- [discovery-service] [a-EvictionTimer] c.n.e.registry.AbstractInstanceRegistry  : Running the evict task with compensationTime 0ms
2025-03-20T14:00:43.730+05:30  INFO 19935 --- [discovery-service] [a-EvictionTimer] c.n.e.registry.AbstractInstanceRegistry  : Running the evict task with compensationTime 5ms
2025-03-20T14:01:43.173+05:30  INFO 19935 --- [discovery-service] [hresholdUpdater] c.n.e.r.PeerAwareInstanceRegistryImpl    : Current renewal threshold is : 0
2025-03-20T14:01:43.732+05:30  INFO 19935 --- [discovery-service] [a-EvictionTimer] c.n.e.registry.AbstractInstanceRegistry  : Running the evict task with compensationTime 5ms
2025-03-20T14:02:43.741+05:30  INFO 19935 --- [discovery-service] [a-EvictionTimer] c.n.e.registry.AbstractInstanceRegistry  : Running the evict task with compensationTime 5ms
2025-03-20T14:03:43.741+05:30  INFO 19935 --- [discovery-service] [a-EvictionTimer] c.n.e.registry.AbstractInstanceRegistry  : Running the evict task with compensationTime 2ms
2025-03-20T14:04:43.745+05:30  INFO 19935 --- [discovery-service] [a-EvictionTimer] c.n.e.registry.AbstractInstanceRegistry  : Running the evict task with compensationTime 4ms
2025-03-20T14:05:43.747+05:30  INFO 19935 --- [discovery-service] [a-EvictionTimer] c.n.e.registry.AbstractInstanceRegistry  : Running the evict task with compensationTime 1ms
2025-03-20T14:06:43.750+05:30  INFO 19935 --- [discovery-service] [a-EvictionTimer] c.n.e.registry.AbstractInstanceRegistry  : Running the evict task with compensationTime 2ms
2025-03-20T14:07:43.755+05:30  INFO 19935 --- [discovery-service] [a-EvictionTimer] c.n.e.registry.AbstractInstanceRegistry  : Running the evict task with compensationTime 2ms
2025-03-20T14:08:43.759+05:30  INFO 19935 --- [discovery-service] [a-EvictionTimer] c.n.e.registry.AbstractInstanceRegistry  : Running the evict task with compensationTime 4ms
2025-03-20T14:09:43.761+05:30  INFO 19935 --- [discovery-service] [a-EvictionTimer] c.n.e.registry.AbstractInstanceRegistry  : Running the evict task with compensationTime 4ms
2025-03-20T14:10:43.766+05:30  INFO 19935 --- [discovery-service] [a-EvictionTimer] c.n.e.registry.AbstractInstanceRegistry  : Running the evict task with compensationTime 4ms
2025-03-20T14:11:43.770+05:30  INFO 19935 --- [discovery-service] [a-EvictionTimer] c.n.e.registry.AbstractInstanceRegistry  : Running the evict task with compensationTime 3ms
2025-03-20T14:12:43.777+05:30  INFO 19935 --- [discovery-service] [a-EvictionTimer] c.n.e.registry.AbstractInstanceRegistry  : Running the evict task with compensationTime 5ms
2025-03-20T14:13:43.779+05:30  INFO 19935 --- [discovery-service] [a-EvictionTimer] c.n.e.registry.AbstractInstanceRegistry  : Running the evict task with compensationTime 68ms
2025-03-20T14:14:43.783+05:30  INFO 19935 --- [discovery-service] [a-EvictionTimer] c.n.e.registry.AbstractInstanceRegistry  : Running the evict task with compensationTime 5ms
2025-03-20T14:15:43.793+05:30  INFO 19935 --- [discovery-service] [a-EvictionTimer] c.n.e.registry.AbstractInstanceRegistry  : Running the evict task with compensationTime 2ms
2025-03-20T14:16:43.194+05:30  INFO 19935 --- [discovery-service] [hresholdUpdater] c.n.e.r.PeerAwareInstanceRegistryImpl    : Current renewal threshold is : 0
2025-03-20T14:16:43.786+05:30  INFO 19935 --- [discovery-service] [a-EvictionTimer] c.n.e.registry.AbstractInstanceRegistry  : Running the evict task with compensationTime 2ms
2025-03-20T14:17:43.789+05:30  INFO 19935 --- [discovery-service] [a-EvictionTimer] c.n.e.registry.AbstractInstanceRegistry  : Running the evict task with compensationTime 1ms
2025-03-20T14:18:43.801+05:30  INFO 19935 --- [discovery-service] [a-EvictionTimer] c.n.e.registry.AbstractInstanceRegistry  : Running the evict task with compensationTime 3ms
2025-03-20T14:19:43.795+05:30  INFO 19935 --- [discovery-service] [a-EvictionTimer] c.n.e.registry.AbstractInstanceRegistry  : Running the evict task with compensationTime 4ms
2025-03-20T14:20:43.794+05:30  INFO 19935 --- [discovery-service] [a-EvictionTimer] c.n.e.registry.AbstractInstanceRegistry  : Running the evict task with compensationTime 0ms
2025-03-20T14:21:43.799+05:30  INFO 19935 --- [discovery-service] [a-EvictionTimer] c.n.e.registry.AbstractInstanceRegistry  : Running the evict task with compensationTime 4ms
2025-03-20T14:22:43.801+05:30  INFO 19935 --- [discovery-service] [a-EvictionTimer] c.n.e.registry.AbstractInstanceRegistry  : Running the evict task with compensationTime 2ms
2025-03-20T14:23:43.802+05:30  INFO 19935 --- [discovery-service] [a-EvictionTimer] c.n.e.registry.AbstractInstanceRegistry  : Running the evict task with compensationTime 1ms
2025-03-20T14:24:44.085+05:30  INFO 19935 --- [discovery-service] [a-EvictionTimer] c.n.e.registry.AbstractInstanceRegistry  : Running the evict task with compensationTime 0ms
2025-03-20T14:25:43.811+05:30  INFO 19935 --- [discovery-service] [a-EvictionTimer] c.n.e.registry.AbstractInstanceRegistry  : Running the evict task with compensationTime 2ms
2025-03-20T14:26:43.820+05:30  INFO 19935 --- [discovery-service] [a-EvictionTimer] c.n.e.registry.AbstractInstanceRegistry  : Running the evict task with compensationTime 6ms
2025-03-20T14:27:43.821+05:30  INFO 19935 --- [discovery-service] [a-EvictionTimer] c.n.e.registry.AbstractInstanceRegistry  : Running the evict task with compensationTime 1ms
2025-03-20T14:28:43.830+05:30  INFO 19935 --- [discovery-service] [a-EvictionTimer] c.n.e.registry.AbstractInstanceRegistry  : Running the evict task with compensationTime 1ms
2025-03-20T14:29:43.837+05:30  INFO 19935 --- [discovery-service] [a-EvictionTimer] c.n.e.registry.AbstractInstanceRegistry  : Running the evict task with compensationTime 4ms
2025-03-20T14:30:43.846+05:30  INFO 19935 --- [discovery-service] [a-EvictionTimer] c.n.e.registry.AbstractInstanceRegistry  : Running the evict task with compensationTime 4ms
2025-03-20T14:31:43.211+05:30  INFO 19935 --- [discovery-service] [hresholdUpdater] c.n.e.r.PeerAwareInstanceRegistryImpl    : Current renewal threshold is : 0
2025-03-20T14:31:43.838+05:30  INFO 19935 --- [discovery-service] [a-EvictionTimer] c.n.e.registry.AbstractInstanceRegistry  : Running the evict task with compensationTime 0ms
2025-03-20T14:32:43.849+05:30  INFO 19935 --- [discovery-service] [a-EvictionTimer] c.n.e.registry.AbstractInstanceRegistry  : Running the evict task with compensationTime 9ms
2025-03-20T14:33:43.858+05:30  INFO 19935 --- [discovery-service] [a-EvictionTimer] c.n.e.registry.AbstractInstanceRegistry  : Running the evict task with compensationTime 10ms
2025-03-20T14:34:43.865+05:30  INFO 19935 --- [discovery-service] [a-EvictionTimer] c.n.e.registry.AbstractInstanceRegistry  : Running the evict task with compensationTime 7ms
2025-03-20T14:35:43.870+05:30  INFO 19935 --- [discovery-service] [a-EvictionTimer] c.n.e.registry.AbstractInstanceRegistry  : Running the evict task with compensationTime 5ms
2025-03-20T14:36:43.882+05:30  INFO 19935 --- [discovery-service] [a-EvictionTimer] c.n.e.registry.AbstractInstanceRegistry  : Running the evict task with compensationTime 9ms
2025-03-20T14:37:43.886+05:30  INFO 19935 --- [discovery-service] [a-EvictionTimer] c.n.e.registry.AbstractInstanceRegistry  : Running the evict task with compensationTime 7ms
2025-03-20T14:38:43.893+05:30  INFO 19935 --- [discovery-service] [a-EvictionTimer] c.n.e.registry.AbstractInstanceRegistry  : Running the evict task with compensationTime 7ms
2025-03-20T14:39:43.896+05:30  INFO 19935 --- [discovery-service] [a-EvictionTimer] c.n.e.registry.AbstractInstanceRegistry  : Running the evict task with compensationTime 3ms
2025-03-20T14:40:43.903+05:30  INFO 19935 --- [discovery-service] [a-EvictionTimer] c.n.e.registry.AbstractInstanceRegistry  : Running the evict task with compensationTime 7ms
2025-03-20T14:41:43.912+05:30  INFO 19935 --- [discovery-service] [a-EvictionTimer] c.n.e.registry.AbstractInstanceRegistry  : Running the evict task with compensationTime 9ms
2025-03-20T14:42:43.923+05:30  INFO 19935 --- [discovery-service] [a-EvictionTimer] c.n.e.registry.AbstractInstanceRegistry  : Running the evict task with compensationTime 10ms
2025-03-20T14:43:43.931+05:30  INFO 19935 --- [discovery-service] [a-EvictionTimer] c.n.e.registry.AbstractInstanceRegistry  : Running the evict task with compensationTime 8ms
2025-03-20T14:44:43.973+05:30  INFO 19935 --- [discovery-service] [a-EvictionTimer] c.n.e.registry.AbstractInstanceRegistry  : Running the evict task with compensationTime 7ms
2025-03-20T14:45:43.982+05:30  INFO 19935 --- [discovery-service] [a-EvictionTimer] c.n.e.registry.AbstractInstanceRegistry  : Running the evict task with compensationTime 5ms
2025-03-20T14:49:51.611+05:30  INFO 19935 --- [discovery-service] [hresholdUpdater] c.n.e.r.PeerAwareInstanceRegistryImpl    : Current renewal threshold is : 0
2025-03-20T14:49:52.362+05:30  INFO 19935 --- [discovery-service] [a-EvictionTimer] c.n.e.registry.AbstractInstanceRegistry  : Running the evict task with compensationTime 9ms
2025-03-20T14:52:46.413+05:30  INFO 19935 --- [discovery-service] [a-EvictionTimer] c.n.e.registry.AbstractInstanceRegistry  : Running the evict task with compensationTime 7ms
2025-03-20T14:53:46.414+05:30  INFO 19935 --- [discovery-service] [a-EvictionTimer] c.n.e.registry.AbstractInstanceRegistry  : Running the evict task with compensationTime 5ms
2025-03-20T14:54:46.418+05:30  INFO 19935 --- [discovery-service] [a-EvictionTimer] c.n.e.registry.AbstractInstanceRegistry  : Running the evict task with compensationTime 4ms
2025-03-20T14:55:46.422+05:30  INFO 19935 --- [discovery-service] [a-EvictionTimer] c.n.e.registry.AbstractInstanceRegistry  : Running the evict task with compensationTime 2ms
2025-03-20T14:56:46.425+05:30  INFO 19935 --- [discovery-service] [a-EvictionTimer] c.n.e.registry.AbstractInstanceRegistry  : Running the evict task with compensationTime 3ms
2025-03-20T14:57:46.433+05:30  INFO 19935 --- [discovery-service] [a-EvictionTimer] c.n.e.registry.AbstractInstanceRegistry  : Running the evict task with compensationTime 4ms
2025-03-20T14:58:46.443+05:30  INFO 19935 --- [discovery-service] [a-EvictionTimer] c.n.e.registry.AbstractInstanceRegistry  : Running the evict task with compensationTime 2ms
2025-03-20T14:59:46.437+05:30  INFO 19935 --- [discovery-service] [a-EvictionTimer] c.n.e.registry.AbstractInstanceRegistry  : Running the evict task with compensationTime 4ms
2025-03-20T15:00:46.454+05:30  INFO 19935 --- [discovery-service] [a-EvictionTimer] c.n.e.registry.AbstractInstanceRegistry  : Running the evict task with compensationTime 0ms
2025-03-20T15:01:46.452+05:30  INFO 19935 --- [discovery-service] [a-EvictionTimer] c.n.e.registry.AbstractInstanceRegistry  : Running the evict task with compensationTime 0ms
2025-03-20T15:02:46.461+05:30  INFO 19935 --- [discovery-service] [a-EvictionTimer] c.n.e.registry.AbstractInstanceRegistry  : Running the evict task with compensationTime 0ms
2025-03-20T15:03:46.457+05:30  INFO 19935 --- [discovery-service] [a-EvictionTimer] c.n.e.registry.AbstractInstanceRegistry  : Running the evict task with compensationTime 1ms
2025-03-20T15:04:46.459+05:30  INFO 19935 --- [discovery-service] [a-EvictionTimer] c.n.e.registry.AbstractInstanceRegistry  : Running the evict task with compensationTime 1ms
2025-03-20T15:05:46.457+05:30  INFO 19935 --- [discovery-service] [a-EvictionTimer] c.n.e.registry.AbstractInstanceRegistry  : Running the evict task with compensationTime 2ms
2025-03-20T15:06:45.694+05:30  INFO 19935 --- [discovery-service] [hresholdUpdater] c.n.e.r.PeerAwareInstanceRegistryImpl    : Current renewal threshold is : 0
2025-03-20T15:06:46.457+05:30  INFO 19935 --- [discovery-service] [a-EvictionTimer] c.n.e.registry.AbstractInstanceRegistry  : Running the evict task with compensationTime 4ms
2025-03-20T15:07:46.627+05:30  INFO 19935 --- [discovery-service] [a-EvictionTimer] c.n.e.registry.AbstractInstanceRegistry  : Running the evict task with compensationTime 25ms
2025-03-20T15:08:46.804+05:30  INFO 19935 --- [discovery-service] [a-EvictionTimer] c.n.e.registry.AbstractInstanceRegistry  : Running the evict task with compensationTime 77ms
2025-03-20T15:09:46.565+05:30  INFO 19935 --- [discovery-service] [a-EvictionTimer] c.n.e.registry.AbstractInstanceRegistry  : Running the evict task with compensationTime 0ms
2025-03-20T15:10:46.568+05:30  INFO 19935 --- [discovery-service] [a-EvictionTimer] c.n.e.registry.AbstractInstanceRegistry  : Running the evict task with compensationTime 3ms
2025-03-20T15:11:46.569+05:30  INFO 19935 --- [discovery-service] [a-EvictionTimer] c.n.e.registry.AbstractInstanceRegistry  : Running the evict task with compensationTime 2ms
2025-03-20T15:12:46.574+05:30  INFO 19935 --- [discovery-service] [a-EvictionTimer] c.n.e.registry.AbstractInstanceRegistry  : Running the evict task with compensationTime 4ms
2025-03-20T15:13:46.581+05:30  INFO 19935 --- [discovery-service] [a-EvictionTimer] c.n.e.registry.AbstractInstanceRegistry  : Running the evict task with compensationTime 4ms
2025-03-20T15:14:46.583+05:30  INFO 19935 --- [discovery-service] [a-EvictionTimer] c.n.e.registry.AbstractInstanceRegistry  : Running the evict task with compensationTime 3ms
2025-03-20T15:15:46.584+05:30  INFO 19935 --- [discovery-service] [a-EvictionTimer] c.n.e.registry.AbstractInstanceRegistry  : Running the evict task with compensationTime 1ms
2025-03-20T15:16:46.585+05:30  INFO 19935 --- [discovery-service] [a-EvictionTimer] c.n.e.registry.AbstractInstanceRegistry  : Running the evict task with compensationTime 0ms
2025-03-20T15:17:46.590+05:30  INFO 19935 --- [discovery-service] [a-EvictionTimer] c.n.e.registry.AbstractInstanceRegistry  : Running the evict task with compensationTime 2ms
2025-03-20T15:18:46.600+05:30  INFO 19935 --- [discovery-service] [a-EvictionTimer] c.n.e.registry.AbstractInstanceRegistry  : Running the evict task with compensationTime 3ms
2025-03-20T15:19:46.600+05:30  INFO 19935 --- [discovery-service] [a-EvictionTimer] c.n.e.registry.AbstractInstanceRegistry  : Running the evict task with compensationTime 5ms
2025-03-20T15:20:46.599+05:30  INFO 19935 --- [discovery-service] [a-EvictionTimer] c.n.e.registry.AbstractInstanceRegistry  : Running the evict task with compensationTime 3ms
2025-03-20T15:21:45.675+05:30  INFO 19935 --- [discovery-service] [hresholdUpdater] c.n.e.r.PeerAwareInstanceRegistryImpl    : Current renewal threshold is : 0
2025-03-20T15:21:46.603+05:30  INFO 19935 --- [discovery-service] [a-EvictionTimer] c.n.e.registry.AbstractInstanceRegistry  : Running the evict task with compensationTime 4ms
2025-03-20T15:22:46.661+05:30  INFO 19935 --- [discovery-service] [a-EvictionTimer] c.n.e.registry.AbstractInstanceRegistry  : Running the evict task with compensationTime 5ms
2025-03-20T15:23:46.613+05:30  INFO 19935 --- [discovery-service] [a-EvictionTimer] c.n.e.registry.AbstractInstanceRegistry  : Running the evict task with compensationTime 1ms
2025-03-20T15:24:46.625+05:30  INFO 19935 --- [discovery-service] [a-EvictionTimer] c.n.e.registry.AbstractInstanceRegistry  : Running the evict task with compensationTime 2ms
2025-03-20T15:25:46.618+05:30  INFO 19935 --- [discovery-service] [a-EvictionTimer] c.n.e.registry.AbstractInstanceRegistry  : Running the evict task with compensationTime 2ms
2025-03-20T15:26:46.618+05:30  INFO 19935 --- [discovery-service] [a-EvictionTimer] c.n.e.registry.AbstractInstanceRegistry  : Running the evict task with compensationTime 1ms
2025-03-20T15:27:46.620+05:30  INFO 19935 --- [discovery-service] [a-EvictionTimer] c.n.e.registry.AbstractInstanceRegistry  : Running the evict task with compensationTime 0ms
2025-03-20T15:28:46.622+05:30  INFO 19935 --- [discovery-service] [a-EvictionTimer] c.n.e.registry.AbstractInstanceRegistry  : Running the evict task with compensationTime 1ms
2025-03-20T15:29:46.623+05:30  INFO 19935 --- [discovery-service] [a-EvictionTimer] c.n.e.registry.AbstractInstanceRegistry  : Running the evict task with compensationTime 1ms
2025-03-20T15:30:46.628+05:30  INFO 19935 --- [discovery-service] [a-EvictionTimer] c.n.e.registry.AbstractInstanceRegistry  : Running the evict task with compensationTime 4ms
2025-03-20T15:31:46.630+05:30  INFO 19935 --- [discovery-service] [a-EvictionTimer] c.n.e.registry.AbstractInstanceRegistry  : Running the evict task with compensationTime 1ms
2025-03-20T15:32:46.632+05:30  INFO 19935 --- [discovery-service] [a-EvictionTimer] c.n.e.registry.AbstractInstanceRegistry  : Running the evict task with compensationTime 1ms
2025-03-20T15:33:46.631+05:30  INFO 19935 --- [discovery-service] [a-EvictionTimer] c.n.e.registry.AbstractInstanceRegistry  : Running the evict task with compensationTime 1ms
2025-03-20T15:34:46.636+05:30  INFO 19935 --- [discovery-service] [a-EvictionTimer] c.n.e.registry.AbstractInstanceRegistry  : Running the evict task with compensationTime 4ms
2025-03-20T15:35:46.640+05:30  INFO 19935 --- [discovery-service] [a-EvictionTimer] c.n.e.registry.AbstractInstanceRegistry  : Running the evict task with compensationTime 3ms
2025-03-20T15:36:45.825+05:30  INFO 19935 --- [discovery-service] [hresholdUpdater] c.n.e.r.PeerAwareInstanceRegistryImpl    : Current renewal threshold is : 0
2025-03-20T15:36:46.641+05:30  INFO 19935 --- [discovery-service] [a-EvictionTimer] c.n.e.registry.AbstractInstanceRegistry  : Running the evict task with compensationTime 1ms
2025-03-20T15:37:46.643+05:30  INFO 19935 --- [discovery-service] [a-EvictionTimer] c.n.e.registry.AbstractInstanceRegistry  : Running the evict task with compensationTime 1ms
2025-03-20T15:38:46.653+05:30  INFO 19935 --- [discovery-service] [a-EvictionTimer] c.n.e.registry.AbstractInstanceRegistry  : Running the evict task with compensationTime 4ms
2025-03-20T15:39:46.648+05:30  INFO 19935 --- [discovery-service] [a-EvictionTimer] c.n.e.registry.AbstractInstanceRegistry  : Running the evict task with compensationTime 0ms
2025-03-20T15:40:46.651+05:30  INFO 19935 --- [discovery-service] [a-EvictionTimer] c.n.e.registry.AbstractInstanceRegistry  : Running the evict task with compensationTime 2ms
2025-03-20T15:41:46.653+05:30  INFO 19935 --- [discovery-service] [a-EvictionTimer] c.n.e.registry.AbstractInstanceRegistry  : Running the evict task with compensationTime 2ms
2025-03-20T15:42:46.658+05:30  INFO 19935 --- [discovery-service] [a-EvictionTimer] c.n.e.registry.AbstractInstanceRegistry  : Running the evict task with compensationTime 4ms
2025-03-20T15:43:46.659+05:30  INFO 19935 --- [discovery-service] [a-EvictionTimer] c.n.e.registry.AbstractInstanceRegistry  : Running the evict task with compensationTime 1ms
2025-03-20T15:44:46.667+05:30  INFO 19935 --- [discovery-service] [a-EvictionTimer] c.n.e.registry.AbstractInstanceRegistry  : Running the evict task with compensationTime 4ms
2025-03-20T15:45:46.669+05:30  INFO 19935 --- [discovery-service] [a-EvictionTimer] c.n.e.registry.AbstractInstanceRegistry  : Running the evict task with compensationTime 5ms
2025-03-20T15:46:46.670+05:30  INFO 19935 --- [discovery-service] [a-EvictionTimer] c.n.e.registry.AbstractInstanceRegistry  : Running the evict task with compensationTime 1ms
2025-03-20T15:47:46.682+05:30  INFO 19935 --- [discovery-service] [a-EvictionTimer] c.n.e.registry.AbstractInstanceRegistry  : Running the evict task with compensationTime 4ms
2025-03-20T15:48:46.686+05:30  INFO 19935 --- [discovery-service] [a-EvictionTimer] c.n.e.registry.AbstractInstanceRegistry  : Running the evict task with compensationTime 23ms
2025-03-20T15:49:46.683+05:30  INFO 19935 --- [discovery-service] [a-EvictionTimer] c.n.e.registry.AbstractInstanceRegistry  : Running the evict task with compensationTime 2ms
2025-03-20T15:50:46.687+05:30  INFO 19935 --- [discovery-service] [a-EvictionTimer] c.n.e.registry.AbstractInstanceRegistry  : Running the evict task with compensationTime 4ms
2025-03-20T15:51:45.711+05:30  INFO 19935 --- [discovery-service] [hresholdUpdater] c.n.e.r.PeerAwareInstanceRegistryImpl    : Current renewal threshold is : 0
2025-03-20T15:51:46.689+05:30  INFO 19935 --- [discovery-service] [a-EvictionTimer] c.n.e.registry.AbstractInstanceRegistry  : Running the evict task with compensationTime 4ms
2025-03-20T15:52:46.693+05:30  INFO 19935 --- [discovery-service] [a-EvictionTimer] c.n.e.registry.AbstractInstanceRegistry  : Running the evict task with compensationTime 2ms
2025-03-20T15:53:46.697+05:30  INFO 19935 --- [discovery-service] [a-EvictionTimer] c.n.e.registry.AbstractInstanceRegistry  : Running the evict task with compensationTime 2ms
2025-03-20T15:54:46.699+05:30  INFO 19935 --- [discovery-service] [a-EvictionTimer] c.n.e.registry.AbstractInstanceRegistry  : Running the evict task with compensationTime 1ms
2025-03-20T15:55:46.696+05:30  INFO 19935 --- [discovery-service] [a-EvictionTimer] c.n.e.registry.AbstractInstanceRegistry  : Running the evict task with compensationTime 0ms
2025-03-20T15:56:46.698+05:30  INFO 19935 --- [discovery-service] [a-EvictionTimer] c.n.e.registry.AbstractInstanceRegistry  : Running the evict task with compensationTime 1ms
2025-03-20T15:57:46.698+05:30  INFO 19935 --- [discovery-service] [a-EvictionTimer] c.n.e.registry.AbstractInstanceRegistry  : Running the evict task with compensationTime 0ms
2025-03-20T15:58:46.701+05:30  INFO 19935 --- [discovery-service] [a-EvictionTimer] c.n.e.registry.AbstractInstanceRegistry  : Running the evict task with compensationTime 3ms
2025-03-20T15:59:46.705+05:30  INFO 19935 --- [discovery-service] [a-EvictionTimer] c.n.e.registry.AbstractInstanceRegistry  : Running the evict task with compensationTime 4ms
2025-03-20T16:00:46.710+05:30  INFO 19935 --- [discovery-service] [a-EvictionTimer] c.n.e.registry.AbstractInstanceRegistry  : Running the evict task with compensationTime 4ms
2025-03-20T16:01:46.713+05:30  INFO 19935 --- [discovery-service] [a-EvictionTimer] c.n.e.registry.AbstractInstanceRegistry  : Running the evict task with compensationTime 3ms
2025-03-20T16:02:46.713+05:30  INFO 19935 --- [discovery-service] [a-EvictionTimer] c.n.e.registry.AbstractInstanceRegistry  : Running the evict task with compensationTime 0ms
2025-03-20T16:03:46.722+05:30  INFO 19935 --- [discovery-service] [a-EvictionTimer] c.n.e.registry.AbstractInstanceRegistry  : Running the evict task with compensationTime 1ms
2025-03-20T16:04:46.724+05:30  INFO 19935 --- [discovery-service] [a-EvictionTimer] c.n.e.registry.AbstractInstanceRegistry  : Running the evict task with compensationTime 1ms
2025-03-20T16:05:46.728+05:30  INFO 19935 --- [discovery-service] [a-EvictionTimer] c.n.e.registry.AbstractInstanceRegistry  : Running the evict task with compensationTime 3ms
2025-03-20T16:06:45.697+05:30  INFO 19935 --- [discovery-service] [hresholdUpdater] c.n.e.r.PeerAwareInstanceRegistryImpl    : Current renewal threshold is : 0
2025-03-20T16:06:46.732+05:30  INFO 19935 --- [discovery-service] [a-EvictionTimer] c.n.e.registry.AbstractInstanceRegistry  : Running the evict task with compensationTime 4ms
2025-03-20T16:07:46.733+05:30  INFO 19935 --- [discovery-service] [a-EvictionTimer] c.n.e.registry.AbstractInstanceRegistry  : Running the evict task with compensationTime 0ms
2025-03-20T16:08:46.739+05:30  INFO 19935 --- [discovery-service] [a-EvictionTimer] c.n.e.registry.AbstractInstanceRegistry  : Running the evict task with compensationTime 5ms
2025-03-20T16:09:46.739+05:30  INFO 19935 --- [discovery-service] [a-EvictionTimer] c.n.e.registry.AbstractInstanceRegistry  : Running the evict task with compensationTime 1ms
2025-03-20T16:10:46.745+05:30  INFO 19935 --- [discovery-service] [a-EvictionTimer] c.n.e.registry.AbstractInstanceRegistry  : Running the evict task with compensationTime 4ms
2025-03-20T16:11:46.746+05:30  INFO 19935 --- [discovery-service] [a-EvictionTimer] c.n.e.registry.AbstractInstanceRegistry  : Running the evict task with compensationTime 1ms
2025-03-20T16:12:46.754+05:30  INFO 19935 --- [discovery-service] [a-EvictionTimer] c.n.e.registry.AbstractInstanceRegistry  : Running the evict task with compensationTime 4ms
2025-03-20T16:13:46.757+05:30  INFO 19935 --- [discovery-service] [a-EvictionTimer] c.n.e.registry.AbstractInstanceRegistry  : Running the evict task with compensationTime 4ms
2025-03-20T16:14:46.760+05:30  INFO 19935 --- [discovery-service] [a-EvictionTimer] c.n.e.registry.AbstractInstanceRegistry  : Running the evict task with compensationTime 3ms
2025-03-20T16:15:46.762+05:30  INFO 19935 --- [discovery-service] [a-EvictionTimer] c.n.e.registry.AbstractInstanceRegistry  : Running the evict task with compensationTime 1ms
2025-03-20T16:16:46.764+05:30  INFO 19935 --- [discovery-service] [a-EvictionTimer] c.n.e.registry.AbstractInstanceRegistry  : Running the evict task with compensationTime 2ms
2025-03-20T16:17:46.771+05:30  INFO 19935 --- [discovery-service] [a-EvictionTimer] c.n.e.registry.AbstractInstanceRegistry  : Running the evict task with compensationTime 4ms
2025-03-20T16:18:46.769+05:30  INFO 19935 --- [discovery-service] [a-EvictionTimer] c.n.e.registry.AbstractInstanceRegistry  : Running the evict task with compensationTime 1ms
2025-03-20T16:19:46.784+05:30  INFO 19935 --- [discovery-service] [a-EvictionTimer] c.n.e.registry.AbstractInstanceRegistry  : Running the evict task with compensationTime 4ms
2025-03-20T16:20:46.794+05:30  INFO 19935 --- [discovery-service] [a-EvictionTimer] c.n.e.registry.AbstractInstanceRegistry  : Running the evict task with compensationTime 3ms
2025-03-20T16:21:45.722+05:30  INFO 19935 --- [discovery-service] [hresholdUpdater] c.n.e.r.PeerAwareInstanceRegistryImpl    : Current renewal threshold is : 0
2025-03-20T16:21:46.793+05:30  INFO 19935 --- [discovery-service] [a-EvictionTimer] c.n.e.registry.AbstractInstanceRegistry  : Running the evict task with compensationTime 3ms
2025-03-20T16:22:46.798+05:30  INFO 19935 --- [discovery-service] [a-EvictionTimer] c.n.e.registry.AbstractInstanceRegistry  : Running the evict task with compensationTime 3ms
2025-03-20T16:23:46.802+05:30  INFO 19935 --- [discovery-service] [a-EvictionTimer] c.n.e.registry.AbstractInstanceRegistry  : Running the evict task with compensationTime 4ms
2025-03-20T16:24:46.806+05:30  INFO 19935 --- [discovery-service] [a-EvictionTimer] c.n.e.registry.AbstractInstanceRegistry  : Running the evict task with compensationTime 3ms
2025-03-20T16:25:46.808+05:30  INFO 19935 --- [discovery-service] [a-EvictionTimer] c.n.e.registry.AbstractInstanceRegistry  : Running the evict task with compensationTime 1ms
2025-03-20T16:26:46.810+05:30  INFO 19935 --- [discovery-service] [a-EvictionTimer] c.n.e.registry.AbstractInstanceRegistry  : Running the evict task with compensationTime 2ms
2025-03-20T16:27:46.816+05:30  INFO 19935 --- [discovery-service] [a-EvictionTimer] c.n.e.registry.AbstractInstanceRegistry  : Running the evict task with compensationTime 3ms
2025-03-20T16:28:46.820+05:30  INFO 19935 --- [discovery-service] [a-EvictionTimer] c.n.e.registry.AbstractInstanceRegistry  : Running the evict task with compensationTime 5ms
2025-03-20T16:29:46.824+05:30  INFO 19935 --- [discovery-service] [a-EvictionTimer] c.n.e.registry.AbstractInstanceRegistry  : Running the evict task with compensationTime 3ms
2025-03-20T16:30:46.826+05:30  INFO 19935 --- [discovery-service] [a-EvictionTimer] c.n.e.registry.AbstractInstanceRegistry  : Running the evict task with compensationTime 2ms
2025-03-20T16:31:46.831+05:30  INFO 19935 --- [discovery-service] [a-EvictionTimer] c.n.e.registry.AbstractInstanceRegistry  : Running the evict task with compensationTime 1ms
2025-03-20T16:32:46.830+05:30  INFO 19935 --- [discovery-service] [a-EvictionTimer] c.n.e.registry.AbstractInstanceRegistry  : Running the evict task with compensationTime 1ms
2025-03-20T16:33:46.831+05:30  INFO 19935 --- [discovery-service] [a-EvictionTimer] c.n.e.registry.AbstractInstanceRegistry  : Running the evict task with compensationTime 0ms
2025-03-20T16:34:46.845+05:30  INFO 19935 --- [discovery-service] [a-EvictionTimer] c.n.e.registry.AbstractInstanceRegistry  : Running the evict task with compensationTime 4ms
2025-03-20T16:35:46.852+05:30  INFO 19935 --- [discovery-service] [a-EvictionTimer] c.n.e.registry.AbstractInstanceRegistry  : Running the evict task with compensationTime 3ms
2025-03-20T16:36:45.729+05:30  INFO 19935 --- [discovery-service] [hresholdUpdater] c.n.e.r.PeerAwareInstanceRegistryImpl    : Current renewal threshold is : 0
2025-03-20T16:36:46.855+05:30  INFO 19935 --- [discovery-service] [a-EvictionTimer] c.n.e.registry.AbstractInstanceRegistry  : Running the evict task with compensationTime 3ms
2025-03-20T16:37:46.861+05:30  INFO 19935 --- [discovery-service] [a-EvictionTimer] c.n.e.registry.AbstractInstanceRegistry  : Running the evict task with compensationTime 5ms
2025-03-20T16:38:46.864+05:30  INFO 19935 --- [discovery-service] [a-EvictionTimer] c.n.e.registry.AbstractInstanceRegistry  : Running the evict task with compensationTime 2ms
2025-03-20T16:39:46.866+05:30  INFO 19935 --- [discovery-service] [a-EvictionTimer] c.n.e.registry.AbstractInstanceRegistry  : Running the evict task with compensationTime 1ms
2025-03-20T16:40:46.869+05:30  INFO 19935 --- [discovery-service] [a-EvictionTimer] c.n.e.registry.AbstractInstanceRegistry  : Running the evict task with compensationTime 3ms
2025-03-20T16:41:46.875+05:30  INFO 19935 --- [discovery-service] [a-EvictionTimer] c.n.e.registry.AbstractInstanceRegistry  : Running the evict task with compensationTime 5ms
2025-03-20T16:42:46.879+05:30  INFO 19935 --- [discovery-service] [a-EvictionTimer] c.n.e.registry.AbstractInstanceRegistry  : Running the evict task with compensationTime 4ms
2025-03-20T16:43:46.887+05:30  INFO 19935 --- [discovery-service] [a-EvictionTimer] c.n.e.registry.AbstractInstanceRegistry  : Running the evict task with compensationTime 4ms
2025-03-20T16:44:46.890+05:30  INFO 19935 --- [discovery-service] [a-EvictionTimer] c.n.e.registry.AbstractInstanceRegistry  : Running the evict task with compensationTime 4ms
2025-03-20T16:45:46.895+05:30  INFO 19935 --- [discovery-service] [a-EvictionTimer] c.n.e.registry.AbstractInstanceRegistry  : Running the evict task with compensationTime 3ms
2025-03-20T16:46:46.898+05:30  INFO 19935 --- [discovery-service] [a-EvictionTimer] c.n.e.registry.AbstractInstanceRegistry  : Running the evict task with compensationTime 4ms
2025-03-20T16:47:46.904+05:30  INFO 19935 --- [discovery-service] [a-EvictionTimer] c.n.e.registry.AbstractInstanceRegistry  : Running the evict task with compensationTime 4ms
2025-03-20T16:48:46.908+05:30  INFO 19935 --- [discovery-service] [a-EvictionTimer] c.n.e.registry.AbstractInstanceRegistry  : Running the evict task with compensationTime 4ms
2025-03-20T16:49:46.911+05:30  INFO 19935 --- [discovery-service] [a-EvictionTimer] c.n.e.registry.AbstractInstanceRegistry  : Running the evict task with compensationTime 2ms
2025-03-20T16:50:46.911+05:30  INFO 19935 --- [discovery-service] [a-EvictionTimer] c.n.e.registry.AbstractInstanceRegistry  : Running the evict task with compensationTime 0ms
2025-03-20T16:51:45.725+05:30  INFO 19935 --- [discovery-service] [hresholdUpdater] c.n.e.r.PeerAwareInstanceRegistryImpl    : Current renewal threshold is : 0
2025-03-20T16:51:46.917+05:30  INFO 19935 --- [discovery-service] [a-EvictionTimer] c.n.e.registry.AbstractInstanceRegistry  : Running the evict task with compensationTime 5ms
2025-03-20T16:52:46.919+05:30  INFO 19935 --- [discovery-service] [a-EvictionTimer] c.n.e.registry.AbstractInstanceRegistry  : Running the evict task with compensationTime 0ms
2025-03-20T16:53:46.919+05:30  INFO 19935 --- [discovery-service] [a-EvictionTimer] c.n.e.registry.AbstractInstanceRegistry  : Running the evict task with compensationTime 11ms
2025-03-20T16:54:46.925+05:30  INFO 19935 --- [discovery-service] [a-EvictionTimer] c.n.e.registry.AbstractInstanceRegistry  : Running the evict task with compensationTime 5ms
2025-03-20T16:55:46.930+05:30  INFO 19935 --- [discovery-service] [a-EvictionTimer] c.n.e.registry.AbstractInstanceRegistry  : Running the evict task with compensationTime 5ms
2025-03-20T16:56:46.934+05:30  INFO 19935 --- [discovery-service] [a-EvictionTimer] c.n.e.registry.AbstractInstanceRegistry  : Running the evict task with compensationTime 4ms
2025-03-20T16:57:46.938+05:30  INFO 19935 --- [discovery-service] [a-EvictionTimer] c.n.e.registry.AbstractInstanceRegistry  : Running the evict task with compensationTime 3ms
2025-03-20T16:58:46.943+05:30  INFO 19935 --- [discovery-service] [a-EvictionTimer] c.n.e.registry.AbstractInstanceRegistry  : Running the evict task with compensationTime 4ms
2025-03-20T16:59:46.948+05:30  INFO 19935 --- [discovery-service] [a-EvictionTimer] c.n.e.registry.AbstractInstanceRegistry  : Running the evict task with compensationTime 4ms
2025-03-20T17:00:46.948+05:30  INFO 19935 --- [discovery-service] [a-EvictionTimer] c.n.e.registry.AbstractInstanceRegistry  : Running the evict task with compensationTime 0ms
2025-03-20T17:01:46.953+05:30  INFO 19935 --- [discovery-service] [a-EvictionTimer] c.n.e.registry.AbstractInstanceRegistry  : Running the evict task with compensationTime 4ms
2025-03-20T17:02:46.959+05:30  INFO 19935 --- [discovery-service] [a-EvictionTimer] c.n.e.registry.AbstractInstanceRegistry  : Running the evict task with compensationTime 5ms
2025-03-20T17:03:46.961+05:30  INFO 19935 --- [discovery-service] [a-EvictionTimer] c.n.e.registry.AbstractInstanceRegistry  : Running the evict task with compensationTime 1ms
2025-03-20T17:04:46.961+05:30  INFO 19935 --- [discovery-service] [a-EvictionTimer] c.n.e.registry.AbstractInstanceRegistry  : Running the evict task with compensationTime 0ms
2025-03-20T17:05:46.967+05:30  INFO 19935 --- [discovery-service] [a-EvictionTimer] c.n.e.registry.AbstractInstanceRegistry  : Running the evict task with compensationTime 2ms
2025-03-20T17:06:45.742+05:30  INFO 19935 --- [discovery-service] [hresholdUpdater] c.n.e.r.PeerAwareInstanceRegistryImpl    : Current renewal threshold is : 0
2025-03-20T17:06:46.964+05:30  INFO 19935 --- [discovery-service] [a-EvictionTimer] c.n.e.registry.AbstractInstanceRegistry  : Running the evict task with compensationTime 0ms
2025-03-20T17:07:46.972+05:30  INFO 19935 --- [discovery-service] [a-EvictionTimer] c.n.e.registry.AbstractInstanceRegistry  : Running the evict task with compensationTime 3ms
2025-03-20T17:08:46.968+05:30  INFO 19935 --- [discovery-service] [a-EvictionTimer] c.n.e.registry.AbstractInstanceRegistry  : Running the evict task with compensationTime 19ms
2025-03-20T17:09:46.971+05:30  INFO 19935 --- [discovery-service] [a-EvictionTimer] c.n.e.registry.AbstractInstanceRegistry  : Running the evict task with compensationTime 14ms
2025-03-20T17:10:46.974+05:30  INFO 19935 --- [discovery-service] [a-EvictionTimer] c.n.e.registry.AbstractInstanceRegistry  : Running the evict task with compensationTime 3ms
2025-03-20T17:11:46.978+05:30  INFO 19935 --- [discovery-service] [a-EvictionTimer] c.n.e.registry.AbstractInstanceRegistry  : Running the evict task with compensationTime 4ms
2025-03-20T17:12:46.985+05:30  INFO 19935 --- [discovery-service] [a-EvictionTimer] c.n.e.registry.AbstractInstanceRegistry  : Running the evict task with compensationTime 5ms
2025-03-20T17:13:46.985+05:30  INFO 19935 --- [discovery-service] [a-EvictionTimer] c.n.e.registry.AbstractInstanceRegistry  : Running the evict task with compensationTime 1ms
2025-03-20T17:14:46.988+05:30  INFO 19935 --- [discovery-service] [a-EvictionTimer] c.n.e.registry.AbstractInstanceRegistry  : Running the evict task with compensationTime 2ms
2025-03-20T17:15:46.992+05:30  INFO 19935 --- [discovery-service] [a-EvictionTimer] c.n.e.registry.AbstractInstanceRegistry  : Running the evict task with compensationTime 5ms
2025-03-20T17:16:46.999+05:30  INFO 19935 --- [discovery-service] [a-EvictionTimer] c.n.e.registry.AbstractInstanceRegistry  : Running the evict task with compensationTime 5ms
2025-03-20T17:17:47.002+05:30  INFO 19935 --- [discovery-service] [a-EvictionTimer] c.n.e.registry.AbstractInstanceRegistry  : Running the evict task with compensationTime 4ms
2025-03-20T17:18:47.007+05:30  INFO 19935 --- [discovery-service] [a-EvictionTimer] c.n.e.registry.AbstractInstanceRegistry  : Running the evict task with compensationTime 4ms
2025-03-20T17:19:47.008+05:30  INFO 19935 --- [discovery-service] [a-EvictionTimer] c.n.e.registry.AbstractInstanceRegistry  : Running the evict task with compensationTime 1ms
2025-03-20T17:20:47.013+05:30  INFO 19935 --- [discovery-service] [a-EvictionTimer] c.n.e.registry.AbstractInstanceRegistry  : Running the evict task with compensationTime 4ms
2025-03-20T17:21:45.735+05:30  INFO 19935 --- [discovery-service] [hresholdUpdater] c.n.e.r.PeerAwareInstanceRegistryImpl    : Current renewal threshold is : 0
2025-03-20T17:21:47.016+05:30  INFO 19935 --- [discovery-service] [a-EvictionTimer] c.n.e.registry.AbstractInstanceRegistry  : Running the evict task with compensationTime 5ms
2025-03-20T17:22:47.022+05:30  INFO 19935 --- [discovery-service] [a-EvictionTimer] c.n.e.registry.AbstractInstanceRegistry  : Running the evict task with compensationTime 4ms
2025-03-20T17:23:47.025+05:30  INFO 19935 --- [discovery-service] [a-EvictionTimer] c.n.e.registry.AbstractInstanceRegistry  : Running the evict task with compensationTime 4ms
2025-03-20T17:24:47.027+05:30  INFO 19935 --- [discovery-service] [a-EvictionTimer] c.n.e.registry.AbstractInstanceRegistry  : Running the evict task with compensationTime 1ms
2025-03-20T17:25:47.028+05:30  INFO 19935 --- [discovery-service] [a-EvictionTimer] c.n.e.registry.AbstractInstanceRegistry  : Running the evict task with compensationTime 1ms
2025-03-20T17:26:47.034+05:30  INFO 19935 --- [discovery-service] [a-EvictionTimer] c.n.e.registry.AbstractInstanceRegistry  : Running the evict task with compensationTime 5ms
2025-03-20T17:27:47.037+05:30  INFO 19935 --- [discovery-service] [a-EvictionTimer] c.n.e.registry.AbstractInstanceRegistry  : Running the evict task with compensationTime 2ms
2025-03-20T17:28:47.048+05:30  INFO 19935 --- [discovery-service] [a-EvictionTimer] c.n.e.registry.AbstractInstanceRegistry  : Running the evict task with compensationTime 10ms
2025-03-20T17:29:47.084+05:30  INFO 19935 --- [discovery-service] [a-EvictionTimer] c.n.e.registry.AbstractInstanceRegistry  : Running the evict task with compensationTime 4ms
2025-03-20T17:30:47.086+05:30  INFO 19935 --- [discovery-service] [a-EvictionTimer] c.n.e.registry.AbstractInstanceRegistry  : Running the evict task with compensationTime 2ms
2025-03-20T17:31:47.089+05:30  INFO 19935 --- [discovery-service] [a-EvictionTimer] c.n.e.registry.AbstractInstanceRegistry  : Running the evict task with compensationTime 1ms
2025-03-20T17:32:47.097+05:30  INFO 19935 --- [discovery-service] [a-EvictionTimer] c.n.e.registry.AbstractInstanceRegistry  : Running the evict task with compensationTime 8ms
2025-03-20T17:33:47.101+05:30  INFO 19935 --- [discovery-service] [a-EvictionTimer] c.n.e.registry.AbstractInstanceRegistry  : Running the evict task with compensationTime 3ms
2025-03-20T17:34:47.105+05:30  INFO 19935 --- [discovery-service] [a-EvictionTimer] c.n.e.registry.AbstractInstanceRegistry  : Running the evict task with compensationTime 2ms
2025-03-20T17:35:47.107+05:30  INFO 19935 --- [discovery-service] [a-EvictionTimer] c.n.e.registry.AbstractInstanceRegistry  : Running the evict task with compensationTime 2ms
2025-03-20T17:36:45.774+05:30  INFO 19935 --- [discovery-service] [hresholdUpdater] c.n.e.r.PeerAwareInstanceRegistryImpl    : Current renewal threshold is : 0
2025-03-20T17:36:47.109+05:30  INFO 19935 --- [discovery-service] [a-EvictionTimer] c.n.e.registry.AbstractInstanceRegistry  : Running the evict task with compensationTime 2ms
2025-03-20T17:37:47.112+05:30  INFO 19935 --- [discovery-service] [a-EvictionTimer] c.n.e.registry.AbstractInstanceRegistry  : Running the evict task with compensationTime 0ms
2025-03-20T17:38:47.114+05:30  INFO 19935 --- [discovery-service] [a-EvictionTimer] c.n.e.registry.AbstractInstanceRegistry  : Running the evict task with compensationTime 4ms
2025-03-20T17:39:47.120+05:30  INFO 19935 --- [discovery-service] [a-EvictionTimer] c.n.e.registry.AbstractInstanceRegistry  : Running the evict task with compensationTime 5ms
2025-03-20T17:40:47.121+05:30  INFO 19935 --- [discovery-service] [a-EvictionTimer] c.n.e.registry.AbstractInstanceRegistry  : Running the evict task with compensationTime 1ms
2025-03-20T17:41:47.124+05:30  INFO 19935 --- [discovery-service] [a-EvictionTimer] c.n.e.registry.AbstractInstanceRegistry  : Running the evict task with compensationTime 2ms
2025-03-20T17:42:47.127+05:30  INFO 19935 --- [discovery-service] [a-EvictionTimer] c.n.e.registry.AbstractInstanceRegistry  : Running the evict task with compensationTime 2ms
2025-03-20T17:43:47.127+05:30  INFO 19935 --- [discovery-service] [a-EvictionTimer] c.n.e.registry.AbstractInstanceRegistry  : Running the evict task with compensationTime 0ms
2025-03-20T17:44:47.149+05:30  INFO 19935 --- [discovery-service] [a-EvictionTimer] c.n.e.registry.AbstractInstanceRegistry  : Running the evict task with compensationTime 5ms
2025-03-20T17:45:47.154+05:30  INFO 19935 --- [discovery-service] [a-EvictionTimer] c.n.e.registry.AbstractInstanceRegistry  : Running the evict task with compensationTime 3ms
2025-03-20T17:46:47.160+05:30  INFO 19935 --- [discovery-service] [a-EvictionTimer] c.n.e.registry.AbstractInstanceRegistry  : Running the evict task with compensationTime 4ms
2025-03-20T17:47:47.165+05:30  INFO 19935 --- [discovery-service] [a-EvictionTimer] c.n.e.registry.AbstractInstanceRegistry  : Running the evict task with compensationTime 5ms
2025-03-20T17:48:47.169+05:30  INFO 19935 --- [discovery-service] [a-EvictionTimer] c.n.e.registry.AbstractInstanceRegistry  : Running the evict task with compensationTime 4ms
2025-03-20T17:49:47.175+05:30  INFO 19935 --- [discovery-service] [a-EvictionTimer] c.n.e.registry.AbstractInstanceRegistry  : Running the evict task with compensationTime 5ms
2025-03-20T17:50:47.179+05:30  INFO 19935 --- [discovery-service] [a-EvictionTimer] c.n.e.registry.AbstractInstanceRegistry  : Running the evict task with compensationTime 3ms
2025-03-20T17:51:45.802+05:30  INFO 19935 --- [discovery-service] [hresholdUpdater] c.n.e.r.PeerAwareInstanceRegistryImpl    : Current renewal threshold is : 0
2025-03-20T17:51:47.181+05:30  INFO 19935 --- [discovery-service] [a-EvictionTimer] c.n.e.registry.AbstractInstanceRegistry  : Running the evict task with compensationTime 2ms
2025-03-20T17:52:47.183+05:30  INFO 19935 --- [discovery-service] [a-EvictionTimer] c.n.e.registry.AbstractInstanceRegistry  : Running the evict task with compensationTime 0ms
2025-03-20T17:53:47.188+05:30  INFO 19935 --- [discovery-service] [a-EvictionTimer] c.n.e.registry.AbstractInstanceRegistry  : Running the evict task with compensationTime 4ms
2025-03-20T17:54:47.192+05:30  INFO 19935 --- [discovery-service] [a-EvictionTimer] c.n.e.registry.AbstractInstanceRegistry  : Running the evict task with compensationTime 3ms
2025-03-20T17:55:47.196+05:30  INFO 19935 --- [discovery-service] [a-EvictionTimer] c.n.e.registry.AbstractInstanceRegistry  : Running the evict task with compensationTime 1ms
2025-03-20T17:56:47.200+05:30  INFO 19935 --- [discovery-service] [a-EvictionTimer] c.n.e.registry.AbstractInstanceRegistry  : Running the evict task with compensationTime 5ms
2025-03-20T17:57:47.201+05:30  INFO 19935 --- [discovery-service] [a-EvictionTimer] c.n.e.registry.AbstractInstanceRegistry  : Running the evict task with compensationTime 1ms
2025-03-20T17:58:47.203+05:30  INFO 19935 --- [discovery-service] [a-EvictionTimer] c.n.e.registry.AbstractInstanceRegistry  : Running the evict task with compensationTime 1ms
2025-03-20T17:59:47.210+05:30  INFO 19935 --- [discovery-service] [a-EvictionTimer] c.n.e.registry.AbstractInstanceRegistry  : Running the evict task with compensationTime 42ms
2025-03-20T18:00:47.218+05:30  INFO 19935 --- [discovery-service] [a-EvictionTimer] c.n.e.registry.AbstractInstanceRegistry  : Running the evict task with compensationTime 9ms
2025-03-20T18:01:47.226+05:30  INFO 19935 --- [discovery-service] [a-EvictionTimer] c.n.e.registry.AbstractInstanceRegistry  : Running the evict task with compensationTime 8ms
2025-03-20T18:02:47.230+05:30  INFO 19935 --- [discovery-service] [a-EvictionTimer] c.n.e.registry.AbstractInstanceRegistry  : Running the evict task with compensationTime 3ms
2025-03-20T18:03:47.236+05:30  INFO 19935 --- [discovery-service] [a-EvictionTimer] c.n.e.registry.AbstractInstanceRegistry  : Running the evict task with compensationTime 6ms
2025-03-20T18:04:47.246+05:30  INFO 19935 --- [discovery-service] [a-EvictionTimer] c.n.e.registry.AbstractInstanceRegistry  : Running the evict task with compensationTime 9ms
2025-03-20T18:05:47.253+05:30  INFO 19935 --- [discovery-service] [a-EvictionTimer] c.n.e.registry.AbstractInstanceRegistry  : Running the evict task with compensationTime 7ms
2025-03-20T18:06:45.810+05:30  INFO 19935 --- [discovery-service] [hresholdUpdater] c.n.e.r.PeerAwareInstanceRegistryImpl    : Current renewal threshold is : 0
2025-03-20T18:06:47.257+05:30  INFO 19935 --- [discovery-service] [a-EvictionTimer] c.n.e.registry.AbstractInstanceRegistry  : Running the evict task with compensationTime 4ms
2025-03-20T18:07:47.261+05:30  INFO 19935 --- [discovery-service] [a-EvictionTimer] c.n.e.registry.AbstractInstanceRegistry  : Running the evict task with compensationTime 3ms
2025-03-20T18:08:47.262+05:30  INFO 19935 --- [discovery-service] [a-EvictionTimer] c.n.e.registry.AbstractInstanceRegistry  : Running the evict task with compensationTime 0ms
2025-03-20T18:09:47.268+05:30  INFO 19935 --- [discovery-service] [a-EvictionTimer] c.n.e.registry.AbstractInstanceRegistry  : Running the evict task with compensationTime 3ms
2025-03-20T18:10:47.269+05:30  INFO 19935 --- [discovery-service] [a-EvictionTimer] c.n.e.registry.AbstractInstanceRegistry  : Running the evict task with compensationTime 3ms
2025-03-20T18:11:47.274+05:30  INFO 19935 --- [discovery-service] [a-EvictionTimer] c.n.e.registry.AbstractInstanceRegistry  : Running the evict task with compensationTime 4ms
2025-03-20T18:12:47.278+05:30  INFO 19935 --- [discovery-service] [a-EvictionTimer] c.n.e.registry.AbstractInstanceRegistry  : Running the evict task with compensationTime 4ms
2025-03-20T18:13:47.284+05:30  INFO 19935 --- [discovery-service] [a-EvictionTimer] c.n.e.registry.AbstractInstanceRegistry  : Running the evict task with compensationTime 5ms
2025-03-20T18:14:47.288+05:30  INFO 19935 --- [discovery-service] [a-EvictionTimer] c.n.e.registry.AbstractInstanceRegistry  : Running the evict task with compensationTime 4ms
2025-03-20T18:15:47.294+05:30  INFO 19935 --- [discovery-service] [a-EvictionTimer] c.n.e.registry.AbstractInstanceRegistry  : Running the evict task with compensationTime 4ms
2025-03-20T18:16:47.295+05:30  INFO 19935 --- [discovery-service] [a-EvictionTimer] c.n.e.registry.AbstractInstanceRegistry  : Running the evict task with compensationTime 2ms
2025-03-20T18:17:47.298+05:30  INFO 19935 --- [discovery-service] [a-EvictionTimer] c.n.e.registry.AbstractInstanceRegistry  : Running the evict task with compensationTime 3ms
2025-03-20T18:18:47.299+05:30  INFO 19935 --- [discovery-service] [a-EvictionTimer] c.n.e.registry.AbstractInstanceRegistry  : Running the evict task with compensationTime 1ms
2025-03-20T18:19:47.303+05:30  INFO 19935 --- [discovery-service] [a-EvictionTimer] c.n.e.registry.AbstractInstanceRegistry  : Running the evict task with compensationTime 4ms
2025-03-20T18:20:47.308+05:30  INFO 19935 --- [discovery-service] [a-EvictionTimer] c.n.e.registry.AbstractInstanceRegistry  : Running the evict task with compensationTime 2ms
2025-03-20T18:21:45.803+05:30  INFO 19935 --- [discovery-service] [hresholdUpdater] c.n.e.r.PeerAwareInstanceRegistryImpl    : Current renewal threshold is : 0
2025-03-20T18:21:47.308+05:30  INFO 19935 --- [discovery-service] [a-EvictionTimer] c.n.e.registry.AbstractInstanceRegistry  : Running the evict task with compensationTime 4ms
2025-03-20T18:22:47.312+05:30  INFO 19935 --- [discovery-service] [a-EvictionTimer] c.n.e.registry.AbstractInstanceRegistry  : Running the evict task with compensationTime 4ms
2025-03-20T18:23:47.317+05:30  INFO 19935 --- [discovery-service] [a-EvictionTimer] c.n.e.registry.AbstractInstanceRegistry  : Running the evict task with compensationTime 5ms
2025-03-20T18:24:47.321+05:30  INFO 19935 --- [discovery-service] [a-EvictionTimer] c.n.e.registry.AbstractInstanceRegistry  : Running the evict task with compensationTime 3ms
2025-03-20T18:25:47.324+05:30  INFO 19935 --- [discovery-service] [a-EvictionTimer] c.n.e.registry.AbstractInstanceRegistry  : Running the evict task with compensationTime 3ms
2025-03-20T18:26:47.330+05:30  INFO 19935 --- [discovery-service] [a-EvictionTimer] c.n.e.registry.AbstractInstanceRegistry  : Running the evict task with compensationTime 5ms
2025-03-20T18:27:47.332+05:30  INFO 19935 --- [discovery-service] [a-EvictionTimer] c.n.e.registry.AbstractInstanceRegistry  : Running the evict task with compensationTime 2ms
2025-03-20T18:28:47.337+05:30  INFO 19935 --- [discovery-service] [a-EvictionTimer] c.n.e.registry.AbstractInstanceRegistry  : Running the evict task with compensationTime 4ms
2025-03-20T18:29:47.336+05:30  INFO 19935 --- [discovery-service] [a-EvictionTimer] c.n.e.registry.AbstractInstanceRegistry  : Running the evict task with compensationTime 0ms
2025-03-20T18:30:47.339+05:30  INFO 19935 --- [discovery-service] [a-EvictionTimer] c.n.e.registry.AbstractInstanceRegistry  : Running the evict task with compensationTime 2ms
2025-03-20T18:31:47.342+05:30  INFO 19935 --- [discovery-service] [a-EvictionTimer] c.n.e.registry.AbstractInstanceRegistry  : Running the evict task with compensationTime 2ms
2025-03-20T18:32:47.345+05:30  INFO 19935 --- [discovery-service] [a-EvictionTimer] c.n.e.registry.AbstractInstanceRegistry  : Running the evict task with compensationTime 3ms
2025-03-20T18:33:47.351+05:30  INFO 19935 --- [discovery-service] [a-EvictionTimer] c.n.e.registry.AbstractInstanceRegistry  : Running the evict task with compensationTime 5ms
2025-03-20T18:34:47.354+05:30  INFO 19935 --- [discovery-service] [a-EvictionTimer] c.n.e.registry.AbstractInstanceRegistry  : Running the evict task with compensationTime 3ms
2025-03-20T18:35:47.355+05:30  INFO 19935 --- [discovery-service] [a-EvictionTimer] c.n.e.registry.AbstractInstanceRegistry  : Running the evict task with compensationTime 0ms
2025-03-20T18:36:45.823+05:30  INFO 19935 --- [discovery-service] [hresholdUpdater] c.n.e.r.PeerAwareInstanceRegistryImpl    : Current renewal threshold is : 0
2025-03-20T18:36:47.367+05:30  INFO 19935 --- [discovery-service] [a-EvictionTimer] c.n.e.registry.AbstractInstanceRegistry  : Running the evict task with compensationTime 3ms
2025-03-20T18:37:47.371+05:30  INFO 19935 --- [discovery-service] [a-EvictionTimer] c.n.e.registry.AbstractInstanceRegistry  : Running the evict task with compensationTime 3ms
2025-03-20T18:38:47.375+05:30  INFO 19935 --- [discovery-service] [a-EvictionTimer] c.n.e.registry.AbstractInstanceRegistry  : Running the evict task with compensationTime 4ms
2025-03-20T18:39:47.381+05:30  INFO 19935 --- [discovery-service] [a-EvictionTimer] c.n.e.registry.AbstractInstanceRegistry  : Running the evict task with compensationTime 5ms
2025-03-20T18:40:47.384+05:30  INFO 19935 --- [discovery-service] [a-EvictionTimer] c.n.e.registry.AbstractInstanceRegistry  : Running the evict task with compensationTime 2ms
2025-03-20T18:41:47.386+05:30  INFO 19935 --- [discovery-service] [a-EvictionTimer] c.n.e.registry.AbstractInstanceRegistry  : Running the evict task with compensationTime 1ms
2025-03-20T18:42:47.389+05:30  INFO 19935 --- [discovery-service] [a-EvictionTimer] c.n.e.registry.AbstractInstanceRegistry  : Running the evict task with compensationTime 3ms
2025-03-20T18:43:47.394+05:30  INFO 19935 --- [discovery-service] [a-EvictionTimer] c.n.e.registry.AbstractInstanceRegistry  : Running the evict task with compensationTime 4ms
2025-03-20T18:44:47.397+05:30  INFO 19935 --- [discovery-service] [a-EvictionTimer] c.n.e.registry.AbstractInstanceRegistry  : Running the evict task with compensationTime 2ms
2025-03-20T18:45:47.402+05:30  INFO 19935 --- [discovery-service] [a-EvictionTimer] c.n.e.registry.AbstractInstanceRegistry  : Running the evict task with compensationTime 4ms
2025-03-20T18:46:47.405+05:30  INFO 19935 --- [discovery-service] [a-EvictionTimer] c.n.e.registry.AbstractInstanceRegistry  : Running the evict task with compensationTime 3ms
2025-03-20T18:47:47.409+05:30  INFO 19935 --- [discovery-service] [a-EvictionTimer] c.n.e.registry.AbstractInstanceRegistry  : Running the evict task with compensationTime 1ms
2025-03-20T18:48:47.407+05:30  INFO 19935 --- [discovery-service] [a-EvictionTimer] c.n.e.registry.AbstractInstanceRegistry  : Running the evict task with compensationTime 0ms
2025-03-20T18:49:47.412+05:30  INFO 19935 --- [discovery-service] [a-EvictionTimer] c.n.e.registry.AbstractInstanceRegistry  : Running the evict task with compensationTime 5ms
2025-03-20T18:50:47.418+05:30  INFO 19935 --- [discovery-service] [a-EvictionTimer] c.n.e.registry.AbstractInstanceRegistry  : Running the evict task with compensationTime 5ms
2025-03-20T18:51:45.823+05:30  INFO 19935 --- [discovery-service] [hresholdUpdater] c.n.e.r.PeerAwareInstanceRegistryImpl    : Current renewal threshold is : 0
2025-03-20T18:51:47.418+05:30  INFO 19935 --- [discovery-service] [a-EvictionTimer] c.n.e.registry.AbstractInstanceRegistry  : Running the evict task with compensationTime 0ms
2025-03-20T18:52:47.419+05:30  INFO 19935 --- [discovery-service] [a-EvictionTimer] c.n.e.registry.AbstractInstanceRegistry  : Running the evict task with compensationTime 0ms
2025-03-20T18:53:47.422+05:30  INFO 19935 --- [discovery-service] [a-EvictionTimer] c.n.e.registry.AbstractInstanceRegistry  : Running the evict task with compensationTime 1ms
2025-03-20T18:54:47.423+05:30  INFO 19935 --- [discovery-service] [a-EvictionTimer] c.n.e.registry.AbstractInstanceRegistry  : Running the evict task with compensationTime 3ms
2025-03-20T18:55:47.428+05:30  INFO 19935 --- [discovery-service] [a-EvictionTimer] c.n.e.registry.AbstractInstanceRegistry  : Running the evict task with compensationTime 4ms
2025-03-20T18:56:47.429+05:30  INFO 19935 --- [discovery-service] [a-EvictionTimer] c.n.e.registry.AbstractInstanceRegistry  : Running the evict task with compensationTime 0ms
2025-03-20T18:57:47.445+05:30  INFO 19935 --- [discovery-service] [a-EvictionTimer] c.n.e.registry.AbstractInstanceRegistry  : Running the evict task with compensationTime 2ms
2025-03-20T18:58:47.451+05:30  INFO 19935 --- [discovery-service] [a-EvictionTimer] c.n.e.registry.AbstractInstanceRegistry  : Running the evict task with compensationTime 5ms
2025-03-20T18:59:47.453+05:30  INFO 19935 --- [discovery-service] [a-EvictionTimer] c.n.e.registry.AbstractInstanceRegistry  : Running the evict task with compensationTime 2ms
2025-03-20T19:00:47.457+05:30  INFO 19935 --- [discovery-service] [a-EvictionTimer] c.n.e.registry.AbstractInstanceRegistry  : Running the evict task with compensationTime 3ms
2025-03-20T19:01:47.459+05:30  INFO 19935 --- [discovery-service] [a-EvictionTimer] c.n.e.registry.AbstractInstanceRegistry  : Running the evict task with compensationTime 0ms
2025-03-20T19:02:47.459+05:30  INFO 19935 --- [discovery-service] [a-EvictionTimer] c.n.e.registry.AbstractInstanceRegistry  : Running the evict task with compensationTime 1ms
2025-03-20T19:03:47.465+05:30  INFO 19935 --- [discovery-service] [a-EvictionTimer] c.n.e.registry.AbstractInstanceRegistry  : Running the evict task with compensationTime 5ms
2025-03-20T19:04:47.470+05:30  INFO 19935 --- [discovery-service] [a-EvictionTimer] c.n.e.registry.AbstractInstanceRegistry  : Running the evict task with compensationTime 4ms
2025-03-20T19:05:47.471+05:30  INFO 19935 --- [discovery-service] [a-EvictionTimer] c.n.e.registry.AbstractInstanceRegistry  : Running the evict task with compensationTime 0ms
2025-03-20T19:06:45.847+05:30  INFO 19935 --- [discovery-service] [hresholdUpdater] c.n.e.r.PeerAwareInstanceRegistryImpl    : Current renewal threshold is : 0
2025-03-20T19:06:47.474+05:30  INFO 19935 --- [discovery-service] [a-EvictionTimer] c.n.e.registry.AbstractInstanceRegistry  : Running the evict task with compensationTime 2ms
2025-03-20T19:07:47.480+05:30  INFO 19935 --- [discovery-service] [a-EvictionTimer] c.n.e.registry.AbstractInstanceRegistry  : Running the evict task with compensationTime 5ms
2025-03-20T19:08:47.483+05:30  INFO 19935 --- [discovery-service] [a-EvictionTimer] c.n.e.registry.AbstractInstanceRegistry  : Running the evict task with compensationTime 2ms
2025-03-20T19:09:47.483+05:30  INFO 19935 --- [discovery-service] [a-EvictionTimer] c.n.e.registry.AbstractInstanceRegistry  : Running the evict task with compensationTime 0ms
2025-03-20T19:10:47.495+05:30  INFO 19935 --- [discovery-service] [a-EvictionTimer] c.n.e.registry.AbstractInstanceRegistry  : Running the evict task with compensationTime 2ms
2025-03-20T19:11:47.487+05:30  INFO 19935 --- [discovery-service] [a-EvictionTimer] c.n.e.registry.AbstractInstanceRegistry  : Running the evict task with compensationTime 1ms
2025-03-20T19:12:47.500+05:30  INFO 19935 --- [discovery-service] [a-EvictionTimer] c.n.e.registry.AbstractInstanceRegistry  : Running the evict task with compensationTime 5ms
2025-03-20T19:13:47.504+05:30  INFO 19935 --- [discovery-service] [a-EvictionTimer] c.n.e.registry.AbstractInstanceRegistry  : Running the evict task with compensationTime 3ms
2025-03-20T19:14:47.510+05:30  INFO 19935 --- [discovery-service] [a-EvictionTimer] c.n.e.registry.AbstractInstanceRegistry  : Running the evict task with compensationTime 3ms
2025-03-20T19:15:47.511+05:30  INFO 19935 --- [discovery-service] [a-EvictionTimer] c.n.e.registry.AbstractInstanceRegistry  : Running the evict task with compensationTime 2ms
2025-03-20T19:16:47.516+05:30  INFO 19935 --- [discovery-service] [a-EvictionTimer] c.n.e.registry.AbstractInstanceRegistry  : Running the evict task with compensationTime 4ms
2025-03-20T19:17:47.520+05:30  INFO 19935 --- [discovery-service] [a-EvictionTimer] c.n.e.registry.AbstractInstanceRegistry  : Running the evict task with compensationTime 2ms
2025-03-20T19:18:47.525+05:30  INFO 19935 --- [discovery-service] [a-EvictionTimer] c.n.e.registry.AbstractInstanceRegistry  : Running the evict task with compensationTime 5ms
2025-03-20T19:19:47.535+05:30  INFO 19935 --- [discovery-service] [a-EvictionTimer] c.n.e.registry.AbstractInstanceRegistry  : Running the evict task with compensationTime 7ms
2025-03-20T19:20:47.536+05:30  INFO 19935 --- [discovery-service] [a-EvictionTimer] c.n.e.registry.AbstractInstanceRegistry  : Running the evict task with compensationTime 1ms
2025-03-20T19:21:45.862+05:30  INFO 19935 --- [discovery-service] [hresholdUpdater] c.n.e.r.PeerAwareInstanceRegistryImpl    : Current renewal threshold is : 0
2025-03-20T19:21:47.544+05:30  INFO 19935 --- [discovery-service] [a-EvictionTimer] c.n.e.registry.AbstractInstanceRegistry  : Running the evict task with compensationTime 8ms
2025-03-20T19:22:47.549+05:30  INFO 19935 --- [discovery-service] [a-EvictionTimer] c.n.e.registry.AbstractInstanceRegistry  : Running the evict task with compensationTime 4ms
2025-03-20T19:23:47.557+05:30  INFO 19935 --- [discovery-service] [a-EvictionTimer] c.n.e.registry.AbstractInstanceRegistry  : Running the evict task with compensationTime 8ms
2025-03-20T19:24:47.558+05:30  INFO 19935 --- [discovery-service] [a-EvictionTimer] c.n.e.registry.AbstractInstanceRegistry  : Running the evict task with compensationTime 0ms
2025-03-20T19:25:47.563+05:30  INFO 19935 --- [discovery-service] [a-EvictionTimer] c.n.e.registry.AbstractInstanceRegistry  : Running the evict task with compensationTime 5ms
2025-03-20T19:26:47.571+05:30  INFO 19935 --- [discovery-service] [a-EvictionTimer] c.n.e.registry.AbstractInstanceRegistry  : Running the evict task with compensationTime 8ms
2025-03-20T19:27:47.583+05:30  INFO 19935 --- [discovery-service] [a-EvictionTimer] c.n.e.registry.AbstractInstanceRegistry  : Running the evict task with compensationTime 9ms
2025-03-20T19:28:47.585+05:30  INFO 19935 --- [discovery-service] [a-EvictionTimer] c.n.e.registry.AbstractInstanceRegistry  : Running the evict task with compensationTime 8ms
2025-03-20T19:29:47.592+05:30  INFO 19935 --- [discovery-service] [a-EvictionTimer] c.n.e.registry.AbstractInstanceRegistry  : Running the evict task with compensationTime 6ms
2025-03-20T19:30:47.593+05:30  INFO 19935 --- [discovery-service] [a-EvictionTimer] c.n.e.registry.AbstractInstanceRegistry  : Running the evict task with compensationTime 1ms
2025-03-20T19:31:47.595+05:30  INFO 19935 --- [discovery-service] [a-EvictionTimer] c.n.e.registry.AbstractInstanceRegistry  : Running the evict task with compensationTime 1ms
2025-03-20T19:32:47.598+05:30  INFO 19935 --- [discovery-service] [a-EvictionTimer] c.n.e.registry.AbstractInstanceRegistry  : Running the evict task with compensationTime 2ms
2025-03-20T19:33:47.603+05:30  INFO 19935 --- [discovery-service] [a-EvictionTimer] c.n.e.registry.AbstractInstanceRegistry  : Running the evict task with compensationTime 4ms
2025-03-20T19:34:47.605+05:30  INFO 19935 --- [discovery-service] [a-EvictionTimer] c.n.e.registry.AbstractInstanceRegistry  : Running the evict task with compensationTime 1ms
2025-03-20T19:35:47.611+05:30  INFO 19935 --- [discovery-service] [a-EvictionTimer] c.n.e.registry.AbstractInstanceRegistry  : Running the evict task with compensationTime 5ms
2025-03-20T19:36:45.863+05:30  INFO 19935 --- [discovery-service] [hresholdUpdater] c.n.e.r.PeerAwareInstanceRegistryImpl    : Current renewal threshold is : 0
2025-03-20T19:36:47.614+05:30  INFO 19935 --- [discovery-service] [a-EvictionTimer] c.n.e.registry.AbstractInstanceRegistry  : Running the evict task with compensationTime 3ms
2025-03-20T19:37:47.618+05:30  INFO 19935 --- [discovery-service] [a-EvictionTimer] c.n.e.registry.AbstractInstanceRegistry  : Running the evict task with compensationTime 3ms
2025-03-20T19:38:47.619+05:30  INFO 19935 --- [discovery-service] [a-EvictionTimer] c.n.e.registry.AbstractInstanceRegistry  : Running the evict task with compensationTime 1ms
2025-03-20T19:39:47.624+05:30  INFO 19935 --- [discovery-service] [a-EvictionTimer] c.n.e.registry.AbstractInstanceRegistry  : Running the evict task with compensationTime 4ms
2025-03-20T19:40:47.628+05:30  INFO 19935 --- [discovery-service] [a-EvictionTimer] c.n.e.registry.AbstractInstanceRegistry  : Running the evict task with compensationTime 2ms
2025-03-20T19:41:47.631+05:30  INFO 19935 --- [discovery-service] [a-EvictionTimer] c.n.e.registry.AbstractInstanceRegistry  : Running the evict task with compensationTime 3ms
2025-03-20T19:42:47.635+05:30  INFO 19935 --- [discovery-service] [a-EvictionTimer] c.n.e.registry.AbstractInstanceRegistry  : Running the evict task with compensationTime 3ms
2025-03-20T19:43:47.645+05:30  INFO 19935 --- [discovery-service] [a-EvictionTimer] c.n.e.registry.AbstractInstanceRegistry  : Running the evict task with compensationTime 9ms
2025-03-20T19:44:47.652+05:30  INFO 19935 --- [discovery-service] [a-EvictionTimer] c.n.e.registry.AbstractInstanceRegistry  : Running the evict task with compensationTime 6ms
2025-03-20T19:45:47.658+05:30  INFO 19935 --- [discovery-service] [a-EvictionTimer] c.n.e.registry.AbstractInstanceRegistry  : Running the evict task with compensationTime 5ms
2025-03-20T19:46:47.665+05:30  INFO 19935 --- [discovery-service] [a-EvictionTimer] c.n.e.registry.AbstractInstanceRegistry  : Running the evict task with compensationTime 7ms
2025-03-20T19:47:47.670+05:30  INFO 19935 --- [discovery-service] [a-EvictionTimer] c.n.e.registry.AbstractInstanceRegistry  : Running the evict task with compensationTime 4ms
2025-03-20T19:48:47.670+05:30  INFO 19935 --- [discovery-service] [a-EvictionTimer] c.n.e.registry.AbstractInstanceRegistry  : Running the evict task with compensationTime 3ms
2025-03-20T19:49:47.674+05:30  INFO 19935 --- [discovery-service] [a-EvictionTimer] c.n.e.registry.AbstractInstanceRegistry  : Running the evict task with compensationTime 4ms
2025-03-20T19:50:47.680+05:30  INFO 19935 --- [discovery-service] [a-EvictionTimer] c.n.e.registry.AbstractInstanceRegistry  : Running the evict task with compensationTime 5ms
2025-03-20T19:51:45.867+05:30  INFO 19935 --- [discovery-service] [hresholdUpdater] c.n.e.r.PeerAwareInstanceRegistryImpl    : Current renewal threshold is : 0
2025-03-20T19:51:47.686+05:30  INFO 19935 --- [discovery-service] [a-EvictionTimer] c.n.e.registry.AbstractInstanceRegistry  : Running the evict task with compensationTime 5ms
2025-03-20T19:52:47.698+05:30  INFO 19935 --- [discovery-service] [a-EvictionTimer] c.n.e.registry.AbstractInstanceRegistry  : Running the evict task with compensationTime 7ms
2025-03-20T19:53:47.701+05:30  INFO 19935 --- [discovery-service] [a-EvictionTimer] c.n.e.registry.AbstractInstanceRegistry  : Running the evict task with compensationTime 5ms
2025-03-20T19:54:47.703+05:30  INFO 19935 --- [discovery-service] [a-EvictionTimer] c.n.e.registry.AbstractInstanceRegistry  : Running the evict task with compensationTime 1ms
2025-03-20T19:55:47.703+05:30  INFO 19935 --- [discovery-service] [a-EvictionTimer] c.n.e.registry.AbstractInstanceRegistry  : Running the evict task with compensationTime 1ms
2025-03-20T19:56:47.706+05:30  INFO 19935 --- [discovery-service] [a-EvictionTimer] c.n.e.registry.AbstractInstanceRegistry  : Running the evict task with compensationTime 2ms
2025-03-20T19:57:47.711+05:30  INFO 19935 --- [discovery-service] [a-EvictionTimer] c.n.e.registry.AbstractInstanceRegistry  : Running the evict task with compensationTime 4ms
2025-03-20T19:58:47.716+05:30  INFO 19935 --- [discovery-service] [a-EvictionTimer] c.n.e.registry.AbstractInstanceRegistry  : Running the evict task with compensationTime 4ms
2025-03-20T19:59:47.717+05:30  INFO 19935 --- [discovery-service] [a-EvictionTimer] c.n.e.registry.AbstractInstanceRegistry  : Running the evict task with compensationTime 0ms
2025-03-20T20:00:47.722+05:30  INFO 19935 --- [discovery-service] [a-EvictionTimer] c.n.e.registry.AbstractInstanceRegistry  : Running the evict task with compensationTime 3ms
2025-03-20T20:01:47.725+05:30  INFO 19935 --- [discovery-service] [a-EvictionTimer] c.n.e.registry.AbstractInstanceRegistry  : Running the evict task with compensationTime 4ms
2025-03-20T20:02:47.729+05:30  INFO 19935 --- [discovery-service] [a-EvictionTimer] c.n.e.registry.AbstractInstanceRegistry  : Running the evict task with compensationTime 3ms
2025-03-20T20:03:47.747+05:30  INFO 19935 --- [discovery-service] [a-EvictionTimer] c.n.e.registry.AbstractInstanceRegistry  : Running the evict task with compensationTime 4ms
2025-03-20T20:04:47.751+05:30  INFO 19935 --- [discovery-service] [a-EvictionTimer] c.n.e.registry.AbstractInstanceRegistry  : Running the evict task with compensationTime 2ms
2025-03-20T20:05:47.757+05:30  INFO 19935 --- [discovery-service] [a-EvictionTimer] c.n.e.registry.AbstractInstanceRegistry  : Running the evict task with compensationTime 5ms
2025-03-20T20:06:45.889+05:30  INFO 19935 --- [discovery-service] [hresholdUpdater] c.n.e.r.PeerAwareInstanceRegistryImpl    : Current renewal threshold is : 0
2025-03-20T20:06:47.761+05:30  INFO 19935 --- [discovery-service] [a-EvictionTimer] c.n.e.registry.AbstractInstanceRegistry  : Running the evict task with compensationTime 3ms
2025-03-20T20:07:47.764+05:30  INFO 19935 --- [discovery-service] [a-EvictionTimer] c.n.e.registry.AbstractInstanceRegistry  : Running the evict task with compensationTime 2ms
2025-03-20T20:08:47.772+05:30  INFO 19935 --- [discovery-service] [a-EvictionTimer] c.n.e.registry.AbstractInstanceRegistry  : Running the evict task with compensationTime 5ms
2025-03-20T20:09:47.776+05:30  INFO 19935 --- [discovery-service] [a-EvictionTimer] c.n.e.registry.AbstractInstanceRegistry  : Running the evict task with compensationTime 5ms
2025-03-20T20:10:47.780+05:30  INFO 19935 --- [discovery-service] [a-EvictionTimer] c.n.e.registry.AbstractInstanceRegistry  : Running the evict task with compensationTime 4ms
2025-03-20T20:11:47.783+05:30  INFO 19935 --- [discovery-service] [a-EvictionTimer] c.n.e.registry.AbstractInstanceRegistry  : Running the evict task with compensationTime 2ms
2025-03-20T20:12:47.789+05:30  INFO 19935 --- [discovery-service] [a-EvictionTimer] c.n.e.registry.AbstractInstanceRegistry  : Running the evict task with compensationTime 5ms
2025-03-20T20:13:47.792+05:30  INFO 19935 --- [discovery-service] [a-EvictionTimer] c.n.e.registry.AbstractInstanceRegistry  : Running the evict task with compensationTime 2ms
2025-03-20T20:14:47.803+05:30  INFO 19935 --- [discovery-service] [a-EvictionTimer] c.n.e.registry.AbstractInstanceRegistry  : Running the evict task with compensationTime 10ms
2025-03-20T20:15:47.812+05:30  INFO 19935 --- [discovery-service] [a-EvictionTimer] c.n.e.registry.AbstractInstanceRegistry  : Running the evict task with compensationTime 8ms
2025-03-20T20:16:47.816+05:30  INFO 19935 --- [discovery-service] [a-EvictionTimer] c.n.e.registry.AbstractInstanceRegistry  : Running the evict task with compensationTime 2ms
2025-03-20T20:17:47.818+05:30  INFO 19935 --- [discovery-service] [a-EvictionTimer] c.n.e.registry.AbstractInstanceRegistry  : Running the evict task with compensationTime 2ms
2025-03-20T20:18:47.825+05:30  INFO 19935 --- [discovery-service] [a-EvictionTimer] c.n.e.registry.AbstractInstanceRegistry  : Running the evict task with compensationTime 2ms
2025-03-20T20:19:47.832+05:30  INFO 19935 --- [discovery-service] [a-EvictionTimer] c.n.e.registry.AbstractInstanceRegistry  : Running the evict task with compensationTime 1ms
2025-03-20T20:20:47.835+05:30  INFO 19935 --- [discovery-service] [a-EvictionTimer] c.n.e.registry.AbstractInstanceRegistry  : Running the evict task with compensationTime 2ms
2025-03-20T20:21:45.897+05:30  INFO 19935 --- [discovery-service] [hresholdUpdater] c.n.e.r.PeerAwareInstanceRegistryImpl    : Current renewal threshold is : 0
2025-03-20T20:21:47.839+05:30  INFO 19935 --- [discovery-service] [a-EvictionTimer] c.n.e.registry.AbstractInstanceRegistry  : Running the evict task with compensationTime 3ms
2025-03-20T20:22:47.842+05:30  INFO 19935 --- [discovery-service] [a-EvictionTimer] c.n.e.registry.AbstractInstanceRegistry  : Running the evict task with compensationTime 2ms
2025-03-20T20:23:47.848+05:30  INFO 19935 --- [discovery-service] [a-EvictionTimer] c.n.e.registry.AbstractInstanceRegistry  : Running the evict task with compensationTime 3ms
2025-03-20T20:24:47.851+05:30  INFO 19935 --- [discovery-service] [a-EvictionTimer] c.n.e.registry.AbstractInstanceRegistry  : Running the evict task with compensationTime 2ms
2025-03-20T20:26:06.239+05:30  INFO 19935 --- [discovery-service] [a-EvictionTimer] c.n.e.registry.AbstractInstanceRegistry  : Running the evict task with compensationTime 0ms
2025-03-20T20:53:45.903+05:30  INFO 19935 --- [discovery-service] [a-EvictionTimer] c.n.e.registry.AbstractInstanceRegistry  : Running the evict task with compensationTime 7ms
2025-03-20T21:17:05.586+05:30  INFO 19935 --- [discovery-service] [a-EvictionTimer] c.n.e.registry.AbstractInstanceRegistry  : Running the evict task with compensationTime 5ms
2025-03-20T22:27:07.861+05:30  INFO 19935 --- [discovery-service] [a-EvictionTimer] c.n.e.registry.AbstractInstanceRegistry  : Running the evict task with compensationTime 6ms
2025-03-20T23:28:11.729+05:30  INFO 19935 --- [discovery-service] [a-EvictionTimer] c.n.e.registry.AbstractInstanceRegistry  : Running the evict task with compensationTime 8ms
2025-03-21T00:28:56.617+05:30  INFO 19935 --- [discovery-service] [a-EvictionTimer] c.n.e.registry.AbstractInstanceRegistry  : Running the evict task with compensationTime 4ms
2025-03-21T01:29:54.367+05:30  INFO 19935 --- [discovery-service] [a-EvictionTimer] c.n.e.registry.AbstractInstanceRegistry  : Running the evict task with compensationTime 2ms
2025-03-21T02:30:56.449+05:30  INFO 19935 --- [discovery-service] [a-EvictionTimer] c.n.e.registry.AbstractInstanceRegistry  : Running the evict task with compensationTime 6ms
2025-03-21T04:04:39.176+05:30  INFO 19935 --- [discovery-service] [a-EvictionTimer] c.n.e.registry.AbstractInstanceRegistry  : Running the evict task with compensationTime 3ms
2025-03-21T04:24:53.634+05:30  INFO 19935 --- [discovery-service] [a-EvictionTimer] c.n.e.registry.AbstractInstanceRegistry  : Running the evict task with compensationTime 10ms
2025-03-21T04:25:53.640+05:30  INFO 19935 --- [discovery-service] [a-EvictionTimer] c.n.e.registry.AbstractInstanceRegistry  : Running the evict task with compensationTime 5ms
2025-03-21T04:26:51.655+05:30  INFO 19935 --- [discovery-service] [hresholdUpdater] c.n.e.r.PeerAwareInstanceRegistryImpl    : Current renewal threshold is : 0
2025-03-21T04:26:53.644+05:30  INFO 19935 --- [discovery-service] [a-EvictionTimer] c.n.e.registry.AbstractInstanceRegistry  : Running the evict task with compensationTime 4ms
2025-03-21T04:27:53.650+05:30  INFO 19935 --- [discovery-service] [a-EvictionTimer] c.n.e.registry.AbstractInstanceRegistry  : Running the evict task with compensationTime 5ms
2025-03-21T04:28:53.655+05:30  INFO 19935 --- [discovery-service] [a-EvictionTimer] c.n.e.registry.AbstractInstanceRegistry  : Running the evict task with compensationTime 5ms
2025-03-21T04:29:53.659+05:30  INFO 19935 --- [discovery-service] [a-EvictionTimer] c.n.e.registry.AbstractInstanceRegistry  : Running the evict task with compensationTime 3ms
2025-03-21T04:30:53.662+05:30  INFO 19935 --- [discovery-service] [a-EvictionTimer] c.n.e.registry.AbstractInstanceRegistry  : Running the evict task with compensationTime 3ms
2025-03-21T04:31:53.664+05:30  INFO 19935 --- [discovery-service] [a-EvictionTimer] c.n.e.registry.AbstractInstanceRegistry  : Running the evict task with compensationTime 2ms
2025-03-21T04:32:53.668+05:30  INFO 19935 --- [discovery-service] [a-EvictionTimer] c.n.e.registry.AbstractInstanceRegistry  : Running the evict task with compensationTime 4ms
2025-03-21T04:33:53.673+05:30  INFO 19935 --- [discovery-service] [a-EvictionTimer] c.n.e.registry.AbstractInstanceRegistry  : Running the evict task with compensationTime 5ms
2025-03-21T04:34:53.676+05:30  INFO 19935 --- [discovery-service] [a-EvictionTimer] c.n.e.registry.AbstractInstanceRegistry  : Running the evict task with compensationTime 0ms
2025-03-21T04:35:53.678+05:30  INFO 19935 --- [discovery-service] [a-EvictionTimer] c.n.e.registry.AbstractInstanceRegistry  : Running the evict task with compensationTime 4ms
2025-03-21T04:36:53.683+05:30  INFO 19935 --- [discovery-service] [a-EvictionTimer] c.n.e.registry.AbstractInstanceRegistry  : Running the evict task with compensationTime 4ms
2025-03-21T04:37:53.686+05:30  INFO 19935 --- [discovery-service] [a-EvictionTimer] c.n.e.registry.AbstractInstanceRegistry  : Running the evict task with compensationTime 1ms
2025-03-21T04:38:53.690+05:30  INFO 19935 --- [discovery-service] [a-EvictionTimer] c.n.e.registry.AbstractInstanceRegistry  : Running the evict task with compensationTime 4ms
2025-03-21T04:39:53.695+05:30  INFO 19935 --- [discovery-service] [a-EvictionTimer] c.n.e.registry.AbstractInstanceRegistry  : Running the evict task with compensationTime 4ms
2025-03-21T04:40:53.695+05:30  INFO 19935 --- [discovery-service] [a-EvictionTimer] c.n.e.registry.AbstractInstanceRegistry  : Running the evict task with compensationTime 0ms
2025-03-21T04:41:51.644+05:30  INFO 19935 --- [discovery-service] [hresholdUpdater] c.n.e.r.PeerAwareInstanceRegistryImpl    : Current renewal threshold is : 0
2025-03-21T04:41:53.696+05:30  INFO 19935 --- [discovery-service] [a-EvictionTimer] c.n.e.registry.AbstractInstanceRegistry  : Running the evict task with compensationTime 0ms
2025-03-21T04:42:53.698+05:30  INFO 19935 --- [discovery-service] [a-EvictionTimer] c.n.e.registry.AbstractInstanceRegistry  : Running the evict task with compensationTime 3ms
2025-03-21T04:43:53.700+05:30  INFO 19935 --- [discovery-service] [a-EvictionTimer] c.n.e.registry.AbstractInstanceRegistry  : Running the evict task with compensationTime 1ms
2025-03-21T04:44:53.703+05:30  INFO 19935 --- [discovery-service] [a-EvictionTimer] c.n.e.registry.AbstractInstanceRegistry  : Running the evict task with compensationTime 0ms
2025-03-21T04:45:53.706+05:30  INFO 19935 --- [discovery-service] [a-EvictionTimer] c.n.e.registry.AbstractInstanceRegistry  : Running the evict task with compensationTime 5ms
2025-03-21T04:46:53.711+05:30  INFO 19935 --- [discovery-service] [a-EvictionTimer] c.n.e.registry.AbstractInstanceRegistry  : Running the evict task with compensationTime 4ms
2025-03-21T04:47:53.717+05:30  INFO 19935 --- [discovery-service] [a-EvictionTimer] c.n.e.registry.AbstractInstanceRegistry  : Running the evict task with compensationTime 5ms
2025-03-21T04:48:53.719+05:30  INFO 19935 --- [discovery-service] [a-EvictionTimer] c.n.e.registry.AbstractInstanceRegistry  : Running the evict task with compensationTime 2ms
2025-03-21T04:49:53.723+05:30  INFO 19935 --- [discovery-service] [a-EvictionTimer] c.n.e.registry.AbstractInstanceRegistry  : Running the evict task with compensationTime 3ms
2025-03-21T04:50:53.726+05:30  INFO 19935 --- [discovery-service] [a-EvictionTimer] c.n.e.registry.AbstractInstanceRegistry  : Running the evict task with compensationTime 2ms
2025-03-21T04:51:53.730+05:30  INFO 19935 --- [discovery-service] [a-EvictionTimer] c.n.e.registry.AbstractInstanceRegistry  : Running the evict task with compensationTime 4ms
2025-03-21T04:52:53.734+05:30  INFO 19935 --- [discovery-service] [a-EvictionTimer] c.n.e.registry.AbstractInstanceRegistry  : Running the evict task with compensationTime 1ms
2025-03-21T04:53:53.737+05:30  INFO 19935 --- [discovery-service] [a-EvictionTimer] c.n.e.registry.AbstractInstanceRegistry  : Running the evict task with compensationTime 3ms
2025-03-21T04:54:53.739+05:30  INFO 19935 --- [discovery-service] [a-EvictionTimer] c.n.e.registry.AbstractInstanceRegistry  : Running the evict task with compensationTime 1ms
2025-03-21T04:55:53.743+05:30  INFO 19935 --- [discovery-service] [a-EvictionTimer] c.n.e.registry.AbstractInstanceRegistry  : Running the evict task with compensationTime 3ms
2025-03-21T04:56:51.657+05:30  INFO 19935 --- [discovery-service] [hresholdUpdater] c.n.e.r.PeerAwareInstanceRegistryImpl    : Current renewal threshold is : 0
2025-03-21T04:56:53.744+05:30  INFO 19935 --- [discovery-service] [a-EvictionTimer] c.n.e.registry.AbstractInstanceRegistry  : Running the evict task with compensationTime 2ms
2025-03-21T04:57:53.748+05:30  INFO 19935 --- [discovery-service] [a-EvictionTimer] c.n.e.registry.AbstractInstanceRegistry  : Running the evict task with compensationTime 3ms
2025-03-21T04:58:53.750+05:30  INFO 19935 --- [discovery-service] [a-EvictionTimer] c.n.e.registry.AbstractInstanceRegistry  : Running the evict task with compensationTime 2ms
2025-03-21T04:59:53.754+05:30  INFO 19935 --- [discovery-service] [a-EvictionTimer] c.n.e.registry.AbstractInstanceRegistry  : Running the evict task with compensationTime 3ms
2025-03-21T05:00:53.759+05:30  INFO 19935 --- [discovery-service] [a-EvictionTimer] c.n.e.registry.AbstractInstanceRegistry  : Running the evict task with compensationTime 5ms
2025-03-21T05:01:53.764+05:30  INFO 19935 --- [discovery-service] [a-EvictionTimer] c.n.e.registry.AbstractInstanceRegistry  : Running the evict task with compensationTime 4ms
2025-03-21T05:02:53.767+05:30  INFO 19935 --- [discovery-service] [a-EvictionTimer] c.n.e.registry.AbstractInstanceRegistry  : Running the evict task with compensationTime 2ms
2025-03-21T05:03:53.767+05:30  INFO 19935 --- [discovery-service] [a-EvictionTimer] c.n.e.registry.AbstractInstanceRegistry  : Running the evict task with compensationTime 0ms
2025-03-21T05:04:53.770+05:30  INFO 19935 --- [discovery-service] [a-EvictionTimer] c.n.e.registry.AbstractInstanceRegistry  : Running the evict task with compensationTime 3ms
2025-03-21T05:05:53.773+05:30  INFO 19935 --- [discovery-service] [a-EvictionTimer] c.n.e.registry.AbstractInstanceRegistry  : Running the evict task with compensationTime 2ms
2025-03-21T05:06:53.777+05:30  INFO 19935 --- [discovery-service] [a-EvictionTimer] c.n.e.registry.AbstractInstanceRegistry  : Running the evict task with compensationTime 4ms
2025-03-21T05:07:53.785+05:30  INFO 19935 --- [discovery-service] [a-EvictionTimer] c.n.e.registry.AbstractInstanceRegistry  : Running the evict task with compensationTime 5ms
2025-03-21T05:08:53.787+05:30  INFO 19935 --- [discovery-service] [a-EvictionTimer] c.n.e.registry.AbstractInstanceRegistry  : Running the evict task with compensationTime 2ms
2025-03-21T05:09:53.790+05:30  INFO 19935 --- [discovery-service] [a-EvictionTimer] c.n.e.registry.AbstractInstanceRegistry  : Running the evict task with compensationTime 1ms
2025-03-21T05:10:53.791+05:30  INFO 19935 --- [discovery-service] [a-EvictionTimer] c.n.e.registry.AbstractInstanceRegistry  : Running the evict task with compensationTime 2ms
2025-03-21T05:11:51.656+05:30  INFO 19935 --- [discovery-service] [hresholdUpdater] c.n.e.r.PeerAwareInstanceRegistryImpl    : Current renewal threshold is : 0
2025-03-21T05:11:53.791+05:30  INFO 19935 --- [discovery-service] [a-EvictionTimer] c.n.e.registry.AbstractInstanceRegistry  : Running the evict task with compensationTime 0ms
2025-03-21T05:12:53.791+05:30  INFO 19935 --- [discovery-service] [a-EvictionTimer] c.n.e.registry.AbstractInstanceRegistry  : Running the evict task with compensationTime 0ms
2025-03-21T05:13:53.792+05:30  INFO 19935 --- [discovery-service] [a-EvictionTimer] c.n.e.registry.AbstractInstanceRegistry  : Running the evict task with compensationTime 0ms
2025-03-21T05:14:53.796+05:30  INFO 19935 --- [discovery-service] [a-EvictionTimer] c.n.e.registry.AbstractInstanceRegistry  : Running the evict task with compensationTime 3ms
2025-03-21T05:15:53.796+05:30  INFO 19935 --- [discovery-service] [a-EvictionTimer] c.n.e.registry.AbstractInstanceRegistry  : Running the evict task with compensationTime 0ms
2025-03-21T05:16:53.797+05:30  INFO 19935 --- [discovery-service] [a-EvictionTimer] c.n.e.registry.AbstractInstanceRegistry  : Running the evict task with compensationTime 1ms
2025-03-21T05:17:53.799+05:30  INFO 19935 --- [discovery-service] [a-EvictionTimer] c.n.e.registry.AbstractInstanceRegistry  : Running the evict task with compensationTime 1ms
2025-03-21T05:18:53.807+05:30  INFO 19935 --- [discovery-service] [a-EvictionTimer] c.n.e.registry.AbstractInstanceRegistry  : Running the evict task with compensationTime 4ms
2025-03-21T05:19:53.805+05:30  INFO 19935 --- [discovery-service] [a-EvictionTimer] c.n.e.registry.AbstractInstanceRegistry  : Running the evict task with compensationTime 1ms
2025-03-21T05:20:53.810+05:30  INFO 19935 --- [discovery-service] [a-EvictionTimer] c.n.e.registry.AbstractInstanceRegistry  : Running the evict task with compensationTime 4ms
2025-03-21T05:21:53.810+05:30  INFO 19935 --- [discovery-service] [a-EvictionTimer] c.n.e.registry.AbstractInstanceRegistry  : Running the evict task with compensationTime 0ms
2025-03-21T05:22:53.812+05:30  INFO 19935 --- [discovery-service] [a-EvictionTimer] c.n.e.registry.AbstractInstanceRegistry  : Running the evict task with compensationTime 2ms
2025-03-21T05:23:53.813+05:30  INFO 19935 --- [discovery-service] [a-EvictionTimer] c.n.e.registry.AbstractInstanceRegistry  : Running the evict task with compensationTime 0ms
2025-03-21T05:24:53.813+05:30  INFO 19935 --- [discovery-service] [a-EvictionTimer] c.n.e.registry.AbstractInstanceRegistry  : Running the evict task with compensationTime 0ms
2025-03-21T05:25:53.819+05:30  INFO 19935 --- [discovery-service] [a-EvictionTimer] c.n.e.registry.AbstractInstanceRegistry  : Running the evict task with compensationTime 5ms
2025-03-21T05:26:51.663+05:30  INFO 19935 --- [discovery-service] [hresholdUpdater] c.n.e.r.PeerAwareInstanceRegistryImpl    : Current renewal threshold is : 0
2025-03-21T05:26:53.822+05:30  INFO 19935 --- [discovery-service] [a-EvictionTimer] c.n.e.registry.AbstractInstanceRegistry  : Running the evict task with compensationTime 3ms
2025-03-21T05:27:53.827+05:30  INFO 19935 --- [discovery-service] [a-EvictionTimer] c.n.e.registry.AbstractInstanceRegistry  : Running the evict task with compensationTime 3ms
2025-03-21T05:28:53.831+05:30  INFO 19935 --- [discovery-service] [a-EvictionTimer] c.n.e.registry.AbstractInstanceRegistry  : Running the evict task with compensationTime 4ms
2025-03-21T05:29:53.835+05:30  INFO 19935 --- [discovery-service] [a-EvictionTimer] c.n.e.registry.AbstractInstanceRegistry  : Running the evict task with compensationTime 4ms
2025-03-21T05:30:53.839+05:30  INFO 19935 --- [discovery-service] [a-EvictionTimer] c.n.e.registry.AbstractInstanceRegistry  : Running the evict task with compensationTime 4ms
2025-03-21T05:31:53.843+05:30  INFO 19935 --- [discovery-service] [a-EvictionTimer] c.n.e.registry.AbstractInstanceRegistry  : Running the evict task with compensationTime 4ms
2025-03-21T05:32:53.848+05:30  INFO 19935 --- [discovery-service] [a-EvictionTimer] c.n.e.registry.AbstractInstanceRegistry  : Running the evict task with compensationTime 4ms
2025-03-21T05:33:53.852+05:30  INFO 19935 --- [discovery-service] [a-EvictionTimer] c.n.e.registry.AbstractInstanceRegistry  : Running the evict task with compensationTime 5ms
2025-03-21T05:34:53.856+05:30  INFO 19935 --- [discovery-service] [a-EvictionTimer] c.n.e.registry.AbstractInstanceRegistry  : Running the evict task with compensationTime 3ms
2025-03-21T05:35:53.863+05:30  INFO 19935 --- [discovery-service] [a-EvictionTimer] c.n.e.registry.AbstractInstanceRegistry  : Running the evict task with compensationTime 4ms
2025-03-21T05:36:53.866+05:30  INFO 19935 --- [discovery-service] [a-EvictionTimer] c.n.e.registry.AbstractInstanceRegistry  : Running the evict task with compensationTime 4ms
2025-03-21T05:37:53.871+05:30  INFO 19935 --- [discovery-service] [a-EvictionTimer] c.n.e.registry.AbstractInstanceRegistry  : Running the evict task with compensationTime 2ms
2025-03-21T05:38:53.874+05:30  INFO 19935 --- [discovery-service] [a-EvictionTimer] c.n.e.registry.AbstractInstanceRegistry  : Running the evict task with compensationTime 2ms
2025-03-21T05:39:53.879+05:30  INFO 19935 --- [discovery-service] [a-EvictionTimer] c.n.e.registry.AbstractInstanceRegistry  : Running the evict task with compensationTime 4ms
2025-03-21T05:40:53.883+05:30  INFO 19935 --- [discovery-service] [a-EvictionTimer] c.n.e.registry.AbstractInstanceRegistry  : Running the evict task with compensationTime 3ms
2025-03-21T05:41:51.663+05:30  INFO 19935 --- [discovery-service] [hresholdUpdater] c.n.e.r.PeerAwareInstanceRegistryImpl    : Current renewal threshold is : 0
2025-03-21T05:41:53.885+05:30  INFO 19935 --- [discovery-service] [a-EvictionTimer] c.n.e.registry.AbstractInstanceRegistry  : Running the evict task with compensationTime 2ms
2025-03-21T05:42:53.891+05:30  INFO 19935 --- [discovery-service] [a-EvictionTimer] c.n.e.registry.AbstractInstanceRegistry  : Running the evict task with compensationTime 5ms
2025-03-21T05:43:53.893+05:30  INFO 19935 --- [discovery-service] [a-EvictionTimer] c.n.e.registry.AbstractInstanceRegistry  : Running the evict task with compensationTime 2ms
2025-03-21T05:44:53.894+05:30  INFO 19935 --- [discovery-service] [a-EvictionTimer] c.n.e.registry.AbstractInstanceRegistry  : Running the evict task with compensationTime 0ms
2025-03-21T05:45:53.896+05:30  INFO 19935 --- [discovery-service] [a-EvictionTimer] c.n.e.registry.AbstractInstanceRegistry  : Running the evict task with compensationTime 1ms
2025-03-21T05:46:53.899+05:30  INFO 19935 --- [discovery-service] [a-EvictionTimer] c.n.e.registry.AbstractInstanceRegistry  : Running the evict task with compensationTime 3ms
2025-03-21T05:47:53.905+05:30  INFO 19935 --- [discovery-service] [a-EvictionTimer] c.n.e.registry.AbstractInstanceRegistry  : Running the evict task with compensationTime 5ms
2025-03-21T05:48:53.908+05:30  INFO 19935 --- [discovery-service] [a-EvictionTimer] c.n.e.registry.AbstractInstanceRegistry  : Running the evict task with compensationTime 2ms
2025-03-21T05:49:53.914+05:30  INFO 19935 --- [discovery-service] [a-EvictionTimer] c.n.e.registry.AbstractInstanceRegistry  : Running the evict task with compensationTime 5ms
2025-03-21T05:50:53.919+05:30  INFO 19935 --- [discovery-service] [a-EvictionTimer] c.n.e.registry.AbstractInstanceRegistry  : Running the evict task with compensationTime 5ms
2025-03-21T05:51:53.922+05:30  INFO 19935 --- [discovery-service] [a-EvictionTimer] c.n.e.registry.AbstractInstanceRegistry  : Running the evict task with compensationTime 3ms
2025-03-21T05:52:53.929+05:30  INFO 19935 --- [discovery-service] [a-EvictionTimer] c.n.e.registry.AbstractInstanceRegistry  : Running the evict task with compensationTime 4ms
2025-03-21T05:53:53.934+05:30  INFO 19935 --- [discovery-service] [a-EvictionTimer] c.n.e.registry.AbstractInstanceRegistry  : Running the evict task with compensationTime 4ms
2025-03-21T05:54:53.936+05:30  INFO 19935 --- [discovery-service] [a-EvictionTimer] c.n.e.registry.AbstractInstanceRegistry  : Running the evict task with compensationTime 1ms
2025-03-21T05:55:53.941+05:30  INFO 19935 --- [discovery-service] [a-EvictionTimer] c.n.e.registry.AbstractInstanceRegistry  : Running the evict task with compensationTime 4ms
2025-03-21T05:56:51.670+05:30  INFO 19935 --- [discovery-service] [hresholdUpdater] c.n.e.r.PeerAwareInstanceRegistryImpl    : Current renewal threshold is : 0
2025-03-21T05:56:53.943+05:30  INFO 19935 --- [discovery-service] [a-EvictionTimer] c.n.e.registry.AbstractInstanceRegistry  : Running the evict task with compensationTime 2ms
2025-03-21T05:57:53.947+05:30  INFO 19935 --- [discovery-service] [a-EvictionTimer] c.n.e.registry.AbstractInstanceRegistry  : Running the evict task with compensationTime 4ms
2025-03-21T05:58:53.953+05:30  INFO 19935 --- [discovery-service] [a-EvictionTimer] c.n.e.registry.AbstractInstanceRegistry  : Running the evict task with compensationTime 5ms
2025-03-21T05:59:53.956+05:30  INFO 19935 --- [discovery-service] [a-EvictionTimer] c.n.e.registry.AbstractInstanceRegistry  : Running the evict task with compensationTime 3ms
2025-03-21T06:00:53.961+05:30  INFO 19935 --- [discovery-service] [a-EvictionTimer] c.n.e.registry.AbstractInstanceRegistry  : Running the evict task with compensationTime 4ms
2025-03-21T06:01:53.969+05:30  INFO 19935 --- [discovery-service] [a-EvictionTimer] c.n.e.registry.AbstractInstanceRegistry  : Running the evict task with compensationTime 8ms
2025-03-21T06:02:53.980+05:30  INFO 19935 --- [discovery-service] [a-EvictionTimer] c.n.e.registry.AbstractInstanceRegistry  : Running the evict task with compensationTime 9ms
2025-03-21T06:03:53.980+05:30  INFO 19935 --- [discovery-service] [a-EvictionTimer] c.n.e.registry.AbstractInstanceRegistry  : Running the evict task with compensationTime 0ms
2025-03-21T06:04:53.982+05:30  INFO 19935 --- [discovery-service] [a-EvictionTimer] c.n.e.registry.AbstractInstanceRegistry  : Running the evict task with compensationTime 2ms
2025-03-21T06:05:53.987+05:30  INFO 19935 --- [discovery-service] [a-EvictionTimer] c.n.e.registry.AbstractInstanceRegistry  : Running the evict task with compensationTime 4ms
2025-03-21T06:06:53.989+05:30  INFO 19935 --- [discovery-service] [a-EvictionTimer] c.n.e.registry.AbstractInstanceRegistry  : Running the evict task with compensationTime 1ms
2025-03-21T06:07:53.998+05:30  INFO 19935 --- [discovery-service] [a-EvictionTimer] c.n.e.registry.AbstractInstanceRegistry  : Running the evict task with compensationTime 9ms
2025-03-21T06:08:54.008+05:30  INFO 19935 --- [discovery-service] [a-EvictionTimer] c.n.e.registry.AbstractInstanceRegistry  : Running the evict task with compensationTime 8ms
2025-03-21T06:09:54.016+05:30  INFO 19935 --- [discovery-service] [a-EvictionTimer] c.n.e.registry.AbstractInstanceRegistry  : Running the evict task with compensationTime 8ms
2025-03-21T06:10:54.023+05:30  INFO 19935 --- [discovery-service] [a-EvictionTimer] c.n.e.registry.AbstractInstanceRegistry  : Running the evict task with compensationTime 4ms
2025-03-21T06:11:51.679+05:30  INFO 19935 --- [discovery-service] [hresholdUpdater] c.n.e.r.PeerAwareInstanceRegistryImpl    : Current renewal threshold is : 0
2025-03-21T06:11:54.026+05:30  INFO 19935 --- [discovery-service] [a-EvictionTimer] c.n.e.registry.AbstractInstanceRegistry  : Running the evict task with compensationTime 4ms
2025-03-21T07:52:22.425+05:30  INFO 19935 --- [discovery-service] [a-EvictionTimer] c.n.e.registry.AbstractInstanceRegistry  : Running the evict task with compensationTime 3ms
2025-03-21T08:48:07.852+05:30  INFO 19935 --- [discovery-service] [a-EvictionTimer] c.n.e.registry.AbstractInstanceRegistry  : Running the evict task with compensationTime 4ms
2025-03-21T09:14:19.166+05:30  INFO 19935 --- [discovery-service] [a-EvictionTimer] c.n.e.registry.AbstractInstanceRegistry  : Running the evict task with compensationTime 5ms
2025-03-21T10:15:43.032+05:30  INFO 19935 --- [discovery-service] [a-EvictionTimer] c.n.e.registry.AbstractInstanceRegistry  : Running the evict task with compensationTime 7ms
2025-03-21T10:51:34.117+05:30  INFO 19935 --- [discovery-service] [a-EvictionTimer] c.n.e.registry.AbstractInstanceRegistry  : Running the evict task with compensationTime 0ms
2025-03-21T10:53:24.089+05:30  INFO 19935 --- [discovery-service] [a-EvictionTimer] c.n.e.registry.AbstractInstanceRegistry  : Running the evict task with compensationTime 4ms
2025-03-21T10:54:24.095+05:30  INFO 19935 --- [discovery-service] [a-EvictionTimer] c.n.e.registry.AbstractInstanceRegistry  : Running the evict task with compensationTime 4ms
2025-03-21T10:55:24.098+05:30  INFO 19935 --- [discovery-service] [a-EvictionTimer] c.n.e.registry.AbstractInstanceRegistry  : Running the evict task with compensationTime 3ms
2025-03-21T10:56:24.103+05:30  INFO 19935 --- [discovery-service] [a-EvictionTimer] c.n.e.registry.AbstractInstanceRegistry  : Running the evict task with compensationTime 3ms
2025-03-21T10:57:24.106+05:30  INFO 19935 --- [discovery-service] [a-EvictionTimer] c.n.e.registry.AbstractInstanceRegistry  : Running the evict task with compensationTime 3ms
2025-03-21T10:58:24.107+05:30  INFO 19935 --- [discovery-service] [a-EvictionTimer] c.n.e.registry.AbstractInstanceRegistry  : Running the evict task with compensationTime 1ms
2025-03-21T10:59:24.111+05:30  INFO 19935 --- [discovery-service] [a-EvictionTimer] c.n.e.registry.AbstractInstanceRegistry  : Running the evict task with compensationTime 4ms
2025-03-21T11:00:24.114+05:30  INFO 19935 --- [discovery-service] [a-EvictionTimer] c.n.e.registry.AbstractInstanceRegistry  : Running the evict task with compensationTime 3ms
2025-03-21T11:01:24.117+05:30  INFO 19935 --- [discovery-service] [a-EvictionTimer] c.n.e.registry.AbstractInstanceRegistry  : Running the evict task with compensationTime 1ms
2025-03-21T11:02:21.724+05:30  INFO 19935 --- [discovery-service] [hresholdUpdater] c.n.e.r.PeerAwareInstanceRegistryImpl    : Current renewal threshold is : 0
2025-03-21T11:02:24.120+05:30  INFO 19935 --- [discovery-service] [a-EvictionTimer] c.n.e.registry.AbstractInstanceRegistry  : Running the evict task with compensationTime 4ms
2025-03-21T11:03:24.123+05:30  INFO 19935 --- [discovery-service] [a-EvictionTimer] c.n.e.registry.AbstractInstanceRegistry  : Running the evict task with compensationTime 3ms
2025-03-21T11:04:24.125+05:30  INFO 19935 --- [discovery-service] [a-EvictionTimer] c.n.e.registry.AbstractInstanceRegistry  : Running the evict task with compensationTime 1ms
2025-03-21T11:05:24.130+05:30  INFO 19935 --- [discovery-service] [a-EvictionTimer] c.n.e.registry.AbstractInstanceRegistry  : Running the evict task with compensationTime 4ms
2025-03-21T11:06:24.136+05:30  INFO 19935 --- [discovery-service] [a-EvictionTimer] c.n.e.registry.AbstractInstanceRegistry  : Running the evict task with compensationTime 5ms
2025-03-21T11:07:24.142+05:30  INFO 19935 --- [discovery-service] [a-EvictionTimer] c.n.e.registry.AbstractInstanceRegistry  : Running the evict task with compensationTime 4ms
2025-03-21T11:08:24.142+05:30  INFO 19935 --- [discovery-service] [a-EvictionTimer] c.n.e.registry.AbstractInstanceRegistry  : Running the evict task with compensationTime 0ms
2025-03-21T11:09:24.143+05:30  INFO 19935 --- [discovery-service] [a-EvictionTimer] c.n.e.registry.AbstractInstanceRegistry  : Running the evict task with compensationTime 1ms
2025-03-21T11:10:24.149+05:30  INFO 19935 --- [discovery-service] [a-EvictionTimer] c.n.e.registry.AbstractInstanceRegistry  : Running the evict task with compensationTime 5ms
2025-03-21T11:11:24.153+05:30  INFO 19935 --- [discovery-service] [a-EvictionTimer] c.n.e.registry.AbstractInstanceRegistry  : Running the evict task with compensationTime 4ms
2025-03-21T11:12:24.158+05:30  INFO 19935 --- [discovery-service] [a-EvictionTimer] c.n.e.registry.AbstractInstanceRegistry  : Running the evict task with compensationTime 4ms
2025-03-21T11:13:24.162+05:30  INFO 19935 --- [discovery-service] [a-EvictionTimer] c.n.e.registry.AbstractInstanceRegistry  : Running the evict task with compensationTime 4ms
2025-03-21T11:14:24.166+05:30  INFO 19935 --- [discovery-service] [a-EvictionTimer] c.n.e.registry.AbstractInstanceRegistry  : Running the evict task with compensationTime 2ms
2025-03-21T11:15:24.166+05:30  INFO 19935 --- [discovery-service] [a-EvictionTimer] c.n.e.registry.AbstractInstanceRegistry  : Running the evict task with compensationTime 1ms
2025-03-21T11:16:24.171+05:30  INFO 19935 --- [discovery-service] [a-EvictionTimer] c.n.e.registry.AbstractInstanceRegistry  : Running the evict task with compensationTime 4ms
2025-03-21T11:17:21.734+05:30  INFO 19935 --- [discovery-service] [hresholdUpdater] c.n.e.r.PeerAwareInstanceRegistryImpl    : Current renewal threshold is : 0
2025-03-21T11:17:24.172+05:30  INFO 19935 --- [discovery-service] [a-EvictionTimer] c.n.e.registry.AbstractInstanceRegistry  : Running the evict task with compensationTime 1ms
2025-03-21T11:18:24.177+05:30  INFO 19935 --- [discovery-service] [a-EvictionTimer] c.n.e.registry.AbstractInstanceRegistry  : Running the evict task with compensationTime 5ms
2025-03-21T11:19:24.184+05:30  INFO 19935 --- [discovery-service] [a-EvictionTimer] c.n.e.registry.AbstractInstanceRegistry  : Running the evict task with compensationTime 3ms
2025-03-21T11:20:24.184+05:30  INFO 19935 --- [discovery-service] [a-EvictionTimer] c.n.e.registry.AbstractInstanceRegistry  : Running the evict task with compensationTime 2ms
2025-03-21T11:21:24.187+05:30  INFO 19935 --- [discovery-service] [a-EvictionTimer] c.n.e.registry.AbstractInstanceRegistry  : Running the evict task with compensationTime 3ms
2025-03-21T11:22:24.193+05:30  INFO 19935 --- [discovery-service] [a-EvictionTimer] c.n.e.registry.AbstractInstanceRegistry  : Running the evict task with compensationTime 4ms
2025-03-21T11:23:24.201+05:30  INFO 19935 --- [discovery-service] [a-EvictionTimer] c.n.e.registry.AbstractInstanceRegistry  : Running the evict task with compensationTime 5ms
2025-03-21T11:24:24.202+05:30  INFO 19935 --- [discovery-service] [a-EvictionTimer] c.n.e.registry.AbstractInstanceRegistry  : Running the evict task with compensationTime 1ms
2025-03-21T11:25:24.208+05:30  INFO 19935 --- [discovery-service] [a-EvictionTimer] c.n.e.registry.AbstractInstanceRegistry  : Running the evict task with compensationTime 4ms
2025-03-21T11:26:24.223+05:30  INFO 19935 --- [discovery-service] [a-EvictionTimer] c.n.e.registry.AbstractInstanceRegistry  : Running the evict task with compensationTime 5ms
2025-03-21T11:27:24.211+05:30  INFO 19935 --- [discovery-service] [a-EvictionTimer] c.n.e.registry.AbstractInstanceRegistry  : Running the evict task with compensationTime 1ms
2025-03-21T11:28:24.216+05:30  INFO 19935 --- [discovery-service] [a-EvictionTimer] c.n.e.registry.AbstractInstanceRegistry  : Running the evict task with compensationTime 5ms
2025-03-21T11:29:24.219+05:30  INFO 19935 --- [discovery-service] [a-EvictionTimer] c.n.e.registry.AbstractInstanceRegistry  : Running the evict task with compensationTime 2ms
2025-03-21T11:30:24.229+05:30  INFO 19935 --- [discovery-service] [a-EvictionTimer] c.n.e.registry.AbstractInstanceRegistry  : Running the evict task with compensationTime 4ms
2025-03-21T11:31:24.229+05:30  INFO 19935 --- [discovery-service] [a-EvictionTimer] c.n.e.registry.AbstractInstanceRegistry  : Running the evict task with compensationTime 5ms
2025-03-21T11:32:21.743+05:30  INFO 19935 --- [discovery-service] [hresholdUpdater] c.n.e.r.PeerAwareInstanceRegistryImpl    : Current renewal threshold is : 0
2025-03-21T11:32:24.231+05:30  INFO 19935 --- [discovery-service] [a-EvictionTimer] c.n.e.registry.AbstractInstanceRegistry  : Running the evict task with compensationTime 3ms
2025-03-21T11:33:24.238+05:30  INFO 19935 --- [discovery-service] [a-EvictionTimer] c.n.e.registry.AbstractInstanceRegistry  : Running the evict task with compensationTime 4ms
2025-03-21T11:34:24.239+05:30  INFO 19935 --- [discovery-service] [a-EvictionTimer] c.n.e.registry.AbstractInstanceRegistry  : Running the evict task with compensationTime 3ms
2025-03-21T11:35:24.248+05:30  INFO 19935 --- [discovery-service] [a-EvictionTimer] c.n.e.registry.AbstractInstanceRegistry  : Running the evict task with compensationTime 5ms
2025-03-21T11:36:24.247+05:30  INFO 19935 --- [discovery-service] [a-EvictionTimer] c.n.e.registry.AbstractInstanceRegistry  : Running the evict task with compensationTime 1ms
2025-03-21T11:37:24.249+05:30  INFO 19935 --- [discovery-service] [a-EvictionTimer] c.n.e.registry.AbstractInstanceRegistry  : Running the evict task with compensationTime 3ms
2025-03-21T11:38:24.253+05:30  INFO 19935 --- [discovery-service] [a-EvictionTimer] c.n.e.registry.AbstractInstanceRegistry  : Running the evict task with compensationTime 33ms
2025-03-21T11:39:24.255+05:30  INFO 19935 --- [discovery-service] [a-EvictionTimer] c.n.e.registry.AbstractInstanceRegistry  : Running the evict task with compensationTime 3ms
2025-03-21T11:40:24.258+05:30  INFO 19935 --- [discovery-service] [a-EvictionTimer] c.n.e.registry.AbstractInstanceRegistry  : Running the evict task with compensationTime 4ms
2025-03-21T11:41:24.259+05:30  INFO 19935 --- [discovery-service] [a-EvictionTimer] c.n.e.registry.AbstractInstanceRegistry  : Running the evict task with compensationTime 1ms
2025-03-21T11:42:24.263+05:30  INFO 19935 --- [discovery-service] [a-EvictionTimer] c.n.e.registry.AbstractInstanceRegistry  : Running the evict task with compensationTime 3ms
2025-03-21T11:43:24.268+05:30  INFO 19935 --- [discovery-service] [a-EvictionTimer] c.n.e.registry.AbstractInstanceRegistry  : Running the evict task with compensationTime 5ms
2025-03-21T11:44:24.270+05:30  INFO 19935 --- [discovery-service] [a-EvictionTimer] c.n.e.registry.AbstractInstanceRegistry  : Running the evict task with compensationTime 2ms
2025-03-21T11:45:24.275+05:30  INFO 19935 --- [discovery-service] [a-EvictionTimer] c.n.e.registry.AbstractInstanceRegistry  : Running the evict task with compensationTime 5ms
2025-03-21T11:46:24.282+05:30  INFO 19935 --- [discovery-service] [a-EvictionTimer] c.n.e.registry.AbstractInstanceRegistry  : Running the evict task with compensationTime 4ms
2025-03-21T11:47:21.724+05:30  INFO 19935 --- [discovery-service] [hresholdUpdater] c.n.e.r.PeerAwareInstanceRegistryImpl    : Current renewal threshold is : 0
2025-03-21T11:47:24.284+05:30  INFO 19935 --- [discovery-service] [a-EvictionTimer] c.n.e.registry.AbstractInstanceRegistry  : Running the evict task with compensationTime 5ms
2025-03-21T11:48:24.288+05:30  INFO 19935 --- [discovery-service] [a-EvictionTimer] c.n.e.registry.AbstractInstanceRegistry  : Running the evict task with compensationTime 3ms
2025-03-21T11:49:24.292+05:30  INFO 19935 --- [discovery-service] [a-EvictionTimer] c.n.e.registry.AbstractInstanceRegistry  : Running the evict task with compensationTime 4ms
2025-03-21T11:50:24.295+05:30  INFO 19935 --- [discovery-service] [a-EvictionTimer] c.n.e.registry.AbstractInstanceRegistry  : Running the evict task with compensationTime 2ms
2025-03-21T11:51:24.297+05:30  INFO 19935 --- [discovery-service] [a-EvictionTimer] c.n.e.registry.AbstractInstanceRegistry  : Running the evict task with compensationTime 4ms
2025-03-21T11:52:24.302+05:30  INFO 19935 --- [discovery-service] [a-EvictionTimer] c.n.e.registry.AbstractInstanceRegistry  : Running the evict task with compensationTime 4ms
2025-03-21T11:53:24.307+05:30  INFO 19935 --- [discovery-service] [a-EvictionTimer] c.n.e.registry.AbstractInstanceRegistry  : Running the evict task with compensationTime 1ms
2025-03-21T11:54:24.315+05:30  INFO 19935 --- [discovery-service] [a-EvictionTimer] c.n.e.registry.AbstractInstanceRegistry  : Running the evict task with compensationTime 3ms
2025-03-21T11:55:24.342+05:30  INFO 19935 --- [discovery-service] [a-EvictionTimer] c.n.e.registry.AbstractInstanceRegistry  : Running the evict task with compensationTime 3ms
2025-03-21T11:56:24.329+05:30  INFO 19935 --- [discovery-service] [a-EvictionTimer] c.n.e.registry.AbstractInstanceRegistry  : Running the evict task with compensationTime 5ms
2025-03-21T11:57:24.334+05:30  INFO 19935 --- [discovery-service] [a-EvictionTimer] c.n.e.registry.AbstractInstanceRegistry  : Running the evict task with compensationTime 5ms
2025-03-21T11:58:24.338+05:30  INFO 19935 --- [discovery-service] [a-EvictionTimer] c.n.e.registry.AbstractInstanceRegistry  : Running the evict task with compensationTime 3ms
2025-03-21T11:59:24.338+05:30  INFO 19935 --- [discovery-service] [a-EvictionTimer] c.n.e.registry.AbstractInstanceRegistry  : Running the evict task with compensationTime 1ms
2025-03-21T12:00:24.339+05:30  INFO 19935 --- [discovery-service] [a-EvictionTimer] c.n.e.registry.AbstractInstanceRegistry  : Running the evict task with compensationTime 2ms
2025-03-21T12:01:24.344+05:30  INFO 19935 --- [discovery-service] [a-EvictionTimer] c.n.e.registry.AbstractInstanceRegistry  : Running the evict task with compensationTime 5ms
2025-03-21T12:02:21.758+05:30  INFO 19935 --- [discovery-service] [hresholdUpdater] c.n.e.r.PeerAwareInstanceRegistryImpl    : Current renewal threshold is : 0
2025-03-21T12:02:24.347+05:30  INFO 19935 --- [discovery-service] [a-EvictionTimer] c.n.e.registry.AbstractInstanceRegistry  : Running the evict task with compensationTime 4ms
2025-03-21T12:03:24.350+05:30  INFO 19935 --- [discovery-service] [a-EvictionTimer] c.n.e.registry.AbstractInstanceRegistry  : Running the evict task with compensationTime 2ms
2025-03-21T12:04:24.351+05:30  INFO 19935 --- [discovery-service] [a-EvictionTimer] c.n.e.registry.AbstractInstanceRegistry  : Running the evict task with compensationTime 1ms
2025-03-21T12:05:24.351+05:30  INFO 19935 --- [discovery-service] [a-EvictionTimer] c.n.e.registry.AbstractInstanceRegistry  : Running the evict task with compensationTime 0ms
2025-03-21T12:06:24.353+05:30  INFO 19935 --- [discovery-service] [a-EvictionTimer] c.n.e.registry.AbstractInstanceRegistry  : Running the evict task with compensationTime 1ms
2025-03-21T12:07:24.354+05:30  INFO 19935 --- [discovery-service] [a-EvictionTimer] c.n.e.registry.AbstractInstanceRegistry  : Running the evict task with compensationTime 1ms
2025-03-21T12:08:24.357+05:30  INFO 19935 --- [discovery-service] [a-EvictionTimer] c.n.e.registry.AbstractInstanceRegistry  : Running the evict task with compensationTime 3ms
2025-03-21T12:09:24.361+05:30  INFO 19935 --- [discovery-service] [a-EvictionTimer] c.n.e.registry.AbstractInstanceRegistry  : Running the evict task with compensationTime 3ms
2025-03-21T12:10:24.369+05:30  INFO 19935 --- [discovery-service] [a-EvictionTimer] c.n.e.registry.AbstractInstanceRegistry  : Running the evict task with compensationTime 2ms
2025-03-21T12:11:24.374+05:30  INFO 19935 --- [discovery-service] [a-EvictionTimer] c.n.e.registry.AbstractInstanceRegistry  : Running the evict task with compensationTime 2ms
2025-03-21T12:12:24.376+05:30  INFO 19935 --- [discovery-service] [a-EvictionTimer] c.n.e.registry.AbstractInstanceRegistry  : Running the evict task with compensationTime 2ms
2025-03-21T12:13:24.380+05:30  INFO 19935 --- [discovery-service] [a-EvictionTimer] c.n.e.registry.AbstractInstanceRegistry  : Running the evict task with compensationTime 2ms
2025-03-21T12:14:24.381+05:30  INFO 19935 --- [discovery-service] [a-EvictionTimer] c.n.e.registry.AbstractInstanceRegistry  : Running the evict task with compensationTime 1ms
2025-03-21T12:15:24.384+05:30  INFO 19935 --- [discovery-service] [a-EvictionTimer] c.n.e.registry.AbstractInstanceRegistry  : Running the evict task with compensationTime 4ms
2025-03-21T12:16:24.390+05:30  INFO 19935 --- [discovery-service] [a-EvictionTimer] c.n.e.registry.AbstractInstanceRegistry  : Running the evict task with compensationTime 5ms
2025-03-21T12:17:21.757+05:30  INFO 19935 --- [discovery-service] [hresholdUpdater] c.n.e.r.PeerAwareInstanceRegistryImpl    : Current renewal threshold is : 0
2025-03-21T12:17:24.394+05:30  INFO 19935 --- [discovery-service] [a-EvictionTimer] c.n.e.registry.AbstractInstanceRegistry  : Running the evict task with compensationTime 5ms
2025-03-21T12:18:24.399+05:30  INFO 19935 --- [discovery-service] [a-EvictionTimer] c.n.e.registry.AbstractInstanceRegistry  : Running the evict task with compensationTime 3ms
2025-03-21T12:19:24.400+05:30  INFO 19935 --- [discovery-service] [a-EvictionTimer] c.n.e.registry.AbstractInstanceRegistry  : Running the evict task with compensationTime 1ms
2025-03-21T12:20:24.402+05:30  INFO 19935 --- [discovery-service] [a-EvictionTimer] c.n.e.registry.AbstractInstanceRegistry  : Running the evict task with compensationTime 2ms
2025-03-21T12:21:24.408+05:30  INFO 19935 --- [discovery-service] [a-EvictionTimer] c.n.e.registry.AbstractInstanceRegistry  : Running the evict task with compensationTime 5ms
2025-03-21T12:22:24.408+05:30  INFO 19935 --- [discovery-service] [a-EvictionTimer] c.n.e.registry.AbstractInstanceRegistry  : Running the evict task with compensationTime 0ms
2025-03-21T12:23:24.409+05:30  INFO 19935 --- [discovery-service] [a-EvictionTimer] c.n.e.registry.AbstractInstanceRegistry  : Running the evict task with compensationTime 1ms
2025-03-21T12:24:24.415+05:30  INFO 19935 --- [discovery-service] [a-EvictionTimer] c.n.e.registry.AbstractInstanceRegistry  : Running the evict task with compensationTime 4ms
2025-03-21T12:25:24.420+05:30  INFO 19935 --- [discovery-service] [a-EvictionTimer] c.n.e.registry.AbstractInstanceRegistry  : Running the evict task with compensationTime 5ms
2025-03-21T12:26:24.420+05:30  INFO 19935 --- [discovery-service] [a-EvictionTimer] c.n.e.registry.AbstractInstanceRegistry  : Running the evict task with compensationTime 4ms
2025-03-21T12:27:24.425+05:30  INFO 19935 --- [discovery-service] [a-EvictionTimer] c.n.e.registry.AbstractInstanceRegistry  : Running the evict task with compensationTime 4ms
2025-03-21T12:28:24.429+05:30  INFO 19935 --- [discovery-service] [a-EvictionTimer] c.n.e.registry.AbstractInstanceRegistry  : Running the evict task with compensationTime 5ms
2025-03-21T12:29:24.433+05:30  INFO 19935 --- [discovery-service] [a-EvictionTimer] c.n.e.registry.AbstractInstanceRegistry  : Running the evict task with compensationTime 3ms
2025-03-21T12:30:24.432+05:30  INFO 19935 --- [discovery-service] [a-EvictionTimer] c.n.e.registry.AbstractInstanceRegistry  : Running the evict task with compensationTime 0ms
2025-03-21T12:31:24.437+05:30  INFO 19935 --- [discovery-service] [a-EvictionTimer] c.n.e.registry.AbstractInstanceRegistry  : Running the evict task with compensationTime 4ms
2025-03-21T12:32:21.768+05:30  INFO 19935 --- [discovery-service] [hresholdUpdater] c.n.e.r.PeerAwareInstanceRegistryImpl    : Current renewal threshold is : 0
2025-03-21T12:32:24.440+05:30  INFO 19935 --- [discovery-service] [a-EvictionTimer] c.n.e.registry.AbstractInstanceRegistry  : Running the evict task with compensationTime 4ms
2025-03-21T12:33:24.448+05:30  INFO 19935 --- [discovery-service] [a-EvictionTimer] c.n.e.registry.AbstractInstanceRegistry  : Running the evict task with compensationTime 3ms
2025-03-21T12:34:24.447+05:30  INFO 19935 --- [discovery-service] [a-EvictionTimer] c.n.e.registry.AbstractInstanceRegistry  : Running the evict task with compensationTime 3ms
2025-03-21T12:35:24.453+05:30  INFO 19935 --- [discovery-service] [a-EvictionTimer] c.n.e.registry.AbstractInstanceRegistry  : Running the evict task with compensationTime 5ms
2025-03-21T12:36:24.456+05:30  INFO 19935 --- [discovery-service] [a-EvictionTimer] c.n.e.registry.AbstractInstanceRegistry  : Running the evict task with compensationTime 3ms
2025-03-21T12:37:24.461+05:30  INFO 19935 --- [discovery-service] [a-EvictionTimer] c.n.e.registry.AbstractInstanceRegistry  : Running the evict task with compensationTime 4ms
2025-03-21T12:38:24.461+05:30  INFO 19935 --- [discovery-service] [a-EvictionTimer] c.n.e.registry.AbstractInstanceRegistry  : Running the evict task with compensationTime 0ms
2025-03-21T12:39:24.464+05:30  INFO 19935 --- [discovery-service] [a-EvictionTimer] c.n.e.registry.AbstractInstanceRegistry  : Running the evict task with compensationTime 2ms
2025-03-21T12:40:24.468+05:30  INFO 19935 --- [discovery-service] [a-EvictionTimer] c.n.e.registry.AbstractInstanceRegistry  : Running the evict task with compensationTime 3ms
2025-03-21T12:41:24.476+05:30  INFO 19935 --- [discovery-service] [a-EvictionTimer] c.n.e.registry.AbstractInstanceRegistry  : Running the evict task with compensationTime 27ms
2025-03-21T12:42:24.477+05:30  INFO 19935 --- [discovery-service] [a-EvictionTimer] c.n.e.registry.AbstractInstanceRegistry  : Running the evict task with compensationTime 3ms
2025-03-21T12:43:24.482+05:30  INFO 19935 --- [discovery-service] [a-EvictionTimer] c.n.e.registry.AbstractInstanceRegistry  : Running the evict task with compensationTime 5ms
2025-03-21T12:44:24.482+05:30  INFO 19935 --- [discovery-service] [a-EvictionTimer] c.n.e.registry.AbstractInstanceRegistry  : Running the evict task with compensationTime 0ms
2025-03-21T12:45:24.485+05:30  INFO 19935 --- [discovery-service] [a-EvictionTimer] c.n.e.registry.AbstractInstanceRegistry  : Running the evict task with compensationTime 3ms
2025-03-21T12:46:24.488+05:30  INFO 19935 --- [discovery-service] [a-EvictionTimer] c.n.e.registry.AbstractInstanceRegistry  : Running the evict task with compensationTime 4ms
2025-03-21T12:47:21.757+05:30  INFO 19935 --- [discovery-service] [hresholdUpdater] c.n.e.r.PeerAwareInstanceRegistryImpl    : Current renewal threshold is : 0
2025-03-21T12:47:24.492+05:30  INFO 19935 --- [discovery-service] [a-EvictionTimer] c.n.e.registry.AbstractInstanceRegistry  : Running the evict task with compensationTime 4ms
2025-03-21T12:48:24.502+05:30  INFO 19935 --- [discovery-service] [a-EvictionTimer] c.n.e.registry.AbstractInstanceRegistry  : Running the evict task with compensationTime 9ms
2025-03-21T12:49:24.510+05:30  INFO 19935 --- [discovery-service] [a-EvictionTimer] c.n.e.registry.AbstractInstanceRegistry  : Running the evict task with compensationTime 8ms
2025-03-21T12:50:24.521+05:30  INFO 19935 --- [discovery-service] [a-EvictionTimer] c.n.e.registry.AbstractInstanceRegistry  : Running the evict task with compensationTime 10ms
2025-03-21T12:51:24.524+05:30  INFO 19935 --- [discovery-service] [a-EvictionTimer] c.n.e.registry.AbstractInstanceRegistry  : Running the evict task with compensationTime 4ms
2025-03-21T12:52:24.533+05:30  INFO 19935 --- [discovery-service] [a-EvictionTimer] c.n.e.registry.AbstractInstanceRegistry  : Running the evict task with compensationTime 9ms
2025-03-21T12:53:24.543+05:30  INFO 19935 --- [discovery-service] [a-EvictionTimer] c.n.e.registry.AbstractInstanceRegistry  : Running the evict task with compensationTime 9ms
2025-03-21T12:54:24.552+05:30  INFO 19935 --- [discovery-service] [a-EvictionTimer] c.n.e.registry.AbstractInstanceRegistry  : Running the evict task with compensationTime 9ms
2025-03-21T12:55:24.560+05:30  INFO 19935 --- [discovery-service] [a-EvictionTimer] c.n.e.registry.AbstractInstanceRegistry  : Running the evict task with compensationTime 8ms
2025-03-21T12:56:24.567+05:30  INFO 19935 --- [discovery-service] [a-EvictionTimer] c.n.e.registry.AbstractInstanceRegistry  : Running the evict task with compensationTime 8ms
2025-03-21T12:57:24.572+05:30  INFO 19935 --- [discovery-service] [a-EvictionTimer] c.n.e.registry.AbstractInstanceRegistry  : Running the evict task with compensationTime 29ms
2025-03-21T12:58:24.581+05:30  INFO 19935 --- [discovery-service] [a-EvictionTimer] c.n.e.registry.AbstractInstanceRegistry  : Running the evict task with compensationTime 9ms
2025-03-21T12:59:24.581+05:30  INFO 19935 --- [discovery-service] [a-EvictionTimer] c.n.e.registry.AbstractInstanceRegistry  : Running the evict task with compensationTime 1ms
2025-03-21T13:00:24.581+05:30  INFO 19935 --- [discovery-service] [a-EvictionTimer] c.n.e.registry.AbstractInstanceRegistry  : Running the evict task with compensationTime 1ms
2025-03-21T13:01:24.585+05:30  INFO 19935 --- [discovery-service] [a-EvictionTimer] c.n.e.registry.AbstractInstanceRegistry  : Running the evict task with compensationTime 4ms
2025-03-21T13:02:21.771+05:30  INFO 19935 --- [discovery-service] [hresholdUpdater] c.n.e.r.PeerAwareInstanceRegistryImpl    : Current renewal threshold is : 0
2025-03-21T13:02:24.589+05:30  INFO 19935 --- [discovery-service] [a-EvictionTimer] c.n.e.registry.AbstractInstanceRegistry  : Running the evict task with compensationTime 5ms
2025-03-21T13:03:24.594+05:30  INFO 19935 --- [discovery-service] [a-EvictionTimer] c.n.e.registry.AbstractInstanceRegistry  : Running the evict task with compensationTime 5ms
2025-03-21T13:04:24.593+05:30  INFO 19935 --- [discovery-service] [a-EvictionTimer] c.n.e.registry.AbstractInstanceRegistry  : Running the evict task with compensationTime 0ms
2025-03-21T13:05:24.598+05:30  INFO 19935 --- [discovery-service] [a-EvictionTimer] c.n.e.registry.AbstractInstanceRegistry  : Running the evict task with compensationTime 5ms
2025-03-21T13:06:24.598+05:30  INFO 19935 --- [discovery-service] [a-EvictionTimer] c.n.e.registry.AbstractInstanceRegistry  : Running the evict task with compensationTime 1ms
2025-03-21T13:07:24.606+05:30  INFO 19935 --- [discovery-service] [a-EvictionTimer] c.n.e.registry.AbstractInstanceRegistry  : Running the evict task with compensationTime 8ms
2025-03-21T13:08:24.615+05:30  INFO 19935 --- [discovery-service] [a-EvictionTimer] c.n.e.registry.AbstractInstanceRegistry  : Running the evict task with compensationTime 9ms
2025-03-21T13:09:24.623+05:30  INFO 19935 --- [discovery-service] [a-EvictionTimer] c.n.e.registry.AbstractInstanceRegistry  : Running the evict task with compensationTime 8ms
2025-03-21T13:10:24.629+05:30  INFO 19935 --- [discovery-service] [a-EvictionTimer] c.n.e.registry.AbstractInstanceRegistry  : Running the evict task with compensationTime 7ms
2025-03-21T13:11:24.632+05:30  INFO 19935 --- [discovery-service] [a-EvictionTimer] c.n.e.registry.AbstractInstanceRegistry  : Running the evict task with compensationTime 3ms
2025-03-21T13:12:24.681+05:30  INFO 19935 --- [discovery-service] [a-EvictionTimer] c.n.e.registry.AbstractInstanceRegistry  : Running the evict task with compensationTime 3ms
2025-03-21T13:13:24.689+05:30  INFO 19935 --- [discovery-service] [a-EvictionTimer] c.n.e.registry.AbstractInstanceRegistry  : Running the evict task with compensationTime 5ms
2025-03-21T13:14:24.696+05:30  INFO 19935 --- [discovery-service] [a-EvictionTimer] c.n.e.registry.AbstractInstanceRegistry  : Running the evict task with compensationTime 7ms
2025-03-21T13:15:24.703+05:30  INFO 19935 --- [discovery-service] [a-EvictionTimer] c.n.e.registry.AbstractInstanceRegistry  : Running the evict task with compensationTime 6ms
2025-03-21T13:16:24.708+05:30  INFO 19935 --- [discovery-service] [a-EvictionTimer] c.n.e.registry.AbstractInstanceRegistry  : Running the evict task with compensationTime 5ms
2025-03-21T13:17:21.810+05:30  INFO 19935 --- [discovery-service] [hresholdUpdater] c.n.e.r.PeerAwareInstanceRegistryImpl    : Current renewal threshold is : 0
2025-03-21T13:17:24.710+05:30  INFO 19935 --- [discovery-service] [a-EvictionTimer] c.n.e.registry.AbstractInstanceRegistry  : Running the evict task with compensationTime 3ms
2025-03-21T13:18:24.714+05:30  INFO 19935 --- [discovery-service] [a-EvictionTimer] c.n.e.registry.AbstractInstanceRegistry  : Running the evict task with compensationTime 3ms
2025-03-21T13:19:24.722+05:30  INFO 19935 --- [discovery-service] [a-EvictionTimer] c.n.e.registry.AbstractInstanceRegistry  : Running the evict task with compensationTime 8ms
2025-03-21T13:20:24.727+05:30  INFO 19935 --- [discovery-service] [a-EvictionTimer] c.n.e.registry.AbstractInstanceRegistry  : Running the evict task with compensationTime 5ms
2025-03-21T13:21:24.738+05:30  INFO 19935 --- [discovery-service] [a-EvictionTimer] c.n.e.registry.AbstractInstanceRegistry  : Running the evict task with compensationTime 9ms
2025-03-21T13:22:24.744+05:30  INFO 19935 --- [discovery-service] [a-EvictionTimer] c.n.e.registry.AbstractInstanceRegistry  : Running the evict task with compensationTime 6ms
2025-03-21T13:23:24.752+05:30  INFO 19935 --- [discovery-service] [a-EvictionTimer] c.n.e.registry.AbstractInstanceRegistry  : Running the evict task with compensationTime 8ms
2025-03-21T13:24:24.754+05:30  INFO 19935 --- [discovery-service] [a-EvictionTimer] c.n.e.registry.AbstractInstanceRegistry  : Running the evict task with compensationTime 2ms
2025-03-21T13:25:24.764+05:30  INFO 19935 --- [discovery-service] [a-EvictionTimer] c.n.e.registry.AbstractInstanceRegistry  : Running the evict task with compensationTime 9ms
2025-03-21T13:26:24.767+05:30  INFO 19935 --- [discovery-service] [a-EvictionTimer] c.n.e.registry.AbstractInstanceRegistry  : Running the evict task with compensationTime 3ms
2025-03-21T13:27:24.772+05:30  INFO 19935 --- [discovery-service] [a-EvictionTimer] c.n.e.registry.AbstractInstanceRegistry  : Running the evict task with compensationTime 5ms
2025-03-21T13:28:24.774+05:30  INFO 19935 --- [discovery-service] [a-EvictionTimer] c.n.e.registry.AbstractInstanceRegistry  : Running the evict task with compensationTime 8ms
2025-03-21T13:29:24.782+05:30  INFO 19935 --- [discovery-service] [a-EvictionTimer] c.n.e.registry.AbstractInstanceRegistry  : Running the evict task with compensationTime 8ms
2025-03-21T13:30:24.788+05:30  INFO 19935 --- [discovery-service] [a-EvictionTimer] c.n.e.registry.AbstractInstanceRegistry  : Running the evict task with compensationTime 6ms
2025-03-21T13:31:24.792+05:30  INFO 19935 --- [discovery-service] [a-EvictionTimer] c.n.e.registry.AbstractInstanceRegistry  : Running the evict task with compensationTime 4ms
2025-03-21T13:32:21.816+05:30  INFO 19935 --- [discovery-service] [hresholdUpdater] c.n.e.r.PeerAwareInstanceRegistryImpl    : Current renewal threshold is : 0
2025-03-21T13:32:24.795+05:30  INFO 19935 --- [discovery-service] [a-EvictionTimer] c.n.e.registry.AbstractInstanceRegistry  : Running the evict task with compensationTime 4ms
2025-03-21T13:33:24.803+05:30  INFO 19935 --- [discovery-service] [a-EvictionTimer] c.n.e.registry.AbstractInstanceRegistry  : Running the evict task with compensationTime 7ms
2025-03-21T13:34:24.810+05:30  INFO 19935 --- [discovery-service] [a-EvictionTimer] c.n.e.registry.AbstractInstanceRegistry  : Running the evict task with compensationTime 6ms
2025-03-21T13:35:24.817+05:30  INFO 19935 --- [discovery-service] [a-EvictionTimer] c.n.e.registry.AbstractInstanceRegistry  : Running the evict task with compensationTime 7ms
2025-03-21T13:36:24.827+05:30  INFO 19935 --- [discovery-service] [a-EvictionTimer] c.n.e.registry.AbstractInstanceRegistry  : Running the evict task with compensationTime 9ms
2025-03-21T13:37:24.836+05:30  INFO 19935 --- [discovery-service] [a-EvictionTimer] c.n.e.registry.AbstractInstanceRegistry  : Running the evict task with compensationTime 10ms
2025-03-21T13:38:24.843+05:30  INFO 19935 --- [discovery-service] [a-EvictionTimer] c.n.e.registry.AbstractInstanceRegistry  : Running the evict task with compensationTime 6ms
2025-03-21T13:39:24.851+05:30  INFO 19935 --- [discovery-service] [a-EvictionTimer] c.n.e.registry.AbstractInstanceRegistry  : Running the evict task with compensationTime 9ms
2025-03-21T13:40:24.860+05:30  INFO 19935 --- [discovery-service] [a-EvictionTimer] c.n.e.registry.AbstractInstanceRegistry  : Running the evict task with compensationTime 8ms
2025-03-21T13:41:24.869+05:30  INFO 19935 --- [discovery-service] [a-EvictionTimer] c.n.e.registry.AbstractInstanceRegistry  : Running the evict task with compensationTime 9ms
2025-03-21T13:42:24.878+05:30  INFO 19935 --- [discovery-service] [a-EvictionTimer] c.n.e.registry.AbstractInstanceRegistry  : Running the evict task with compensationTime 5ms
2025-03-21T13:43:24.906+05:30  INFO 19935 --- [discovery-service] [a-EvictionTimer] c.n.e.registry.AbstractInstanceRegistry  : Running the evict task with compensationTime 8ms
2025-03-21T13:44:24.906+05:30  INFO 19935 --- [discovery-service] [a-EvictionTimer] c.n.e.registry.AbstractInstanceRegistry  : Running the evict task with compensationTime 0ms
2025-03-21T13:45:24.916+05:30  INFO 19935 --- [discovery-service] [a-EvictionTimer] c.n.e.registry.AbstractInstanceRegistry  : Running the evict task with compensationTime 10ms
2025-03-21T13:46:24.923+05:30  INFO 19935 --- [discovery-service] [a-EvictionTimer] c.n.e.registry.AbstractInstanceRegistry  : Running the evict task with compensationTime 6ms
2025-03-21T13:47:21.832+05:30  INFO 19935 --- [discovery-service] [hresholdUpdater] c.n.e.r.PeerAwareInstanceRegistryImpl    : Current renewal threshold is : 0
2025-03-21T13:47:24.932+05:30  INFO 19935 --- [discovery-service] [a-EvictionTimer] c.n.e.registry.AbstractInstanceRegistry  : Running the evict task with compensationTime 8ms
2025-03-21T13:48:24.933+05:30  INFO 19935 --- [discovery-service] [a-EvictionTimer] c.n.e.registry.AbstractInstanceRegistry  : Running the evict task with compensationTime 0ms
2025-03-21T13:49:24.938+05:30  INFO 19935 --- [discovery-service] [a-EvictionTimer] c.n.e.registry.AbstractInstanceRegistry  : Running the evict task with compensationTime 5ms
2025-03-21T13:50:24.939+05:30  INFO 19935 --- [discovery-service] [a-EvictionTimer] c.n.e.registry.AbstractInstanceRegistry  : Running the evict task with compensationTime 0ms
2025-03-21T13:51:24.945+05:30  INFO 19935 --- [discovery-service] [a-EvictionTimer] c.n.e.registry.AbstractInstanceRegistry  : Running the evict task with compensationTime 5ms
2025-03-21T13:52:24.948+05:30  INFO 19935 --- [discovery-service] [a-EvictionTimer] c.n.e.registry.AbstractInstanceRegistry  : Running the evict task with compensationTime 3ms
2025-03-21T13:53:24.952+05:30  INFO 19935 --- [discovery-service] [a-EvictionTimer] c.n.e.registry.AbstractInstanceRegistry  : Running the evict task with compensationTime 2ms
2025-03-21T13:54:24.954+05:30  INFO 19935 --- [discovery-service] [a-EvictionTimer] c.n.e.registry.AbstractInstanceRegistry  : Running the evict task with compensationTime 1ms
2025-03-21T13:55:24.955+05:30  INFO 19935 --- [discovery-service] [a-EvictionTimer] c.n.e.registry.AbstractInstanceRegistry  : Running the evict task with compensationTime 1ms
2025-03-21T13:56:24.959+05:30  INFO 19935 --- [discovery-service] [a-EvictionTimer] c.n.e.registry.AbstractInstanceRegistry  : Running the evict task with compensationTime 4ms
2025-03-21T13:57:24.982+05:30  INFO 19935 --- [discovery-service] [a-EvictionTimer] c.n.e.registry.AbstractInstanceRegistry  : Running the evict task with compensationTime 10ms
2025-03-21T13:58:25.003+05:30  INFO 19935 --- [discovery-service] [a-EvictionTimer] c.n.e.registry.AbstractInstanceRegistry  : Running the evict task with compensationTime 0ms
2025-03-21T13:59:25.010+05:30  INFO 19935 --- [discovery-service] [a-EvictionTimer] c.n.e.registry.AbstractInstanceRegistry  : Running the evict task with compensationTime 7ms
2025-03-21T14:00:24.988+05:30  INFO 19935 --- [discovery-service] [a-EvictionTimer] c.n.e.registry.AbstractInstanceRegistry  : Running the evict task with compensationTime 2ms
2025-03-21T14:01:24.992+05:30  INFO 19935 --- [discovery-service] [a-EvictionTimer] c.n.e.registry.AbstractInstanceRegistry  : Running the evict task with compensationTime 4ms
2025-03-21T14:02:21.871+05:30  INFO 19935 --- [discovery-service] [hresholdUpdater] c.n.e.r.PeerAwareInstanceRegistryImpl    : Current renewal threshold is : 0
2025-03-21T14:02:24.994+05:30  INFO 19935 --- [discovery-service] [a-EvictionTimer] c.n.e.registry.AbstractInstanceRegistry  : Running the evict task with compensationTime 4ms
2025-03-21T14:03:24.998+05:30  INFO 19935 --- [discovery-service] [a-EvictionTimer] c.n.e.registry.AbstractInstanceRegistry  : Running the evict task with compensationTime 3ms
2025-03-21T14:04:25.000+05:30  INFO 19935 --- [discovery-service] [a-EvictionTimer] c.n.e.registry.AbstractInstanceRegistry  : Running the evict task with compensationTime 1ms
2025-03-21T14:05:25.004+05:30  INFO 19935 --- [discovery-service] [a-EvictionTimer] c.n.e.registry.AbstractInstanceRegistry  : Running the evict task with compensationTime 0ms
2025-03-21T14:06:25.014+05:30  INFO 19935 --- [discovery-service] [a-EvictionTimer] c.n.e.registry.AbstractInstanceRegistry  : Running the evict task with compensationTime 4ms
2025-03-21T14:07:25.010+05:30  INFO 19935 --- [discovery-service] [a-EvictionTimer] c.n.e.registry.AbstractInstanceRegistry  : Running the evict task with compensationTime 3ms
2025-03-21T14:08:25.015+05:30  INFO 19935 --- [discovery-service] [a-EvictionTimer] c.n.e.registry.AbstractInstanceRegistry  : Running the evict task with compensationTime 2ms
2025-03-21T14:09:25.016+05:30  INFO 19935 --- [discovery-service] [a-EvictionTimer] c.n.e.registry.AbstractInstanceRegistry  : Running the evict task with compensationTime 3ms
2025-03-21T14:10:25.021+05:30  INFO 19935 --- [discovery-service] [a-EvictionTimer] c.n.e.registry.AbstractInstanceRegistry  : Running the evict task with compensationTime 4ms
2025-03-21T14:11:25.024+05:30  INFO 19935 --- [discovery-service] [a-EvictionTimer] c.n.e.registry.AbstractInstanceRegistry  : Running the evict task with compensationTime 3ms
2025-03-21T14:12:25.026+05:30  INFO 19935 --- [discovery-service] [a-EvictionTimer] c.n.e.registry.AbstractInstanceRegistry  : Running the evict task with compensationTime 2ms
2025-03-21T14:13:25.027+05:30  INFO 19935 --- [discovery-service] [a-EvictionTimer] c.n.e.registry.AbstractInstanceRegistry  : Running the evict task with compensationTime 0ms
2025-03-21T14:14:25.028+05:30  INFO 19935 --- [discovery-service] [a-EvictionTimer] c.n.e.registry.AbstractInstanceRegistry  : Running the evict task with compensationTime 10ms
2025-03-21T14:15:25.028+05:30  INFO 19935 --- [discovery-service] [a-EvictionTimer] c.n.e.registry.AbstractInstanceRegistry  : Running the evict task with compensationTime 1ms
2025-03-21T14:16:25.032+05:30  INFO 19935 --- [discovery-service] [a-EvictionTimer] c.n.e.registry.AbstractInstanceRegistry  : Running the evict task with compensationTime 4ms
2025-03-21T14:17:21.856+05:30  INFO 19935 --- [discovery-service] [hresholdUpdater] c.n.e.r.PeerAwareInstanceRegistryImpl    : Current renewal threshold is : 0
2025-03-21T14:17:25.037+05:30  INFO 19935 --- [discovery-service] [a-EvictionTimer] c.n.e.registry.AbstractInstanceRegistry  : Running the evict task with compensationTime 4ms
2025-03-21T14:18:25.041+05:30  INFO 19935 --- [discovery-service] [a-EvictionTimer] c.n.e.registry.AbstractInstanceRegistry  : Running the evict task with compensationTime 4ms
2025-03-21T14:19:25.048+05:30  INFO 19935 --- [discovery-service] [a-EvictionTimer] c.n.e.registry.AbstractInstanceRegistry  : Running the evict task with compensationTime 5ms
2025-03-21T14:20:25.054+05:30  INFO 19935 --- [discovery-service] [a-EvictionTimer] c.n.e.registry.AbstractInstanceRegistry  : Running the evict task with compensationTime 6ms
2025-03-21T14:21:25.057+05:30  INFO 19935 --- [discovery-service] [a-EvictionTimer] c.n.e.registry.AbstractInstanceRegistry  : Running the evict task with compensationTime 5ms
2025-03-21T14:22:25.063+05:30  INFO 19935 --- [discovery-service] [a-EvictionTimer] c.n.e.registry.AbstractInstanceRegistry  : Running the evict task with compensationTime 4ms
2025-03-21T14:23:25.069+05:30  INFO 19935 --- [discovery-service] [a-EvictionTimer] c.n.e.registry.AbstractInstanceRegistry  : Running the evict task with compensationTime 5ms
2025-03-21T14:24:25.072+05:30  INFO 19935 --- [discovery-service] [a-EvictionTimer] c.n.e.registry.AbstractInstanceRegistry  : Running the evict task with compensationTime 4ms
2025-03-21T14:25:25.082+05:30  INFO 19935 --- [discovery-service] [a-EvictionTimer] c.n.e.registry.AbstractInstanceRegistry  : Running the evict task with compensationTime 9ms
2025-03-21T14:26:25.088+05:30  INFO 19935 --- [discovery-service] [a-EvictionTimer] c.n.e.registry.AbstractInstanceRegistry  : Running the evict task with compensationTime 6ms
2025-03-21T14:27:25.089+05:30  INFO 19935 --- [discovery-service] [a-EvictionTimer] c.n.e.registry.AbstractInstanceRegistry  : Running the evict task with compensationTime 0ms
2025-03-21T14:28:25.093+05:30  INFO 19935 --- [discovery-service] [a-EvictionTimer] c.n.e.registry.AbstractInstanceRegistry  : Running the evict task with compensationTime 3ms
2025-03-21T14:29:25.095+05:30  INFO 19935 --- [discovery-service] [a-EvictionTimer] c.n.e.registry.AbstractInstanceRegistry  : Running the evict task with compensationTime 79ms
2025-03-21T14:30:25.103+05:30  INFO 19935 --- [discovery-service] [a-EvictionTimer] c.n.e.registry.AbstractInstanceRegistry  : Running the evict task with compensationTime 6ms
2025-03-21T14:31:25.101+05:30  INFO 19935 --- [discovery-service] [a-EvictionTimer] c.n.e.registry.AbstractInstanceRegistry  : Running the evict task with compensationTime 1ms
2025-03-21T14:32:21.859+05:30  INFO 19935 --- [discovery-service] [hresholdUpdater] c.n.e.r.PeerAwareInstanceRegistryImpl    : Current renewal threshold is : 0
2025-03-21T14:32:25.109+05:30  INFO 19935 --- [discovery-service] [a-EvictionTimer] c.n.e.registry.AbstractInstanceRegistry  : Running the evict task with compensationTime 9ms
2025-03-21T14:33:25.116+05:30  INFO 19935 --- [discovery-service] [a-EvictionTimer] c.n.e.registry.AbstractInstanceRegistry  : Running the evict task with compensationTime 4ms
2025-03-21T14:34:25.118+05:30  INFO 19935 --- [discovery-service] [a-EvictionTimer] c.n.e.registry.AbstractInstanceRegistry  : Running the evict task with compensationTime 5ms
2025-03-21T14:35:25.116+05:30  INFO 19935 --- [discovery-service] [a-EvictionTimer] c.n.e.registry.AbstractInstanceRegistry  : Running the evict task with compensationTime 0ms
2025-03-21T14:36:25.121+05:30  INFO 19935 --- [discovery-service] [a-EvictionTimer] c.n.e.registry.AbstractInstanceRegistry  : Running the evict task with compensationTime 5ms
2025-03-21T14:37:25.120+05:30  INFO 19935 --- [discovery-service] [a-EvictionTimer] c.n.e.registry.AbstractInstanceRegistry  : Running the evict task with compensationTime 1ms
2025-03-21T14:38:25.121+05:30  INFO 19935 --- [discovery-service] [a-EvictionTimer] c.n.e.registry.AbstractInstanceRegistry  : Running the evict task with compensationTime 1ms
2025-03-21T14:39:25.126+05:30  INFO 19935 --- [discovery-service] [a-EvictionTimer] c.n.e.registry.AbstractInstanceRegistry  : Running the evict task with compensationTime 4ms
2025-03-21T14:40:25.131+05:30  INFO 19935 --- [discovery-service] [a-EvictionTimer] c.n.e.registry.AbstractInstanceRegistry  : Running the evict task with compensationTime 5ms
2025-03-21T14:41:25.134+05:30  INFO 19935 --- [discovery-service] [a-EvictionTimer] c.n.e.registry.AbstractInstanceRegistry  : Running the evict task with compensationTime 4ms
2025-03-21T14:42:25.135+05:30  INFO 19935 --- [discovery-service] [a-EvictionTimer] c.n.e.registry.AbstractInstanceRegistry  : Running the evict task with compensationTime 1ms
2025-03-21T14:43:25.139+05:30  INFO 19935 --- [discovery-service] [a-EvictionTimer] c.n.e.registry.AbstractInstanceRegistry  : Running the evict task with compensationTime 2ms
2025-03-21T14:44:25.155+05:30  INFO 19935 --- [discovery-service] [a-EvictionTimer] c.n.e.registry.AbstractInstanceRegistry  : Running the evict task with compensationTime 0ms
2025-03-21T14:45:25.187+05:30  INFO 19935 --- [discovery-service] [a-EvictionTimer] c.n.e.registry.AbstractInstanceRegistry  : Running the evict task with compensationTime 4ms
2025-03-21T14:46:25.177+05:30  INFO 19935 --- [discovery-service] [a-EvictionTimer] c.n.e.registry.AbstractInstanceRegistry  : Running the evict task with compensationTime 3ms
2025-03-21T14:47:21.893+05:30  INFO 19935 --- [discovery-service] [hresholdUpdater] c.n.e.r.PeerAwareInstanceRegistryImpl    : Current renewal threshold is : 0
2025-03-21T14:47:25.182+05:30  INFO 19935 --- [discovery-service] [a-EvictionTimer] c.n.e.registry.AbstractInstanceRegistry  : Running the evict task with compensationTime 4ms
2025-03-21T14:48:25.186+05:30  INFO 19935 --- [discovery-service] [a-EvictionTimer] c.n.e.registry.AbstractInstanceRegistry  : Running the evict task with compensationTime 3ms
2025-03-21T14:49:25.188+05:30  INFO 19935 --- [discovery-service] [a-EvictionTimer] c.n.e.registry.AbstractInstanceRegistry  : Running the evict task with compensationTime 4ms
2025-03-21T14:50:25.188+05:30  INFO 19935 --- [discovery-service] [a-EvictionTimer] c.n.e.registry.AbstractInstanceRegistry  : Running the evict task with compensationTime 0ms
2025-03-21T14:51:25.192+05:30  INFO 19935 --- [discovery-service] [a-EvictionTimer] c.n.e.registry.AbstractInstanceRegistry  : Running the evict task with compensationTime 4ms
2025-03-21T14:52:25.194+05:30  INFO 19935 --- [discovery-service] [a-EvictionTimer] c.n.e.registry.AbstractInstanceRegistry  : Running the evict task with compensationTime 2ms
2025-03-21T14:53:25.196+05:30  INFO 19935 --- [discovery-service] [a-EvictionTimer] c.n.e.registry.AbstractInstanceRegistry  : Running the evict task with compensationTime 2ms
2025-03-21T14:54:25.199+05:30  INFO 19935 --- [discovery-service] [a-EvictionTimer] c.n.e.registry.AbstractInstanceRegistry  : Running the evict task with compensationTime 3ms
2025-03-21T14:55:25.201+05:30  INFO 19935 --- [discovery-service] [a-EvictionTimer] c.n.e.registry.AbstractInstanceRegistry  : Running the evict task with compensationTime 3ms
2025-03-21T14:56:25.205+05:30  INFO 19935 --- [discovery-service] [a-EvictionTimer] c.n.e.registry.AbstractInstanceRegistry  : Running the evict task with compensationTime 4ms
2025-03-21T14:57:25.208+05:30  INFO 19935 --- [discovery-service] [a-EvictionTimer] c.n.e.registry.AbstractInstanceRegistry  : Running the evict task with compensationTime 3ms
2025-03-21T14:58:25.215+05:30  INFO 19935 --- [discovery-service] [a-EvictionTimer] c.n.e.registry.AbstractInstanceRegistry  : Running the evict task with compensationTime 5ms
2025-03-21T14:59:25.217+05:30  INFO 19935 --- [discovery-service] [a-EvictionTimer] c.n.e.registry.AbstractInstanceRegistry  : Running the evict task with compensationTime 4ms
2025-03-21T15:00:25.257+05:30  INFO 19935 --- [discovery-service] [a-EvictionTimer] c.n.e.registry.AbstractInstanceRegistry  : Running the evict task with compensationTime 3ms
2025-03-21T15:01:25.261+05:30  INFO 19935 --- [discovery-service] [a-EvictionTimer] c.n.e.registry.AbstractInstanceRegistry  : Running the evict task with compensationTime 5ms
2025-03-21T15:02:21.934+05:30  INFO 19935 --- [discovery-service] [hresholdUpdater] c.n.e.r.PeerAwareInstanceRegistryImpl    : Current renewal threshold is : 0
2025-03-21T15:02:25.266+05:30  INFO 19935 --- [discovery-service] [a-EvictionTimer] c.n.e.registry.AbstractInstanceRegistry  : Running the evict task with compensationTime 5ms
2025-03-21T15:03:25.270+05:30  INFO 19935 --- [discovery-service] [a-EvictionTimer] c.n.e.registry.AbstractInstanceRegistry  : Running the evict task with compensationTime 4ms
2025-03-21T15:04:25.274+05:30  INFO 19935 --- [discovery-service] [a-EvictionTimer] c.n.e.registry.AbstractInstanceRegistry  : Running the evict task with compensationTime 4ms
2025-03-21T15:05:25.277+05:30  INFO 19935 --- [discovery-service] [a-EvictionTimer] c.n.e.registry.AbstractInstanceRegistry  : Running the evict task with compensationTime 1ms
2025-03-21T15:06:25.280+05:30  INFO 19935 --- [discovery-service] [a-EvictionTimer] c.n.e.registry.AbstractInstanceRegistry  : Running the evict task with compensationTime 3ms
2025-03-21T15:07:25.283+05:30  INFO 19935 --- [discovery-service] [a-EvictionTimer] c.n.e.registry.AbstractInstanceRegistry  : Running the evict task with compensationTime 3ms
2025-03-21T15:08:25.287+05:30  INFO 19935 --- [discovery-service] [a-EvictionTimer] c.n.e.registry.AbstractInstanceRegistry  : Running the evict task with compensationTime 3ms
2025-03-21T15:09:25.290+05:30  INFO 19935 --- [discovery-service] [a-EvictionTimer] c.n.e.registry.AbstractInstanceRegistry  : Running the evict task with compensationTime 3ms
2025-03-21T15:10:25.294+05:30  INFO 19935 --- [discovery-service] [a-EvictionTimer] c.n.e.registry.AbstractInstanceRegistry  : Running the evict task with compensationTime 1ms
2025-03-21T15:11:25.292+05:30  INFO 19935 --- [discovery-service] [a-EvictionTimer] c.n.e.registry.AbstractInstanceRegistry  : Running the evict task with compensationTime 0ms
2025-03-21T15:12:25.297+05:30  INFO 19935 --- [discovery-service] [a-EvictionTimer] c.n.e.registry.AbstractInstanceRegistry  : Running the evict task with compensationTime 4ms
2025-03-21T15:13:25.302+05:30  INFO 19935 --- [discovery-service] [a-EvictionTimer] c.n.e.registry.AbstractInstanceRegistry  : Running the evict task with compensationTime 4ms
2025-03-21T15:14:25.302+05:30  INFO 19935 --- [discovery-service] [a-EvictionTimer] c.n.e.registry.AbstractInstanceRegistry  : Running the evict task with compensationTime 0ms
2025-03-21T15:15:25.302+05:30  INFO 19935 --- [discovery-service] [a-EvictionTimer] c.n.e.registry.AbstractInstanceRegistry  : Running the evict task with compensationTime 4ms
2025-03-21T15:16:25.306+05:30  INFO 19935 --- [discovery-service] [a-EvictionTimer] c.n.e.registry.AbstractInstanceRegistry  : Running the evict task with compensationTime 4ms
2025-03-21T15:17:21.935+05:30  INFO 19935 --- [discovery-service] [hresholdUpdater] c.n.e.r.PeerAwareInstanceRegistryImpl    : Current renewal threshold is : 0
2025-03-21T15:17:25.308+05:30  INFO 19935 --- [discovery-service] [a-EvictionTimer] c.n.e.registry.AbstractInstanceRegistry  : Running the evict task with compensationTime 0ms
2025-03-21T15:18:25.309+05:30  INFO 19935 --- [discovery-service] [a-EvictionTimer] c.n.e.registry.AbstractInstanceRegistry  : Running the evict task with compensationTime 3ms
2025-03-21T15:19:25.323+05:30  INFO 19935 --- [discovery-service] [a-EvictionTimer] c.n.e.registry.AbstractInstanceRegistry  : Running the evict task with compensationTime 2ms
2025-03-21T15:20:25.316+05:30  INFO 19935 --- [discovery-service] [a-EvictionTimer] c.n.e.registry.AbstractInstanceRegistry  : Running the evict task with compensationTime 4ms
2025-03-21T15:21:25.318+05:30  INFO 19935 --- [discovery-service] [a-EvictionTimer] c.n.e.registry.AbstractInstanceRegistry  : Running the evict task with compensationTime 1ms
2025-03-21T15:22:25.317+05:30  INFO 19935 --- [discovery-service] [a-EvictionTimer] c.n.e.registry.AbstractInstanceRegistry  : Running the evict task with compensationTime 0ms
2025-03-21T15:23:25.326+05:30  INFO 19935 --- [discovery-service] [a-EvictionTimer] c.n.e.registry.AbstractInstanceRegistry  : Running the evict task with compensationTime 3ms
2025-03-21T15:24:25.328+05:30  INFO 19935 --- [discovery-service] [a-EvictionTimer] c.n.e.registry.AbstractInstanceRegistry  : Running the evict task with compensationTime 4ms
2025-03-21T15:25:25.329+05:30  INFO 19935 --- [discovery-service] [a-EvictionTimer] c.n.e.registry.AbstractInstanceRegistry  : Running the evict task with compensationTime 3ms
2025-03-21T15:26:25.337+05:30  INFO 19935 --- [discovery-service] [a-EvictionTimer] c.n.e.registry.AbstractInstanceRegistry  : Running the evict task with compensationTime 4ms
2025-03-21T15:27:25.339+05:30  INFO 19935 --- [discovery-service] [a-EvictionTimer] c.n.e.registry.AbstractInstanceRegistry  : Running the evict task with compensationTime 4ms
2025-03-21T15:28:25.340+05:30  INFO 19935 --- [discovery-service] [a-EvictionTimer] c.n.e.registry.AbstractInstanceRegistry  : Running the evict task with compensationTime 2ms
2025-03-21T15:29:25.344+05:30  INFO 19935 --- [discovery-service] [a-EvictionTimer] c.n.e.registry.AbstractInstanceRegistry  : Running the evict task with compensationTime 4ms
2025-03-21T15:30:25.358+05:30  INFO 19935 --- [discovery-service] [a-EvictionTimer] c.n.e.registry.AbstractInstanceRegistry  : Running the evict task with compensationTime 7ms
2025-03-21T15:31:25.364+05:30  INFO 19935 --- [discovery-service] [a-EvictionTimer] c.n.e.registry.AbstractInstanceRegistry  : Running the evict task with compensationTime 5ms
2025-03-21T15:32:22.070+05:30  INFO 19935 --- [discovery-service] [hresholdUpdater] c.n.e.r.PeerAwareInstanceRegistryImpl    : Current renewal threshold is : 0
2025-03-21T15:32:25.367+05:30  INFO 19935 --- [discovery-service] [a-EvictionTimer] c.n.e.registry.AbstractInstanceRegistry  : Running the evict task with compensationTime 2ms
2025-03-21T15:33:25.371+05:30  INFO 19935 --- [discovery-service] [a-EvictionTimer] c.n.e.registry.AbstractInstanceRegistry  : Running the evict task with compensationTime 3ms
2025-03-21T15:34:25.376+05:30  INFO 19935 --- [discovery-service] [a-EvictionTimer] c.n.e.registry.AbstractInstanceRegistry  : Running the evict task with compensationTime 5ms
2025-03-21T15:35:25.381+05:30  INFO 19935 --- [discovery-service] [a-EvictionTimer] c.n.e.registry.AbstractInstanceRegistry  : Running the evict task with compensationTime 4ms
2025-03-21T15:36:25.384+05:30  INFO 19935 --- [discovery-service] [a-EvictionTimer] c.n.e.registry.AbstractInstanceRegistry  : Running the evict task with compensationTime 3ms
2025-03-21T15:37:25.388+05:30  INFO 19935 --- [discovery-service] [a-EvictionTimer] c.n.e.registry.AbstractInstanceRegistry  : Running the evict task with compensationTime 4ms
2025-03-21T15:38:25.393+05:30  INFO 19935 --- [discovery-service] [a-EvictionTimer] c.n.e.registry.AbstractInstanceRegistry  : Running the evict task with compensationTime 4ms
2025-03-21T15:39:25.397+05:30  INFO 19935 --- [discovery-service] [a-EvictionTimer] c.n.e.registry.AbstractInstanceRegistry  : Running the evict task with compensationTime 3ms
2025-03-21T15:40:25.401+05:30  INFO 19935 --- [discovery-service] [a-EvictionTimer] c.n.e.registry.AbstractInstanceRegistry  : Running the evict task with compensationTime 3ms
2025-03-21T15:41:25.406+05:30  INFO 19935 --- [discovery-service] [a-EvictionTimer] c.n.e.registry.AbstractInstanceRegistry  : Running the evict task with compensationTime 4ms
2025-03-21T15:42:25.411+05:30  INFO 19935 --- [discovery-service] [a-EvictionTimer] c.n.e.registry.AbstractInstanceRegistry  : Running the evict task with compensationTime 5ms
2025-03-21T15:43:25.419+05:30  INFO 19935 --- [discovery-service] [a-EvictionTimer] c.n.e.registry.AbstractInstanceRegistry  : Running the evict task with compensationTime 4ms
2025-03-21T15:44:25.419+05:30  INFO 19935 --- [discovery-service] [a-EvictionTimer] c.n.e.registry.AbstractInstanceRegistry  : Running the evict task with compensationTime 4ms
2025-03-21T15:45:25.425+05:30  INFO 19935 --- [discovery-service] [a-EvictionTimer] c.n.e.registry.AbstractInstanceRegistry  : Running the evict task with compensationTime 4ms
2025-03-21T15:46:25.428+05:30  INFO 19935 --- [discovery-service] [a-EvictionTimer] c.n.e.registry.AbstractInstanceRegistry  : Running the evict task with compensationTime 0ms
2025-03-21T15:47:21.947+05:30  INFO 19935 --- [discovery-service] [hresholdUpdater] c.n.e.r.PeerAwareInstanceRegistryImpl    : Current renewal threshold is : 0
2025-03-21T15:47:25.429+05:30  INFO 19935 --- [discovery-service] [a-EvictionTimer] c.n.e.registry.AbstractInstanceRegistry  : Running the evict task with compensationTime 0ms
2025-03-21T15:48:25.434+05:30  INFO 19935 --- [discovery-service] [a-EvictionTimer] c.n.e.registry.AbstractInstanceRegistry  : Running the evict task with compensationTime 2ms
2025-03-21T15:49:25.439+05:30  INFO 19935 --- [discovery-service] [a-EvictionTimer] c.n.e.registry.AbstractInstanceRegistry  : Running the evict task with compensationTime 5ms
2025-03-21T15:50:25.441+05:30  INFO 19935 --- [discovery-service] [a-EvictionTimer] c.n.e.registry.AbstractInstanceRegistry  : Running the evict task with compensationTime 4ms
2025-03-21T15:51:25.447+05:30  INFO 19935 --- [discovery-service] [a-EvictionTimer] c.n.e.registry.AbstractInstanceRegistry  : Running the evict task with compensationTime 4ms
2025-03-21T15:52:25.449+05:30  INFO 19935 --- [discovery-service] [a-EvictionTimer] c.n.e.registry.AbstractInstanceRegistry  : Running the evict task with compensationTime 2ms
2025-03-21T15:53:25.453+05:30  INFO 19935 --- [discovery-service] [a-EvictionTimer] c.n.e.registry.AbstractInstanceRegistry  : Running the evict task with compensationTime 5ms
2025-03-21T15:54:25.456+05:30  INFO 19935 --- [discovery-service] [a-EvictionTimer] c.n.e.registry.AbstractInstanceRegistry  : Running the evict task with compensationTime 2ms
2025-03-21T15:55:25.462+05:30  INFO 19935 --- [discovery-service] [a-EvictionTimer] c.n.e.registry.AbstractInstanceRegistry  : Running the evict task with compensationTime 4ms
2025-03-21T15:56:25.467+05:30  INFO 19935 --- [discovery-service] [a-EvictionTimer] c.n.e.registry.AbstractInstanceRegistry  : Running the evict task with compensationTime 5ms
2025-03-21T15:57:25.472+05:30  INFO 19935 --- [discovery-service] [a-EvictionTimer] c.n.e.registry.AbstractInstanceRegistry  : Running the evict task with compensationTime 2ms
2025-03-21T15:58:25.498+05:30  INFO 19935 --- [discovery-service] [a-EvictionTimer] c.n.e.registry.AbstractInstanceRegistry  : Running the evict task with compensationTime 8ms
2025-03-21T15:59:25.508+05:30  INFO 19935 --- [discovery-service] [a-EvictionTimer] c.n.e.registry.AbstractInstanceRegistry  : Running the evict task with compensationTime 4ms
2025-03-21T16:00:25.504+05:30  INFO 19935 --- [discovery-service] [a-EvictionTimer] c.n.e.registry.AbstractInstanceRegistry  : Running the evict task with compensationTime 5ms
2025-03-21T16:01:25.495+05:30  INFO 19935 --- [discovery-service] [a-EvictionTimer] c.n.e.registry.AbstractInstanceRegistry  : Running the evict task with compensationTime 40ms
2025-03-21T16:02:21.959+05:30  INFO 19935 --- [discovery-service] [hresholdUpdater] c.n.e.r.PeerAwareInstanceRegistryImpl    : Current renewal threshold is : 0
2025-03-21T16:02:25.493+05:30  INFO 19935 --- [discovery-service] [a-EvictionTimer] c.n.e.registry.AbstractInstanceRegistry  : Running the evict task with compensationTime 4ms
2025-03-21T16:03:25.498+05:30  INFO 19935 --- [discovery-service] [a-EvictionTimer] c.n.e.registry.AbstractInstanceRegistry  : Running the evict task with compensationTime 5ms
2025-03-21T16:04:25.499+05:30  INFO 19935 --- [discovery-service] [a-EvictionTimer] c.n.e.registry.AbstractInstanceRegistry  : Running the evict task with compensationTime 2ms
2025-03-21T16:05:25.501+05:30  INFO 19935 --- [discovery-service] [a-EvictionTimer] c.n.e.registry.AbstractInstanceRegistry  : Running the evict task with compensationTime 1ms
2025-03-21T16:06:25.500+05:30  INFO 19935 --- [discovery-service] [a-EvictionTimer] c.n.e.registry.AbstractInstanceRegistry  : Running the evict task with compensationTime 0ms
2025-03-21T16:07:25.507+05:30  INFO 19935 --- [discovery-service] [a-EvictionTimer] c.n.e.registry.AbstractInstanceRegistry  : Running the evict task with compensationTime 5ms
2025-03-21T16:08:25.507+05:30  INFO 19935 --- [discovery-service] [a-EvictionTimer] c.n.e.registry.AbstractInstanceRegistry  : Running the evict task with compensationTime 2ms
2025-03-21T16:09:25.510+05:30  INFO 19935 --- [discovery-service] [a-EvictionTimer] c.n.e.registry.AbstractInstanceRegistry  : Running the evict task with compensationTime 3ms
2025-03-21T16:10:25.515+05:30  INFO 19935 --- [discovery-service] [a-EvictionTimer] c.n.e.registry.AbstractInstanceRegistry  : Running the evict task with compensationTime 4ms
2025-03-21T16:11:25.515+05:30  INFO 19935 --- [discovery-service] [a-EvictionTimer] c.n.e.registry.AbstractInstanceRegistry  : Running the evict task with compensationTime 1ms
2025-03-21T16:12:25.516+05:30  INFO 19935 --- [discovery-service] [a-EvictionTimer] c.n.e.registry.AbstractInstanceRegistry  : Running the evict task with compensationTime 1ms
2025-03-21T16:13:25.523+05:30  INFO 19935 --- [discovery-service] [a-EvictionTimer] c.n.e.registry.AbstractInstanceRegistry  : Running the evict task with compensationTime 6ms
2025-03-21T16:14:25.532+05:30  INFO 19935 --- [discovery-service] [a-EvictionTimer] c.n.e.registry.AbstractInstanceRegistry  : Running the evict task with compensationTime 9ms
2025-03-21T16:15:25.538+05:30  INFO 19935 --- [discovery-service] [a-EvictionTimer] c.n.e.registry.AbstractInstanceRegistry  : Running the evict task with compensationTime 6ms
2025-03-21T16:16:25.602+05:30  INFO 19935 --- [discovery-service] [a-EvictionTimer] c.n.e.registry.AbstractInstanceRegistry  : Running the evict task with compensationTime 7ms
2025-03-21T16:17:21.985+05:30  INFO 19935 --- [discovery-service] [hresholdUpdater] c.n.e.r.PeerAwareInstanceRegistryImpl    : Current renewal threshold is : 0
2025-03-21T16:17:25.604+05:30  INFO 19935 --- [discovery-service] [a-EvictionTimer] c.n.e.registry.AbstractInstanceRegistry  : Running the evict task with compensationTime 2ms
2025-03-21T16:18:25.606+05:30  INFO 19935 --- [discovery-service] [a-EvictionTimer] c.n.e.registry.AbstractInstanceRegistry  : Running the evict task with compensationTime 2ms
2025-03-21T16:19:25.615+05:30  INFO 19935 --- [discovery-service] [a-EvictionTimer] c.n.e.registry.AbstractInstanceRegistry  : Running the evict task with compensationTime 9ms
2025-03-21T16:20:25.618+05:30  INFO 19935 --- [discovery-service] [a-EvictionTimer] c.n.e.registry.AbstractInstanceRegistry  : Running the evict task with compensationTime 1ms
2025-03-21T16:21:25.626+05:30  INFO 19935 --- [discovery-service] [a-EvictionTimer] c.n.e.registry.AbstractInstanceRegistry  : Running the evict task with compensationTime 8ms
2025-03-21T16:22:25.636+05:30  INFO 19935 --- [discovery-service] [a-EvictionTimer] c.n.e.registry.AbstractInstanceRegistry  : Running the evict task with compensationTime 9ms
2025-03-21T16:23:25.647+05:30  INFO 19935 --- [discovery-service] [a-EvictionTimer] c.n.e.registry.AbstractInstanceRegistry  : Running the evict task with compensationTime 10ms
2025-03-21T16:24:25.653+05:30  INFO 19935 --- [discovery-service] [a-EvictionTimer] c.n.e.registry.AbstractInstanceRegistry  : Running the evict task with compensationTime 5ms
2025-03-21T16:25:25.661+05:30  INFO 19935 --- [discovery-service] [a-EvictionTimer] c.n.e.registry.AbstractInstanceRegistry  : Running the evict task with compensationTime 8ms
2025-03-21T16:26:25.663+05:30  INFO 19935 --- [discovery-service] [a-EvictionTimer] c.n.e.registry.AbstractInstanceRegistry  : Running the evict task with compensationTime 2ms
2025-03-21T16:27:25.673+05:30  INFO 19935 --- [discovery-service] [a-EvictionTimer] c.n.e.registry.AbstractInstanceRegistry  : Running the evict task with compensationTime 8ms
2025-03-21T16:28:25.673+05:30  INFO 19935 --- [discovery-service] [a-EvictionTimer] c.n.e.registry.AbstractInstanceRegistry  : Running the evict task with compensationTime 0ms
2025-03-21T16:29:25.677+05:30  INFO 19935 --- [discovery-service] [a-EvictionTimer] c.n.e.registry.AbstractInstanceRegistry  : Running the evict task with compensationTime 3ms
2025-03-21T16:30:25.682+05:30  INFO 19935 --- [discovery-service] [a-EvictionTimer] c.n.e.registry.AbstractInstanceRegistry  : Running the evict task with compensationTime 5ms
2025-03-21T16:31:25.684+05:30  INFO 19935 --- [discovery-service] [a-EvictionTimer] c.n.e.registry.AbstractInstanceRegistry  : Running the evict task with compensationTime 1ms
2025-03-21T16:32:22.006+05:30  INFO 19935 --- [discovery-service] [hresholdUpdater] c.n.e.r.PeerAwareInstanceRegistryImpl    : Current renewal threshold is : 0
2025-03-21T16:32:25.688+05:30  INFO 19935 --- [discovery-service] [a-EvictionTimer] c.n.e.registry.AbstractInstanceRegistry  : Running the evict task with compensationTime 4ms
2025-03-21T16:33:25.693+05:30  INFO 19935 --- [discovery-service] [a-EvictionTimer] c.n.e.registry.AbstractInstanceRegistry  : Running the evict task with compensationTime 4ms
2025-03-21T16:34:25.695+05:30  INFO 19935 --- [discovery-service] [a-EvictionTimer] c.n.e.registry.AbstractInstanceRegistry  : Running the evict task with compensationTime 1ms
2025-03-21T16:35:25.700+05:30  INFO 19935 --- [discovery-service] [a-EvictionTimer] c.n.e.registry.AbstractInstanceRegistry  : Running the evict task with compensationTime 4ms
2025-03-21T16:36:25.707+05:30  INFO 19935 --- [discovery-service] [a-EvictionTimer] c.n.e.registry.AbstractInstanceRegistry  : Running the evict task with compensationTime 5ms
2025-03-21T16:37:25.730+05:30  INFO 19935 --- [discovery-service] [a-EvictionTimer] c.n.e.registry.AbstractInstanceRegistry  : Running the evict task with compensationTime 4ms
2025-03-21T16:38:25.747+05:30  INFO 19935 --- [discovery-service] [a-EvictionTimer] c.n.e.registry.AbstractInstanceRegistry  : Running the evict task with compensationTime 4ms
2025-03-21T16:39:25.752+05:30  INFO 19935 --- [discovery-service] [a-EvictionTimer] c.n.e.registry.AbstractInstanceRegistry  : Running the evict task with compensationTime 1ms
2025-03-21T16:40:25.757+05:30  INFO 19935 --- [discovery-service] [a-EvictionTimer] c.n.e.registry.AbstractInstanceRegistry  : Running the evict task with compensationTime 5ms
2025-03-21T16:41:25.758+05:30  INFO 19935 --- [discovery-service] [a-EvictionTimer] c.n.e.registry.AbstractInstanceRegistry  : Running the evict task with compensationTime 1ms
2025-03-21T16:42:25.760+05:30  INFO 19935 --- [discovery-service] [a-EvictionTimer] c.n.e.registry.AbstractInstanceRegistry  : Running the evict task with compensationTime 1ms
2025-03-21T16:43:25.765+05:30  INFO 19935 --- [discovery-service] [a-EvictionTimer] c.n.e.registry.AbstractInstanceRegistry  : Running the evict task with compensationTime 4ms
2025-03-21T16:44:25.769+05:30  INFO 19935 --- [discovery-service] [a-EvictionTimer] c.n.e.registry.AbstractInstanceRegistry  : Running the evict task with compensationTime 3ms
2025-03-21T16:45:25.775+05:30  INFO 19935 --- [discovery-service] [a-EvictionTimer] c.n.e.registry.AbstractInstanceRegistry  : Running the evict task with compensationTime 3ms
2025-03-21T16:46:25.777+05:30  INFO 19935 --- [discovery-service] [a-EvictionTimer] c.n.e.registry.AbstractInstanceRegistry  : Running the evict task with compensationTime 1ms
2025-03-21T16:47:22.040+05:30  INFO 19935 --- [discovery-service] [hresholdUpdater] c.n.e.r.PeerAwareInstanceRegistryImpl    : Current renewal threshold is : 0
2025-03-21T16:47:25.777+05:30  INFO 19935 --- [discovery-service] [a-EvictionTimer] c.n.e.registry.AbstractInstanceRegistry  : Running the evict task with compensationTime 1ms
2025-03-21T16:48:25.782+05:30  INFO 19935 --- [discovery-service] [a-EvictionTimer] c.n.e.registry.AbstractInstanceRegistry  : Running the evict task with compensationTime 4ms
2025-03-21T16:49:25.787+05:30  INFO 19935 --- [discovery-service] [a-EvictionTimer] c.n.e.registry.AbstractInstanceRegistry  : Running the evict task with compensationTime 4ms
2025-03-21T16:50:25.792+05:30  INFO 19935 --- [discovery-service] [a-EvictionTimer] c.n.e.registry.AbstractInstanceRegistry  : Running the evict task with compensationTime 4ms
2025-03-21T16:51:25.801+05:30  INFO 19935 --- [discovery-service] [a-EvictionTimer] c.n.e.registry.AbstractInstanceRegistry  : Running the evict task with compensationTime 1ms
2025-03-21T16:52:25.827+05:30  INFO 19935 --- [discovery-service] [a-EvictionTimer] c.n.e.registry.AbstractInstanceRegistry  : Running the evict task with compensationTime 10ms
2025-03-21T16:53:25.838+05:30  INFO 19935 --- [discovery-service] [a-EvictionTimer] c.n.e.registry.AbstractInstanceRegistry  : Running the evict task with compensationTime 1ms
2025-03-21T16:54:25.839+05:30  INFO 19935 --- [discovery-service] [a-EvictionTimer] c.n.e.registry.AbstractInstanceRegistry  : Running the evict task with compensationTime 0ms
2025-03-21T16:55:25.847+05:30  INFO 19935 --- [discovery-service] [a-EvictionTimer] c.n.e.registry.AbstractInstanceRegistry  : Running the evict task with compensationTime 3ms
2025-03-21T16:56:25.848+05:30  INFO 19935 --- [discovery-service] [a-EvictionTimer] c.n.e.registry.AbstractInstanceRegistry  : Running the evict task with compensationTime 4ms
2025-03-21T16:57:25.852+05:30  INFO 19935 --- [discovery-service] [a-EvictionTimer] c.n.e.registry.AbstractInstanceRegistry  : Running the evict task with compensationTime 2ms
2025-03-21T16:58:25.856+05:30  INFO 19935 --- [discovery-service] [a-EvictionTimer] c.n.e.registry.AbstractInstanceRegistry  : Running the evict task with compensationTime 3ms
2025-03-21T16:59:25.856+05:30  INFO 19935 --- [discovery-service] [a-EvictionTimer] c.n.e.registry.AbstractInstanceRegistry  : Running the evict task with compensationTime 0ms
2025-03-21T17:00:25.857+05:30  INFO 19935 --- [discovery-service] [a-EvictionTimer] c.n.e.registry.AbstractInstanceRegistry  : Running the evict task with compensationTime 0ms
2025-03-21T17:01:25.863+05:30  INFO 19935 --- [discovery-service] [a-EvictionTimer] c.n.e.registry.AbstractInstanceRegistry  : Running the evict task with compensationTime 4ms
2025-03-21T17:02:22.094+05:30  INFO 19935 --- [discovery-service] [hresholdUpdater] c.n.e.r.PeerAwareInstanceRegistryImpl    : Current renewal threshold is : 0
2025-03-21T17:02:25.865+05:30  INFO 19935 --- [discovery-service] [a-EvictionTimer] c.n.e.registry.AbstractInstanceRegistry  : Running the evict task with compensationTime 1ms
2025-03-21T17:03:25.873+05:30  INFO 19935 --- [discovery-service] [a-EvictionTimer] c.n.e.registry.AbstractInstanceRegistry  : Running the evict task with compensationTime 7ms
2025-03-21T17:04:25.876+05:30  INFO 19935 --- [discovery-service] [a-EvictionTimer] c.n.e.registry.AbstractInstanceRegistry  : Running the evict task with compensationTime 1ms
2025-03-21T17:05:25.879+05:30  INFO 19935 --- [discovery-service] [a-EvictionTimer] c.n.e.registry.AbstractInstanceRegistry  : Running the evict task with compensationTime 2ms
2025-03-21T17:06:25.884+05:30  INFO 19935 --- [discovery-service] [a-EvictionTimer] c.n.e.registry.AbstractInstanceRegistry  : Running the evict task with compensationTime 4ms
2025-03-21T17:07:25.888+05:30  INFO 19935 --- [discovery-service] [a-EvictionTimer] c.n.e.registry.AbstractInstanceRegistry  : Running the evict task with compensationTime 2ms
2025-03-21T17:08:25.894+05:30  INFO 19935 --- [discovery-service] [a-EvictionTimer] c.n.e.registry.AbstractInstanceRegistry  : Running the evict task with compensationTime 3ms
2025-03-21T17:09:25.903+05:30  INFO 19935 --- [discovery-service] [a-EvictionTimer] c.n.e.registry.AbstractInstanceRegistry  : Running the evict task with compensationTime 7ms
2025-03-21T17:10:25.909+05:30  INFO 19935 --- [discovery-service] [a-EvictionTimer] c.n.e.registry.AbstractInstanceRegistry  : Running the evict task with compensationTime 5ms
2025-03-21T17:11:25.918+05:30  INFO 19935 --- [discovery-service] [a-EvictionTimer] c.n.e.registry.AbstractInstanceRegistry  : Running the evict task with compensationTime 7ms
2025-03-21T17:12:25.926+05:30  INFO 19935 --- [discovery-service] [a-EvictionTimer] c.n.e.registry.AbstractInstanceRegistry  : Running the evict task with compensationTime 7ms
2025-03-21T17:13:25.934+05:30  INFO 19935 --- [discovery-service] [a-EvictionTimer] c.n.e.registry.AbstractInstanceRegistry  : Running the evict task with compensationTime 6ms
2025-03-21T17:14:25.941+05:30  INFO 19935 --- [discovery-service] [a-EvictionTimer] c.n.e.registry.AbstractInstanceRegistry  : Running the evict task with compensationTime 6ms
2025-03-21T17:15:25.947+05:30  INFO 19935 --- [discovery-service] [a-EvictionTimer] c.n.e.registry.AbstractInstanceRegistry  : Running the evict task with compensationTime 5ms
2025-03-21T17:16:25.956+05:30  INFO 19935 --- [discovery-service] [a-EvictionTimer] c.n.e.registry.AbstractInstanceRegistry  : Running the evict task with compensationTime 7ms
2025-03-21T17:17:22.104+05:30  INFO 19935 --- [discovery-service] [hresholdUpdater] c.n.e.r.PeerAwareInstanceRegistryImpl    : Current renewal threshold is : 0
2025-03-21T17:17:25.966+05:30  INFO 19935 --- [discovery-service] [a-EvictionTimer] c.n.e.registry.AbstractInstanceRegistry  : Running the evict task with compensationTime 9ms
2025-03-21T17:18:25.971+05:30  INFO 19935 --- [discovery-service] [a-EvictionTimer] c.n.e.registry.AbstractInstanceRegistry  : Running the evict task with compensationTime 3ms
2025-03-21T17:19:25.976+05:30  INFO 19935 --- [discovery-service] [a-EvictionTimer] c.n.e.registry.AbstractInstanceRegistry  : Running the evict task with compensationTime 4ms
2025-03-21T17:20:25.981+05:30  INFO 19935 --- [discovery-service] [a-EvictionTimer] c.n.e.registry.AbstractInstanceRegistry  : Running the evict task with compensationTime 4ms
2025-03-21T17:21:25.987+05:30  INFO 19935 --- [discovery-service] [a-EvictionTimer] c.n.e.registry.AbstractInstanceRegistry  : Running the evict task with compensationTime 3ms
2025-03-21T17:22:25.988+05:30  INFO 19935 --- [discovery-service] [a-EvictionTimer] c.n.e.registry.AbstractInstanceRegistry  : Running the evict task with compensationTime 4ms
2025-03-21T17:23:25.994+05:30  INFO 19935 --- [discovery-service] [a-EvictionTimer] c.n.e.registry.AbstractInstanceRegistry  : Running the evict task with compensationTime 17ms
2025-03-21T17:24:25.994+05:30  INFO 19935 --- [discovery-service] [a-EvictionTimer] c.n.e.registry.AbstractInstanceRegistry  : Running the evict task with compensationTime 2ms
2025-03-21T17:25:26.022+05:30  INFO 19935 --- [discovery-service] [a-EvictionTimer] c.n.e.registry.AbstractInstanceRegistry  : Running the evict task with compensationTime 6ms
2025-03-21T17:26:26.009+05:30  INFO 19935 --- [discovery-service] [a-EvictionTimer] c.n.e.registry.AbstractInstanceRegistry  : Running the evict task with compensationTime 4ms
2025-03-21T17:27:26.012+05:30  INFO 19935 --- [discovery-service] [a-EvictionTimer] c.n.e.registry.AbstractInstanceRegistry  : Running the evict task with compensationTime 4ms
2025-03-21T17:28:26.017+05:30  INFO 19935 --- [discovery-service] [a-EvictionTimer] c.n.e.registry.AbstractInstanceRegistry  : Running the evict task with compensationTime 4ms
2025-03-21T17:29:26.023+05:30  INFO 19935 --- [discovery-service] [a-EvictionTimer] c.n.e.registry.AbstractInstanceRegistry  : Running the evict task with compensationTime 5ms
2025-03-21T17:30:26.029+05:30  INFO 19935 --- [discovery-service] [a-EvictionTimer] c.n.e.registry.AbstractInstanceRegistry  : Running the evict task with compensationTime 5ms
2025-03-21T17:31:26.034+05:30  INFO 19935 --- [discovery-service] [a-EvictionTimer] c.n.e.registry.AbstractInstanceRegistry  : Running the evict task with compensationTime 2ms
2025-03-21T17:32:22.125+05:30  INFO 19935 --- [discovery-service] [hresholdUpdater] c.n.e.r.PeerAwareInstanceRegistryImpl    : Current renewal threshold is : 0
2025-03-21T17:32:26.037+05:30  INFO 19935 --- [discovery-service] [a-EvictionTimer] c.n.e.registry.AbstractInstanceRegistry  : Running the evict task with compensationTime 3ms
2025-03-21T17:33:26.039+05:30  INFO 19935 --- [discovery-service] [a-EvictionTimer] c.n.e.registry.AbstractInstanceRegistry  : Running the evict task with compensationTime 0ms
2025-03-21T17:34:26.045+05:30  INFO 19935 --- [discovery-service] [a-EvictionTimer] c.n.e.registry.AbstractInstanceRegistry  : Running the evict task with compensationTime 3ms
2025-03-21T17:35:26.045+05:30  INFO 19935 --- [discovery-service] [a-EvictionTimer] c.n.e.registry.AbstractInstanceRegistry  : Running the evict task with compensationTime 1ms
2025-03-21T17:36:26.053+05:30  INFO 19935 --- [discovery-service] [a-EvictionTimer] c.n.e.registry.AbstractInstanceRegistry  : Running the evict task with compensationTime 4ms
2025-03-21T17:37:26.060+05:30  INFO 19935 --- [discovery-service] [a-EvictionTimer] c.n.e.registry.AbstractInstanceRegistry  : Running the evict task with compensationTime 6ms
2025-03-21T17:38:26.069+05:30  INFO 19935 --- [discovery-service] [a-EvictionTimer] c.n.e.registry.AbstractInstanceRegistry  : Running the evict task with compensationTime 0ms
2025-03-21T17:39:26.073+05:30  INFO 19935 --- [discovery-service] [a-EvictionTimer] c.n.e.registry.AbstractInstanceRegistry  : Running the evict task with compensationTime 2ms
2025-03-21T17:40:26.079+05:30  INFO 19935 --- [discovery-service] [a-EvictionTimer] c.n.e.registry.AbstractInstanceRegistry  : Running the evict task with compensationTime 4ms
2025-03-21T17:41:26.082+05:30  INFO 19935 --- [discovery-service] [a-EvictionTimer] c.n.e.registry.AbstractInstanceRegistry  : Running the evict task with compensationTime 3ms
2025-03-21T17:42:26.088+05:30  INFO 19935 --- [discovery-service] [a-EvictionTimer] c.n.e.registry.AbstractInstanceRegistry  : Running the evict task with compensationTime 5ms
2025-03-21T17:43:26.093+05:30  INFO 19935 --- [discovery-service] [a-EvictionTimer] c.n.e.registry.AbstractInstanceRegistry  : Running the evict task with compensationTime 3ms
2025-03-21T17:44:26.096+05:30  INFO 19935 --- [discovery-service] [a-EvictionTimer] c.n.e.registry.AbstractInstanceRegistry  : Running the evict task with compensationTime 2ms
2025-03-21T17:45:26.101+05:30  INFO 19935 --- [discovery-service] [a-EvictionTimer] c.n.e.registry.AbstractInstanceRegistry  : Running the evict task with compensationTime 3ms
2025-03-21T17:46:26.104+05:30  INFO 19935 --- [discovery-service] [a-EvictionTimer] c.n.e.registry.AbstractInstanceRegistry  : Running the evict task with compensationTime 2ms
2025-03-21T17:47:22.143+05:30  INFO 19935 --- [discovery-service] [hresholdUpdater] c.n.e.r.PeerAwareInstanceRegistryImpl    : Current renewal threshold is : 0
2025-03-21T17:47:26.110+05:30  INFO 19935 --- [discovery-service] [a-EvictionTimer] c.n.e.registry.AbstractInstanceRegistry  : Running the evict task with compensationTime 5ms
2025-03-21T17:48:26.113+05:30  INFO 19935 --- [discovery-service] [a-EvictionTimer] c.n.e.registry.AbstractInstanceRegistry  : Running the evict task with compensationTime 1ms
2025-03-21T17:49:26.119+05:30  INFO 19935 --- [discovery-service] [a-EvictionTimer] c.n.e.registry.AbstractInstanceRegistry  : Running the evict task with compensationTime 4ms
2025-03-21T17:50:26.129+05:30  INFO 19935 --- [discovery-service] [a-EvictionTimer] c.n.e.registry.AbstractInstanceRegistry  : Running the evict task with compensationTime 9ms
2025-03-21T17:51:26.135+05:30  INFO 19935 --- [discovery-service] [a-EvictionTimer] c.n.e.registry.AbstractInstanceRegistry  : Running the evict task with compensationTime 5ms
2025-03-21T17:52:26.140+05:30  INFO 19935 --- [discovery-service] [a-EvictionTimer] c.n.e.registry.AbstractInstanceRegistry  : Running the evict task with compensationTime 4ms
2025-03-21T17:53:26.151+05:30  INFO 19935 --- [discovery-service] [a-EvictionTimer] c.n.e.registry.AbstractInstanceRegistry  : Running the evict task with compensationTime 6ms
2025-03-21T17:54:26.171+05:30  INFO 19935 --- [discovery-service] [a-EvictionTimer] c.n.e.registry.AbstractInstanceRegistry  : Running the evict task with compensationTime 16ms
2025-03-21T17:55:26.178+05:30  INFO 19935 --- [discovery-service] [a-EvictionTimer] c.n.e.registry.AbstractInstanceRegistry  : Running the evict task with compensationTime 4ms
2025-03-21T17:56:26.236+05:30  INFO 19935 --- [discovery-service] [a-EvictionTimer] c.n.e.registry.AbstractInstanceRegistry  : Running the evict task with compensationTime 53ms
2025-03-21T17:57:26.237+05:30  INFO 19935 --- [discovery-service] [a-EvictionTimer] c.n.e.registry.AbstractInstanceRegistry  : Running the evict task with compensationTime 5ms
2025-03-21T17:58:26.277+05:30  INFO 19935 --- [discovery-service] [a-EvictionTimer] c.n.e.registry.AbstractInstanceRegistry  : Running the evict task with compensationTime 6ms
2025-03-21T17:59:26.248+05:30  INFO 19935 --- [discovery-service] [a-EvictionTimer] c.n.e.registry.AbstractInstanceRegistry  : Running the evict task with compensationTime 2ms
2025-03-21T18:00:26.252+05:30  INFO 19935 --- [discovery-service] [a-EvictionTimer] c.n.e.registry.AbstractInstanceRegistry  : Running the evict task with compensationTime 4ms
2025-03-21T18:01:26.258+05:30  INFO 19935 --- [discovery-service] [a-EvictionTimer] c.n.e.registry.AbstractInstanceRegistry  : Running the evict task with compensationTime 4ms
2025-03-21T18:02:22.178+05:30  INFO 19935 --- [discovery-service] [hresholdUpdater] c.n.e.r.PeerAwareInstanceRegistryImpl    : Current renewal threshold is : 0
2025-03-21T18:02:26.261+05:30  INFO 19935 --- [discovery-service] [a-EvictionTimer] c.n.e.registry.AbstractInstanceRegistry  : Running the evict task with compensationTime 2ms
2025-03-21T18:03:26.266+05:30  INFO 19935 --- [discovery-service] [a-EvictionTimer] c.n.e.registry.AbstractInstanceRegistry  : Running the evict task with compensationTime 3ms
2025-03-21T18:04:26.270+05:30  INFO 19935 --- [discovery-service] [a-EvictionTimer] c.n.e.registry.AbstractInstanceRegistry  : Running the evict task with compensationTime 2ms
2025-03-21T18:05:26.281+05:30  INFO 19935 --- [discovery-service] [a-EvictionTimer] c.n.e.registry.AbstractInstanceRegistry  : Running the evict task with compensationTime 9ms
2025-03-21T18:06:26.285+05:30  INFO 19935 --- [discovery-service] [a-EvictionTimer] c.n.e.registry.AbstractInstanceRegistry  : Running the evict task with compensationTime 1ms
2025-03-21T18:07:26.289+05:30  INFO 19935 --- [discovery-service] [a-EvictionTimer] c.n.e.registry.AbstractInstanceRegistry  : Running the evict task with compensationTime 4ms
2025-03-21T18:08:26.293+05:30  INFO 19935 --- [discovery-service] [a-EvictionTimer] c.n.e.registry.AbstractInstanceRegistry  : Running the evict task with compensationTime 3ms
2025-03-21T18:09:26.297+05:30  INFO 19935 --- [discovery-service] [a-EvictionTimer] c.n.e.registry.AbstractInstanceRegistry  : Running the evict task with compensationTime 4ms
2025-03-21T18:10:26.298+05:30  INFO 19935 --- [discovery-service] [a-EvictionTimer] c.n.e.registry.AbstractInstanceRegistry  : Running the evict task with compensationTime 0ms
2025-03-21T18:11:26.303+05:30  INFO 19935 --- [discovery-service] [a-EvictionTimer] c.n.e.registry.AbstractInstanceRegistry  : Running the evict task with compensationTime 4ms
2025-03-21T18:12:26.308+05:30  INFO 19935 --- [discovery-service] [a-EvictionTimer] c.n.e.registry.AbstractInstanceRegistry  : Running the evict task with compensationTime 4ms
2025-03-21T18:13:26.312+05:30  INFO 19935 --- [discovery-service] [a-EvictionTimer] c.n.e.registry.AbstractInstanceRegistry  : Running the evict task with compensationTime 2ms
2025-03-21T18:14:26.327+05:30  INFO 19935 --- [discovery-service] [a-EvictionTimer] c.n.e.registry.AbstractInstanceRegistry  : Running the evict task with compensationTime 5ms
2025-03-21T18:15:26.324+05:30  INFO 19935 --- [discovery-service] [a-EvictionTimer] c.n.e.registry.AbstractInstanceRegistry  : Running the evict task with compensationTime 1ms
2025-03-21T18:16:26.328+05:30  INFO 19935 --- [discovery-service] [a-EvictionTimer] c.n.e.registry.AbstractInstanceRegistry  : Running the evict task with compensationTime 6ms
2025-03-21T18:17:22.195+05:30  INFO 19935 --- [discovery-service] [hresholdUpdater] c.n.e.r.PeerAwareInstanceRegistryImpl    : Current renewal threshold is : 0
2025-03-21T18:17:26.334+05:30  INFO 19935 --- [discovery-service] [a-EvictionTimer] c.n.e.registry.AbstractInstanceRegistry  : Running the evict task with compensationTime 5ms
2025-03-21T18:18:26.343+05:30  INFO 19935 --- [discovery-service] [a-EvictionTimer] c.n.e.registry.AbstractInstanceRegistry  : Running the evict task with compensationTime 8ms
2025-03-21T18:19:26.352+05:30  INFO 19935 --- [discovery-service] [a-EvictionTimer] c.n.e.registry.AbstractInstanceRegistry  : Running the evict task with compensationTime 8ms
2025-03-21T18:20:26.360+05:30  INFO 19935 --- [discovery-service] [a-EvictionTimer] c.n.e.registry.AbstractInstanceRegistry  : Running the evict task with compensationTime 7ms
2025-03-21T18:21:26.367+05:30  INFO 19935 --- [discovery-service] [a-EvictionTimer] c.n.e.registry.AbstractInstanceRegistry  : Running the evict task with compensationTime 6ms
2025-03-21T18:22:26.374+05:30  INFO 19935 --- [discovery-service] [a-EvictionTimer] c.n.e.registry.AbstractInstanceRegistry  : Running the evict task with compensationTime 6ms
2025-03-21T18:23:26.383+05:30  INFO 19935 --- [discovery-service] [a-EvictionTimer] c.n.e.registry.AbstractInstanceRegistry  : Running the evict task with compensationTime 8ms
2025-03-21T18:24:26.388+05:30  INFO 19935 --- [discovery-service] [a-EvictionTimer] c.n.e.registry.AbstractInstanceRegistry  : Running the evict task with compensationTime 17ms
2025-03-21T18:25:26.392+05:30  INFO 19935 --- [discovery-service] [a-EvictionTimer] c.n.e.registry.AbstractInstanceRegistry  : Running the evict task with compensationTime 4ms
2025-03-21T18:26:26.400+05:30  INFO 19935 --- [discovery-service] [a-EvictionTimer] c.n.e.registry.AbstractInstanceRegistry  : Running the evict task with compensationTime 7ms
2025-03-21T18:27:26.410+05:30  INFO 19935 --- [discovery-service] [a-EvictionTimer] c.n.e.registry.AbstractInstanceRegistry  : Running the evict task with compensationTime 9ms
2025-03-21T18:28:26.417+05:30  INFO 19935 --- [discovery-service] [a-EvictionTimer] c.n.e.registry.AbstractInstanceRegistry  : Running the evict task with compensationTime 6ms
2025-03-21T18:29:26.423+05:30  INFO 19935 --- [discovery-service] [a-EvictionTimer] c.n.e.registry.AbstractInstanceRegistry  : Running the evict task with compensationTime 4ms
2025-03-21T18:30:26.429+05:30  INFO 19935 --- [discovery-service] [a-EvictionTimer] c.n.e.registry.AbstractInstanceRegistry  : Running the evict task with compensationTime 3ms
2025-03-21T18:31:26.434+05:30  INFO 19935 --- [discovery-service] [a-EvictionTimer] c.n.e.registry.AbstractInstanceRegistry  : Running the evict task with compensationTime 6ms
2025-03-21T18:32:22.185+05:30  INFO 19935 --- [discovery-service] [hresholdUpdater] c.n.e.r.PeerAwareInstanceRegistryImpl    : Current renewal threshold is : 0
2025-03-21T18:32:26.439+05:30  INFO 19935 --- [discovery-service] [a-EvictionTimer] c.n.e.registry.AbstractInstanceRegistry  : Running the evict task with compensationTime 3ms
2025-03-21T18:33:26.448+05:30  INFO 19935 --- [discovery-service] [a-EvictionTimer] c.n.e.registry.AbstractInstanceRegistry  : Running the evict task with compensationTime 8ms
2025-03-21T18:34:26.459+05:30  INFO 19935 --- [discovery-service] [a-EvictionTimer] c.n.e.registry.AbstractInstanceRegistry  : Running the evict task with compensationTime 8ms
2025-03-21T18:35:26.460+05:30  INFO 19935 --- [discovery-service] [a-EvictionTimer] c.n.e.registry.AbstractInstanceRegistry  : Running the evict task with compensationTime 2ms
2025-03-21T18:36:26.470+05:30  INFO 19935 --- [discovery-service] [a-EvictionTimer] c.n.e.registry.AbstractInstanceRegistry  : Running the evict task with compensationTime 9ms
2025-03-21T18:37:26.472+05:30  INFO 19935 --- [discovery-service] [a-EvictionTimer] c.n.e.registry.AbstractInstanceRegistry  : Running the evict task with compensationTime 0ms
2025-03-21T18:38:26.483+05:30  INFO 19935 --- [discovery-service] [a-EvictionTimer] c.n.e.registry.AbstractInstanceRegistry  : Running the evict task with compensationTime 9ms
2025-03-21T18:39:26.490+05:30  INFO 19935 --- [discovery-service] [a-EvictionTimer] c.n.e.registry.AbstractInstanceRegistry  : Running the evict task with compensationTime 6ms
2025-03-21T18:40:26.491+05:30  INFO 19935 --- [discovery-service] [a-EvictionTimer] c.n.e.registry.AbstractInstanceRegistry  : Running the evict task with compensationTime 21ms
2025-03-21T18:41:26.490+05:30  INFO 19935 --- [discovery-service] [a-EvictionTimer] c.n.e.registry.AbstractInstanceRegistry  : Running the evict task with compensationTime 4ms
2025-03-21T18:42:26.494+05:30  INFO 19935 --- [discovery-service] [a-EvictionTimer] c.n.e.registry.AbstractInstanceRegistry  : Running the evict task with compensationTime 2ms
2025-03-21T18:43:26.502+05:30  INFO 19935 --- [discovery-service] [a-EvictionTimer] c.n.e.registry.AbstractInstanceRegistry  : Running the evict task with compensationTime 6ms
2025-03-21T18:44:26.503+05:30  INFO 19935 --- [discovery-service] [a-EvictionTimer] c.n.e.registry.AbstractInstanceRegistry  : Running the evict task with compensationTime 0ms
2025-03-21T18:45:26.505+05:30  INFO 19935 --- [discovery-service] [a-EvictionTimer] c.n.e.registry.AbstractInstanceRegistry  : Running the evict task with compensationTime 4ms
2025-03-21T18:46:26.512+05:30  INFO 19935 --- [discovery-service] [a-EvictionTimer] c.n.e.registry.AbstractInstanceRegistry  : Running the evict task with compensationTime 4ms
2025-03-21T18:47:22.196+05:30  INFO 19935 --- [discovery-service] [hresholdUpdater] c.n.e.r.PeerAwareInstanceRegistryImpl    : Current renewal threshold is : 0
2025-03-21T18:47:26.515+05:30  INFO 19935 --- [discovery-service] [a-EvictionTimer] c.n.e.registry.AbstractInstanceRegistry  : Running the evict task with compensationTime 5ms
2025-03-21T18:48:26.521+05:30  INFO 19935 --- [discovery-service] [a-EvictionTimer] c.n.e.registry.AbstractInstanceRegistry  : Running the evict task with compensationTime 5ms
2025-03-21T18:49:26.527+05:30  INFO 19935 --- [discovery-service] [a-EvictionTimer] c.n.e.registry.AbstractInstanceRegistry  : Running the evict task with compensationTime 4ms
2025-03-21T18:50:26.531+05:30  INFO 19935 --- [discovery-service] [a-EvictionTimer] c.n.e.registry.AbstractInstanceRegistry  : Running the evict task with compensationTime 3ms
2025-03-21T18:51:26.537+05:30  INFO 19935 --- [discovery-service] [a-EvictionTimer] c.n.e.registry.AbstractInstanceRegistry  : Running the evict task with compensationTime 5ms
2025-03-21T18:52:26.539+05:30  INFO 19935 --- [discovery-service] [a-EvictionTimer] c.n.e.registry.AbstractInstanceRegistry  : Running the evict task with compensationTime 2ms
2025-03-21T18:53:26.556+05:30  INFO 19935 --- [discovery-service] [a-EvictionTimer] c.n.e.registry.AbstractInstanceRegistry  : Running the evict task with compensationTime 4ms
2025-03-21T18:54:26.546+05:30  INFO 19935 --- [discovery-service] [a-EvictionTimer] c.n.e.registry.AbstractInstanceRegistry  : Running the evict task with compensationTime 2ms
2025-03-21T18:55:26.552+05:30  INFO 19935 --- [discovery-service] [a-EvictionTimer] c.n.e.registry.AbstractInstanceRegistry  : Running the evict task with compensationTime 5ms
2025-03-21T18:56:26.551+05:30  INFO 19935 --- [discovery-service] [a-EvictionTimer] c.n.e.registry.AbstractInstanceRegistry  : Running the evict task with compensationTime 4ms
2025-03-21T18:57:26.553+05:30  INFO 19935 --- [discovery-service] [a-EvictionTimer] c.n.e.registry.AbstractInstanceRegistry  : Running the evict task with compensationTime 8ms
2025-03-21T18:58:26.557+05:30  INFO 19935 --- [discovery-service] [a-EvictionTimer] c.n.e.registry.AbstractInstanceRegistry  : Running the evict task with compensationTime 3ms
2025-03-21T18:59:26.564+05:30  INFO 19935 --- [discovery-service] [a-EvictionTimer] c.n.e.registry.AbstractInstanceRegistry  : Running the evict task with compensationTime 5ms
2025-03-21T19:00:26.565+05:30  INFO 19935 --- [discovery-service] [a-EvictionTimer] c.n.e.registry.AbstractInstanceRegistry  : Running the evict task with compensationTime 0ms
2025-03-21T19:01:26.565+05:30  INFO 19935 --- [discovery-service] [a-EvictionTimer] c.n.e.registry.AbstractInstanceRegistry  : Running the evict task with compensationTime 1ms
2025-03-21T19:02:22.214+05:30  INFO 19935 --- [discovery-service] [hresholdUpdater] c.n.e.r.PeerAwareInstanceRegistryImpl    : Current renewal threshold is : 0
2025-03-21T19:02:26.569+05:30  INFO 19935 --- [discovery-service] [a-EvictionTimer] c.n.e.registry.AbstractInstanceRegistry  : Running the evict task with compensationTime 5ms
2025-03-21T19:03:26.582+05:30  INFO 19935 --- [discovery-service] [a-EvictionTimer] c.n.e.registry.AbstractInstanceRegistry  : Running the evict task with compensationTime 6ms
2025-03-21T19:04:26.585+05:30  INFO 19935 --- [discovery-service] [a-EvictionTimer] c.n.e.registry.AbstractInstanceRegistry  : Running the evict task with compensationTime 5ms
2025-03-21T19:05:26.586+05:30  INFO 19935 --- [discovery-service] [a-EvictionTimer] c.n.e.registry.AbstractInstanceRegistry  : Running the evict task with compensationTime 4ms
2025-03-21T19:06:26.591+05:30  INFO 19935 --- [discovery-service] [a-EvictionTimer] c.n.e.registry.AbstractInstanceRegistry  : Running the evict task with compensationTime 4ms
2025-03-21T19:07:26.592+05:30  INFO 19935 --- [discovery-service] [a-EvictionTimer] c.n.e.registry.AbstractInstanceRegistry  : Running the evict task with compensationTime 0ms
2025-03-21T19:08:26.595+05:30  INFO 19935 --- [discovery-service] [a-EvictionTimer] c.n.e.registry.AbstractInstanceRegistry  : Running the evict task with compensationTime 3ms
2025-03-21T19:09:27.579+05:30  INFO 19935 --- [discovery-service] [a-EvictionTimer] c.n.e.registry.AbstractInstanceRegistry  : Running the evict task with compensationTime 482ms
